빌드 시작: 2026-02-21 오후 1:36:29
로깅의 세부 정보 표시가 Detailed(으)로 설정되었습니다.     0>프로세스 = "C:\Program Files\dotnet\dotnet.exe"
       MSBuild 실행 파일 경로 = "C:\Program Files\dotnet\sdk\10.0.200-preview.0.26103.119\MSBuild.dll"
       명령줄 인수 = "C:\Program Files\dotnet\sdk\10.0.200-preview.0.26103.119\MSBuild.dll -maxcpucount --verbosity:m -tlp:default=auto --property:NuGetInteractive=true --restoreProperty:NuGetInteractive=true --restoreProperty:EnableDefaultCompileItems=false --restoreProperty:EnableDefaultEmbeddedResourceItems=false --restoreProperty:EnableDefaultNoneItems=false --verbosity:d --nologo e:\2026\infra\Shared\Shared.vbproj -fl -flp:logfile=shared_build.log -consoleloggerparameters:Summary -restore -distributedlogger:Microsoft.DotNet.Cli.Commands.MSBuild.MSBuildLogger,C:\Program Files\dotnet\sdk\10.0.200-preview.0.26103.119\dotnet.dll*Microsoft.DotNet.Cli.Commands.MSBuild.MSBuildForwardingLogger,C:\Program Files\dotnet\sdk\10.0.200-preview.0.26103.119\dotnet.dll"
       현재 디렉터리 = "E:\2026\infra"
       MSBuild 버전 = "18.3.0-release-26103-119+a2bfa4671"
       Windows 레지스트리 키 LongPathsEnabled에 따라 LongPaths 기능이 사용입니다.
       Evaluation 동안 로드된 어셈블리: NuGet.Protocol, Version=7.3.0.0, Culture=neutral, PublicKeyToken=31bf3856ad364e35(위치: C:\Program Files\dotnet\sdk\10.0.200-preview.0.26103.119\NuGet.Protocol.dll, MVID: 276d0f00-63c4-4029-be62-2f9a662f3022, AssemblyLoadContext: Default)
       Evaluation 동안 로드된 어셈블리: NuGet.Configuration, Version=7.3.0.0, Culture=neutral, PublicKeyToken=31bf3856ad364e35(위치: C:\Program Files\dotnet\sdk\10.0.200-preview.0.26103.119\NuGet.Configuration.dll, MVID: ac4b87a1-1747-4a6b-bebb-592d9de62c4a, AssemblyLoadContext: Default)
       Evaluation 동안 로드된 어셈블리: NuGet.Credentials, Version=7.3.0.0, Culture=neutral, PublicKeyToken=31bf3856ad364e35(위치: C:\Program Files\dotnet\sdk\10.0.200-preview.0.26103.119\NuGet.Credentials.dll, MVID: 3c8abc61-7fa5-43a1-ba16-239d4f273162, AssemblyLoadContext: Default)
       SDK "Microsoft.NET.Sdk"이(가) "DefaultSdkResolver" 확인자에 의해 "C:\Program Files\dotnet\sdk\10.0.200-preview.0.26103.119\Sdks\Microsoft.NET.Sdk\Sdk" 위치 및 "" 버전으로 확인되었습니다.
       Evaluation 동안 로드된 어셈블리: System.ServiceProcess.ServiceController, Version=10.0.0.2, Culture=neutral, PublicKeyToken=b03f5f7f11d50a3a(위치: C:\Program Files\dotnet\sdk\10.0.200-preview.0.26103.119\runtimes\win\lib\net10.0\System.ServiceProcess.ServiceController.dll, MVID: 9c9a2913-ee1a-49f9-85aa-3e38b32b63a6, AssemblyLoadContext: Default)
       C:\Program Files\dotnet\sdk\10.0.200-preview.0.26103.119\Sdks\Microsoft.NET.Sdk\Sdk\Sdk.props(49,11): message : 환경에서 값이 'MSBuildExtensionsPath'인 속성 'C:\Program Files\dotnet\sdk\10.0.200-preview.0.26103.119\'이(가) 확장되었습니다.
       Evaluation 동안 로드된 어셈블리: System.Security.Principal.Windows, Version=10.0.0.0, Culture=neutral, PublicKeyToken=b03f5f7f11d50a3a(위치: C:\Program Files\dotnet\shared\Microsoft.NETCore.App\10.0.2\System.Security.Principal.Windows.dll, MVID: f5cdaa09-6ef8-4556-8762-278c26bba160, AssemblyLoadContext: Default)
       Evaluation 동안 로드된 어셈블리: System.Security.Claims, Version=10.0.0.0, Culture=neutral, PublicKeyToken=b03f5f7f11d50a3a(위치: C:\Program Files\dotnet\shared\Microsoft.NETCore.App\10.0.2\System.Security.Claims.dll, MVID: d5ae1ecc-620a-441a-91ec-5e7275c327a5, AssemblyLoadContext: Default)
       C:\Program Files\dotnet\sdk\10.0.200-preview.0.26103.119\Current\Microsoft.Common.props(60,5): message : 속성 재할당: $(MSBuildProjectExtensionsPath)=C:\Program Files\dotnet\sdk\10.0.200-preview.0.26103.119\Current\Microsoft.Common.props (60,5)의 "e:\2026\infra\Shared\obj\"(이전 값: "obj\")
       C:\Program Files\dotnet\sdk\10.0.200-preview.0.26103.119\Current\Microsoft.Common.props(84,119): message : 환경에서 값이 'MSBuildUserExtensionsPath'인 속성 'C:\Users\haoru\AppData\Local\Microsoft\MSBuild'이(가) 확장되었습니다.
       Evaluation 동안 로드된 어셈블리: System.Threading.Tasks.Parallel, Version=10.0.0.0, Culture=neutral, PublicKeyToken=b03f5f7f11d50a3a(위치: C:\Program Files\dotnet\shared\Microsoft.NETCore.App\10.0.2\System.Threading.Tasks.Parallel.dll, MVID: c827d93a-622c-403f-b635-e7389c8accaa, AssemblyLoadContext: Default)
       C:\Program Files\dotnet\sdk\10.0.200-preview.0.26103.119\Sdks\Microsoft.NET.Sdk\targets\Microsoft.NET.Sdk.props(90,5): message : 속성 재할당: $(AssemblySearchPaths)=C:\Program Files\dotnet\sdk\10.0.200-preview.0.26103.119\Sdks\Microsoft.NET.Sdk\targets\Microsoft.NET.Sdk.props (90,5)의 "{CandidateAssemblyFiles};{HintPathFromItem}"(이전 값: "{CandidateAssemblyFiles}")
       C:\Program Files\dotnet\sdk\10.0.200-preview.0.26103.119\Sdks\Microsoft.NET.Sdk\targets\Microsoft.NET.Sdk.props(91,5): message : 속성 재할당: $(AssemblySearchPaths)=C:\Program Files\dotnet\sdk\10.0.200-preview.0.26103.119\Sdks\Microsoft.NET.Sdk\targets\Microsoft.NET.Sdk.props (91,5)의 "{CandidateAssemblyFiles};{HintPathFromItem};{TargetFrameworkDirectory}"(이전 값: "{CandidateAssemblyFiles};{HintPathFromItem}")
       C:\Program Files\dotnet\sdk\10.0.200-preview.0.26103.119\Sdks\Microsoft.NET.Sdk\targets\Microsoft.NET.Sdk.props(92,5): message : 속성 재할당: $(AssemblySearchPaths)=C:\Program Files\dotnet\sdk\10.0.200-preview.0.26103.119\Sdks\Microsoft.NET.Sdk\targets\Microsoft.NET.Sdk.props (92,5)의 "{CandidateAssemblyFiles};{HintPathFromItem};{TargetFrameworkDirectory};{RawFileName}"(이전 값: "{CandidateAssemblyFiles};{HintPathFromItem};{TargetFrameworkDirectory}")
       "DefaultSdkResolver" 확인자가 SDK "Microsoft.NET.SDK.WorkloadAutoImportPropsLocator"을(를) 확인하려고 했습니다.
       경고: null
       오류: MSB4276: 디렉터리 "Microsoft.NET.SDK.WorkloadAutoImportPropsLocator"이(가) 없으므로 기본 SDK 확인자가 SDK "C:\Program Files\dotnet\sdk\10.0.200-preview.0.26103.119\Sdks\Microsoft.NET.SDK.WorkloadAutoImportPropsLocator\Sdk"을(를) 확인하지 못했습니다.
       Evaluation 동안 로드된 어셈블리: Microsoft.Build.NuGetSdkResolver, Version=7.3.0.0, Culture=neutral, PublicKeyToken=31bf3856ad364e35(위치: C:\Program Files\dotnet\sdk\10.0.200-preview.0.26103.119\Microsoft.Build.NuGetSdkResolver.dll, MVID: c75afbd9-b807-4f30-91ef-54d995dd4581, AssemblyLoadContext: MSBuild plugin C:\Program Files\dotnet\sdk\10.0.200-preview.0.26103.119\Microsoft.Build.NuGetSdkResolver.dll)
       Evaluation 동안 로드된 어셈블리: NuGet.Common, Version=7.3.0.0, Culture=neutral, PublicKeyToken=31bf3856ad364e35(위치: C:\Program Files\dotnet\sdk\10.0.200-preview.0.26103.119\NuGet.Common.dll, MVID: 3bc17f63-ea68-4d0b-8912-70a8afe877d8, AssemblyLoadContext: MSBuild plugin C:\Program Files\dotnet\sdk\10.0.200-preview.0.26103.119\Microsoft.Build.NuGetSdkResolver.dll)
       Evaluation 동안 로드된 어셈블리: Microsoft.NET.Sdk.WorkloadMSBuildSdkResolver, Version=10.0.200.0, Culture=neutral, PublicKeyToken=31bf3856ad364e35(위치: C:\Program Files\dotnet\sdk\10.0.200-preview.0.26103.119\Microsoft.NET.Sdk.WorkloadMSBuildSdkResolver.dll, MVID: e84beebb-a2c9-47ab-8995-f8aa4fcc01c5, AssemblyLoadContext: MSBuild plugin C:\Program Files\dotnet\sdk\10.0.200-preview.0.26103.119\Microsoft.NET.Sdk.WorkloadMSBuildSdkResolver.dll)
       Evaluation 동안 로드된 어셈블리: Microsoft.DotNet.Cli.Utils, Version=10.0.200.0, Culture=neutral, PublicKeyToken=adb9793829ddae60(위치: C:\Program Files\dotnet\sdk\10.0.200-preview.0.26103.119\Microsoft.DotNet.Cli.Utils.dll, MVID: 6b7a997d-4c1b-4010-9b3c-eac5aad57a16, AssemblyLoadContext: MSBuild plugin C:\Program Files\dotnet\sdk\10.0.200-preview.0.26103.119\Microsoft.NET.Sdk.WorkloadMSBuildSdkResolver.dll)
       Evaluation 동안 로드된 어셈블리: Microsoft.NET.Sdk.WorkloadManifestReader, Version=10.0.200.0, Culture=neutral, PublicKeyToken=adb9793829ddae60(위치: C:\Program Files\dotnet\sdk\10.0.200-preview.0.26103.119\Microsoft.NET.Sdk.WorkloadManifestReader.dll, MVID: d472cbb3-285d-4314-a862-d339bdf85fe3, AssemblyLoadContext: MSBuild plugin C:\Program Files\dotnet\sdk\10.0.200-preview.0.26103.119\Microsoft.NET.Sdk.WorkloadMSBuildSdkResolver.dll)
       Evaluation 동안 로드된 어셈블리: Microsoft.Deployment.DotNet.Releases, Version=2.0.0.0, Culture=neutral, PublicKeyToken=31bf3856ad364e35(위치: C:\Program Files\dotnet\sdk\10.0.200-preview.0.26103.119\Microsoft.Deployment.DotNet.Releases.dll, MVID: 80b7d375-dc3e-433d-9d6a-803f8910de16, AssemblyLoadContext: MSBuild plugin C:\Program Files\dotnet\sdk\10.0.200-preview.0.26103.119\Microsoft.NET.Sdk.WorkloadMSBuildSdkResolver.dll)
       SDK "Microsoft.NET.SDK.WorkloadAutoImportPropsLocator"이(가) "Microsoft.DotNet.MSBuildWorkloadSdkResolver" 확인자에 의해 "null" 위치 및 "null" 버전으로 확인되었습니다.
       e:\2026\infra\Shared\Shared.vbproj(4,5): message : 속성 재할당: $(Platforms)=e:\2026\infra\Shared\Shared.vbproj (4,5)의 "AnyCPU;x64"(이전 값: "AnyCPU")
       C:\Program Files\dotnet\sdk\10.0.200-preview.0.26103.119\Sdks\Microsoft.NET.Sdk\targets\Microsoft.NET.Sdk.ImportPublishProfile.targets(28,5): message : 속성 재할당: $(PublishProfileImported)=C:\Program Files\dotnet\sdk\10.0.200-preview.0.26103.119\Sdks\Microsoft.NET.Sdk\targets\Microsoft.NET.Sdk.ImportPublishProfile.targets (28,5)의 "false"(이전 값: "true")
       Evaluation 동안 로드된 어셈블리: NuGet.Frameworks, Version=7.3.0.0, Culture=neutral, PublicKeyToken=31bf3856ad364e35(위치: C:\Program Files\dotnet\sdk\10.0.200-preview.0.26103.119\NuGet.Frameworks.dll, MVID: c1641cc8-c077-4b73-ab8e-f1dfbd43c8d9, AssemblyLoadContext: Assembly.LoadFile(C:\Program Files\dotnet\sdk\10.0.200-preview.0.26103.119\NuGet.Frameworks.dll))
       C:\Program Files\dotnet\sdk\10.0.200-preview.0.26103.119\Sdks\Microsoft.NET.Sdk\targets\Microsoft.NET.TargetFrameworkInference.targets(81,5): message : 속성 재할당: $(TargetPlatformVersion)=C:\Program Files\dotnet\sdk\10.0.200-preview.0.26103.119\Sdks\Microsoft.NET.Sdk\targets\Microsoft.NET.TargetFrameworkInference.targets (81,5)의 ""(이전 값: "0.0")
       C:\Program Files\dotnet\sdk\10.0.200-preview.0.26103.119\Sdks\Microsoft.NET.Sdk\targets\Microsoft.NET.DefaultOutputPaths.targets(127,5): message : 속성 재할당: $(DefaultItemExcludes)=C:\Program Files\dotnet\sdk\10.0.200-preview.0.26103.119\Sdks\Microsoft.NET.Sdk\targets\Microsoft.NET.DefaultOutputPaths.targets (127,5)의 ";bin\Debug\/**;obj\Debug\/**"(이전 값: ";bin\Debug\/**")
       C:\Program Files\dotnet\sdk\10.0.200-preview.0.26103.119\Sdks\Microsoft.NET.Sdk\targets\Microsoft.NET.DefaultOutputPaths.targets(142,5): message : 속성 재할당: $(OutputPath)=C:\Program Files\dotnet\sdk\10.0.200-preview.0.26103.119\Sdks\Microsoft.NET.Sdk\targets\Microsoft.NET.DefaultOutputPaths.targets (142,5)의 "bin\Debug\net481\"(이전 값: "bin\Debug\")
       C:\Program Files\dotnet\sdk\10.0.200-preview.0.26103.119\Sdks\Microsoft.NET.Sdk\targets\Microsoft.NET.DefaultOutputPaths.targets(147,5): message : 속성 재할당: $(IntermediateOutputPath)=C:\Program Files\dotnet\sdk\10.0.200-preview.0.26103.119\Sdks\Microsoft.NET.Sdk\targets\Microsoft.NET.DefaultOutputPaths.targets (147,5)의 "obj\Debug\net481\"(이전 값: "obj\Debug\")
       "DefaultSdkResolver" 확인자가 SDK "Microsoft.NET.SDK.WorkloadManifestTargetsLocator"을(를) 확인하려고 했습니다.
       경고: null
       오류: MSB4276: 디렉터리 "Microsoft.NET.SDK.WorkloadManifestTargetsLocator"이(가) 없으므로 기본 SDK 확인자가 SDK "C:\Program Files\dotnet\sdk\10.0.200-preview.0.26103.119\Sdks\Microsoft.NET.SDK.WorkloadManifestTargetsLocator\Sdk"을(를) 확인하지 못했습니다.
       SDK "Microsoft.NET.SDK.WorkloadManifestTargetsLocator"이(가) "Microsoft.DotNet.MSBuildWorkloadSdkResolver" 확인자에 의해 "C:\Program Files\dotnet\sdk-manifests\10.0.100\microsoft.net.sdk.android\36.1.30" 위치 및 "null" 버전으로 확인되었습니다.
       C:\Program Files\dotnet\sdk\10.0.200-preview.0.26103.119\Sdks\Microsoft.NET.Sdk\targets\Microsoft.NET.Sdk.BeforeCommon.targets(379,5): message : 속성 재할당: $(RoslynTargetsPath)=C:\Program Files\dotnet\sdk\10.0.200-preview.0.26103.119\Sdks\Microsoft.NET.Sdk\targets\Microsoft.NET.Sdk.BeforeCommon.targets (379,5)의 "C:\Program Files\dotnet\sdk\10.0.200-preview.0.26103.119\Sdks\Microsoft.NET.Sdk\targets\..\..\..\Roslyn"(이전 값: "C:\Program Files\dotnet\sdk\10.0.200-preview.0.26103.119\Roslyn")
       C:\Program Files\dotnet\sdk\10.0.200-preview.0.26103.119\Microsoft.VisualBasic.CurrentVersion.targets(140,9): message : 속성 재할당: $(FinalDefineConstants)=C:\Program Files\dotnet\sdk\10.0.200-preview.0.26103.119\Microsoft.VisualBasic.CurrentVersion.targets (140,9)의 "CONFIG="Debug",DEBUG=-1"(이전 값: "CONFIG="Debug"")
       C:\Program Files\dotnet\sdk\10.0.200-preview.0.26103.119\Microsoft.VisualBasic.CurrentVersion.targets(141,9): message : 속성 재할당: $(FinalDefineConstants)=C:\Program Files\dotnet\sdk\10.0.200-preview.0.26103.119\Microsoft.VisualBasic.CurrentVersion.targets (141,9)의 "CONFIG="Debug",DEBUG=-1,TRACE=-1"(이전 값: "CONFIG="Debug",DEBUG=-1")
       C:\Program Files\dotnet\sdk\10.0.200-preview.0.26103.119\Microsoft.VisualBasic.CurrentVersion.targets(143,9): message : 속성 재할당: $(FinalDefineConstants)=C:\Program Files\dotnet\sdk\10.0.200-preview.0.26103.119\Microsoft.VisualBasic.CurrentVersion.targets (143,9)의 "CONFIG="Debug",DEBUG=-1,TRACE=-1,PLATFORM="AnyCPU""(이전 값: "CONFIG="Debug",DEBUG=-1,TRACE=-1")
       C:\Program Files\dotnet\sdk\10.0.200-preview.0.26103.119\Roslyn\Microsoft.Managed.Core.targets(6,5): message : 속성 재할당: $(_BuildTasksDirectory)=C:\Program Files\dotnet\sdk\10.0.200-preview.0.26103.119\Roslyn\Microsoft.Managed.Core.targets (6,5)의 "C:\Program Files\dotnet\sdk\10.0.200-preview.0.26103.119\Sdks\Microsoft.NET.Sdk\targets\..\..\..\Roslyn\"(이전 값: "C:\Program Files\dotnet\sdk\10.0.200-preview.0.26103.119\Roslyn\")
       C:\Program Files\dotnet\sdk\10.0.200-preview.0.26103.119\Roslyn\Microsoft.VisualBasic.Core.targets(170,5): message : 속성 재할당: $(CommandLineArgsForDesignTimeEvaluation)=C:\Program Files\dotnet\sdk\10.0.200-preview.0.26103.119\Roslyn\Microsoft.VisualBasic.Core.targets (170,5)의 "-langversion: -define:CONFIG="Debug",DEBUG=-1,TRACE=-1,PLATFORM="AnyCPU""(이전 값: "-langversion:")
       C:\Program Files\dotnet\sdk\10.0.200-preview.0.26103.119\Microsoft.NETFramework.CurrentVersion.props(117,5): message : 속성 재할당: $(AvailablePlatforms)=C:\Program Files\dotnet\sdk\10.0.200-preview.0.26103.119\Microsoft.NETFramework.CurrentVersion.props (117,5)의 "Any CPU,x86,x64,ARM64"(이전 값: "Any CPU,x86,x64")
       Evaluation 동안 로드된 어셈블리: Microsoft.Build.Utilities.Core, Version=15.1.0.0, Culture=neutral, PublicKeyToken=b03f5f7f11d50a3a(위치: C:\Program Files\dotnet\sdk\10.0.200-preview.0.26103.119\Microsoft.Build.Utilities.Core.dll, MVID: b124212b-7945-448f-888e-099886f1b70e, AssemblyLoadContext: Default)
       C:\Program Files\dotnet\sdk\10.0.200-preview.0.26103.119\Microsoft.Common.CurrentVersion.targets(89,5): message : 속성 재할당: $(TargetPlatformIdentifier)=C:\Program Files\dotnet\sdk\10.0.200-preview.0.26103.119\Microsoft.Common.CurrentVersion.targets (89,5)의 "Windows"(이전 값: "")
       C:\Program Files\dotnet\sdk\10.0.200-preview.0.26103.119\Microsoft.Common.CurrentVersion.targets(90,5): message : 속성 재할당: $(TargetPlatformVersion)=C:\Program Files\dotnet\sdk\10.0.200-preview.0.26103.119\Microsoft.Common.CurrentVersion.targets (90,5)의 "7.0"(이전 값: "")
       C:\Program Files\dotnet\sdk\10.0.200-preview.0.26103.119\Microsoft.Common.CurrentVersion.targets(175,5): message : 속성 재할당: $(_DebugSymbolsProduced)=C:\Program Files\dotnet\sdk\10.0.200-preview.0.26103.119\Microsoft.Common.CurrentVersion.targets (175,5)의 "true"(이전 값: "false")
       C:\Program Files\dotnet\sdk\10.0.200-preview.0.26103.119\Microsoft.Common.CurrentVersion.targets(185,5): message : 속성 재할당: $(_DocumentationFileProduced)=C:\Program Files\dotnet\sdk\10.0.200-preview.0.26103.119\Microsoft.Common.CurrentVersion.targets (185,5)의 "false"(이전 값: "true")
       C:\Program Files\dotnet\sdk\10.0.200-preview.0.26103.119\Microsoft.Common.CurrentVersion.targets(393,5): message : 속성 재할당: $(MSBuildCopyMarkerName)=C:\Program Files\dotnet\sdk\10.0.200-preview.0.26103.119\Microsoft.Common.CurrentVersion.targets (393,5)의 "Shared.vbproj.Up2Date"(이전 값: "Shared.vbproj")
       C:\Program Files\dotnet\sdk\10.0.200-preview.0.26103.119\Microsoft.Common.CurrentVersion.targets(541,5): message : 속성 재할당: $(ProcessorArchitecture)=C:\Program Files\dotnet\sdk\10.0.200-preview.0.26103.119\Microsoft.Common.CurrentVersion.targets (541,5)의 "msil"(이전 값: "")
       C:\Program Files\dotnet\sdk\10.0.200-preview.0.26103.119\Microsoft.Common.CurrentVersion.targets(580,5): message : 속성 재할당: $(DelaySign)=C:\Program Files\dotnet\sdk\10.0.200-preview.0.26103.119\Microsoft.Common.CurrentVersion.targets (580,5)의 ""(이전 값: "false")
       C:\Program Files\dotnet\sdk\10.0.200-preview.0.26103.119\Microsoft.Common.CurrentVersion.targets(2620,5): message : 환경에서 값이 'LOCALAPPDATA'인 속성 'C:\Users\haoru\AppData\Local'이(가) 확장되었습니다.
       C:\Program Files\dotnet\sdk\10.0.200-preview.0.26103.119\Microsoft.Common.CurrentVersion.targets(3948,5): message : 속성 재할당: $(_SGenGenerateSerializationAssembliesConfig)=C:\Program Files\dotnet\sdk\10.0.200-preview.0.26103.119\Microsoft.Common.CurrentVersion.targets (3948,5)의 "Auto"(이전 값: "")
       C:\Program Files\dotnet\sdk\10.0.200-preview.0.26103.119\Microsoft.Common.CurrentVersion.targets(3949,5): message : 속성 재할당: $(_SGenGenerateSerializationAssembliesConfig)=C:\Program Files\dotnet\sdk\10.0.200-preview.0.26103.119\Microsoft.Common.CurrentVersion.targets (3949,5)의 "Off"(이전 값: "Auto")
       C:\Program Files\dotnet\sdk\10.0.200-preview.0.26103.119\Microsoft.Common.CurrentVersion.targets(5160,5): message : 속성 재할당: $(_TargetsThatPrepareProjectReferences)=C:\Program Files\dotnet\sdk\10.0.200-preview.0.26103.119\Microsoft.Common.CurrentVersion.targets (5160,5)의 "
       C:\Program Files\dotnet\sdk\10.0.200-preview.0.26103.119\Microsoft.Common.CurrentVersion.targets(5160,5): message :       AssignProjectConfiguration;
       C:\Program Files\dotnet\sdk\10.0.200-preview.0.26103.119\Microsoft.Common.CurrentVersion.targets(5160,5): message :       _SplitProjectReferencesByFileExistence
       C:\Program Files\dotnet\sdk\10.0.200-preview.0.26103.119\Microsoft.Common.CurrentVersion.targets(5160,5): message :     "(이전 값: "_SplitProjectReferencesByFileExistence")
       C:\Program Files\dotnet\sdk\10.0.200-preview.0.26103.119\Microsoft.Common.CurrentVersion.targets(6973,5): message : 환경에서 값이 'MSBuildExtensionsPath32'인 속성 'C:\Program Files\dotnet\sdk\10.0.200-preview.0.26103.119'이(가) 확장되었습니다.
       C:\Program Files\dotnet\sdk\10.0.200-preview.0.26103.119\Microsoft.NETFramework.CurrentVersion.targets(74,5): message : 속성 재할당: $(ResolveReferencesDependsOn)=C:\Program Files\dotnet\sdk\10.0.200-preview.0.26103.119\Microsoft.NETFramework.CurrentVersion.targets (74,5)의 "
       C:\Program Files\dotnet\sdk\10.0.200-preview.0.26103.119\Microsoft.NETFramework.CurrentVersion.targets(74,5): message :       
       C:\Program Files\dotnet\sdk\10.0.200-preview.0.26103.119\Microsoft.NETFramework.CurrentVersion.targets(74,5): message :       BeforeResolveReferences;
       C:\Program Files\dotnet\sdk\10.0.200-preview.0.26103.119\Microsoft.NETFramework.CurrentVersion.targets(74,5): message :       AssignProjectConfiguration;
       C:\Program Files\dotnet\sdk\10.0.200-preview.0.26103.119\Microsoft.NETFramework.CurrentVersion.targets(74,5): message :       ResolveProjectReferences;
       C:\Program Files\dotnet\sdk\10.0.200-preview.0.26103.119\Microsoft.NETFramework.CurrentVersion.targets(74,5): message :       FindInvalidProjectReferences;
       C:\Program Files\dotnet\sdk\10.0.200-preview.0.26103.119\Microsoft.NETFramework.CurrentVersion.targets(74,5): message :       ResolveNativeReferences;
       C:\Program Files\dotnet\sdk\10.0.200-preview.0.26103.119\Microsoft.NETFramework.CurrentVersion.targets(74,5): message :       ResolveAssemblyReferences;
       C:\Program Files\dotnet\sdk\10.0.200-preview.0.26103.119\Microsoft.NETFramework.CurrentVersion.targets(74,5): message :       GenerateBindingRedirects;
       C:\Program Files\dotnet\sdk\10.0.200-preview.0.26103.119\Microsoft.NETFramework.CurrentVersion.targets(74,5): message :       GenerateBindingRedirectsUpdateAppConfig;
       C:\Program Files\dotnet\sdk\10.0.200-preview.0.26103.119\Microsoft.NETFramework.CurrentVersion.targets(74,5): message :       ResolveComReferences;
       C:\Program Files\dotnet\sdk\10.0.200-preview.0.26103.119\Microsoft.NETFramework.CurrentVersion.targets(74,5): message :       AfterResolveReferences
       C:\Program Files\dotnet\sdk\10.0.200-preview.0.26103.119\Microsoft.NETFramework.CurrentVersion.targets(74,5): message :     ;
       C:\Program Files\dotnet\sdk\10.0.200-preview.0.26103.119\Microsoft.NETFramework.CurrentVersion.targets(74,5): message :       ImplicitlyExpandDesignTimeFacades
       C:\Program Files\dotnet\sdk\10.0.200-preview.0.26103.119\Microsoft.NETFramework.CurrentVersion.targets(74,5): message :     "(이전 값: "
       C:\Program Files\dotnet\sdk\10.0.200-preview.0.26103.119\Microsoft.NETFramework.CurrentVersion.targets(74,5): message :       BeforeResolveReferences;
       C:\Program Files\dotnet\sdk\10.0.200-preview.0.26103.119\Microsoft.NETFramework.CurrentVersion.targets(74,5): message :       AssignProjectConfiguration;
       C:\Program Files\dotnet\sdk\10.0.200-preview.0.26103.119\Microsoft.NETFramework.CurrentVersion.targets(74,5): message :       ResolveProjectReferences;
       C:\Program Files\dotnet\sdk\10.0.200-preview.0.26103.119\Microsoft.NETFramework.CurrentVersion.targets(74,5): message :       FindInvalidProjectReferences;
       C:\Program Files\dotnet\sdk\10.0.200-preview.0.26103.119\Microsoft.NETFramework.CurrentVersion.targets(74,5): message :       ResolveNativeReferences;
       C:\Program Files\dotnet\sdk\10.0.200-preview.0.26103.119\Microsoft.NETFramework.CurrentVersion.targets(74,5): message :       ResolveAssemblyReferences;
       C:\Program Files\dotnet\sdk\10.0.200-preview.0.26103.119\Microsoft.NETFramework.CurrentVersion.targets(74,5): message :       GenerateBindingRedirects;
       C:\Program Files\dotnet\sdk\10.0.200-preview.0.26103.119\Microsoft.NETFramework.CurrentVersion.targets(74,5): message :       GenerateBindingRedirectsUpdateAppConfig;
       C:\Program Files\dotnet\sdk\10.0.200-preview.0.26103.119\Microsoft.NETFramework.CurrentVersion.targets(74,5): message :       ResolveComReferences;
       C:\Program Files\dotnet\sdk\10.0.200-preview.0.26103.119\Microsoft.NETFramework.CurrentVersion.targets(74,5): message :       AfterResolveReferences
       C:\Program Files\dotnet\sdk\10.0.200-preview.0.26103.119\Microsoft.NETFramework.CurrentVersion.targets(74,5): message :     ")
       "NuGetInteractive" 속성은 전역 속성이므로 수정할 수 없습니다.
       C:\Program Files\dotnet\sdk\10.0.200-preview.0.26103.119\Sdks\Microsoft.NET.Sdk\targets\Microsoft.PackageDependencyResolution.targets(24,5): message : 속성 재할당: $(ProjectAssetsFile)=C:\Program Files\dotnet\sdk\10.0.200-preview.0.26103.119\Sdks\Microsoft.NET.Sdk\targets\Microsoft.PackageDependencyResolution.targets (24,5)의 "e:\2026\infra\Shared\obj\project.assets.json"(이전 값: "e:\2026\infra\Shared\obj\/project.assets.json")
       C:\Program Files\dotnet\sdk\10.0.200-preview.0.26103.119\Sdks\Microsoft.NET.Sdk\targets\Microsoft.PackageDependencyResolution.targets(29,5): message : 속성 재할당: $(ProjectAssetsCacheFile)=C:\Program Files\dotnet\sdk\10.0.200-preview.0.26103.119\Sdks\Microsoft.NET.Sdk\targets\Microsoft.PackageDependencyResolution.targets (29,5)의 "e:\2026\infra\Shared\obj\Debug\net481\Shared.assets.cache"(이전 값: "obj\Debug\net481\Shared.assets.cache")
       C:\Program Files\dotnet\sdk\10.0.200-preview.0.26103.119\Sdks\Microsoft.NET.Sdk\targets\Microsoft.PackageDependencyResolution.targets(80,5): message : 속성 재할당: $(ResolveAssemblyReferencesDependsOn)=C:\Program Files\dotnet\sdk\10.0.200-preview.0.26103.119\Sdks\Microsoft.NET.Sdk\targets\Microsoft.PackageDependencyResolution.targets (80,5)의 "
       C:\Program Files\dotnet\sdk\10.0.200-preview.0.26103.119\Sdks\Microsoft.NET.Sdk\targets\Microsoft.PackageDependencyResolution.targets(80,5): message :       
       C:\Program Files\dotnet\sdk\10.0.200-preview.0.26103.119\Sdks\Microsoft.NET.Sdk\targets\Microsoft.PackageDependencyResolution.targets(80,5): message :       ResolveProjectReferences;
       C:\Program Files\dotnet\sdk\10.0.200-preview.0.26103.119\Sdks\Microsoft.NET.Sdk\targets\Microsoft.PackageDependencyResolution.targets(80,5): message :       FindInvalidProjectReferences;
       C:\Program Files\dotnet\sdk\10.0.200-preview.0.26103.119\Sdks\Microsoft.NET.Sdk\targets\Microsoft.PackageDependencyResolution.targets(80,5): message :       GetFrameworkPaths;
       C:\Program Files\dotnet\sdk\10.0.200-preview.0.26103.119\Sdks\Microsoft.NET.Sdk\targets\Microsoft.PackageDependencyResolution.targets(80,5): message :       GetReferenceAssemblyPaths;
       C:\Program Files\dotnet\sdk\10.0.200-preview.0.26103.119\Sdks\Microsoft.NET.Sdk\targets\Microsoft.PackageDependencyResolution.targets(80,5): message :       PrepareForBuild;
       C:\Program Files\dotnet\sdk\10.0.200-preview.0.26103.119\Sdks\Microsoft.NET.Sdk\targets\Microsoft.PackageDependencyResolution.targets(80,5): message :       ResolveSDKReferences;
       C:\Program Files\dotnet\sdk\10.0.200-preview.0.26103.119\Sdks\Microsoft.NET.Sdk\targets\Microsoft.PackageDependencyResolution.targets(80,5): message :       ExpandSDKReferences;
       C:\Program Files\dotnet\sdk\10.0.200-preview.0.26103.119\Sdks\Microsoft.NET.Sdk\targets\Microsoft.PackageDependencyResolution.targets(80,5): message :     ;
       C:\Program Files\dotnet\sdk\10.0.200-preview.0.26103.119\Sdks\Microsoft.NET.Sdk\targets\Microsoft.PackageDependencyResolution.targets(80,5): message :       ResolvePackageDependenciesForBuild;
       C:\Program Files\dotnet\sdk\10.0.200-preview.0.26103.119\Sdks\Microsoft.NET.Sdk\targets\Microsoft.PackageDependencyResolution.targets(80,5): message :       _HandlePackageFileConflicts;
       C:\Program Files\dotnet\sdk\10.0.200-preview.0.26103.119\Sdks\Microsoft.NET.Sdk\targets\Microsoft.PackageDependencyResolution.targets(80,5): message :     "(이전 값: "
       C:\Program Files\dotnet\sdk\10.0.200-preview.0.26103.119\Sdks\Microsoft.NET.Sdk\targets\Microsoft.PackageDependencyResolution.targets(80,5): message :       ResolveProjectReferences;
       C:\Program Files\dotnet\sdk\10.0.200-preview.0.26103.119\Sdks\Microsoft.NET.Sdk\targets\Microsoft.PackageDependencyResolution.targets(80,5): message :       FindInvalidProjectReferences;
       C:\Program Files\dotnet\sdk\10.0.200-preview.0.26103.119\Sdks\Microsoft.NET.Sdk\targets\Microsoft.PackageDependencyResolution.targets(80,5): message :       GetFrameworkPaths;
       C:\Program Files\dotnet\sdk\10.0.200-preview.0.26103.119\Sdks\Microsoft.NET.Sdk\targets\Microsoft.PackageDependencyResolution.targets(80,5): message :       GetReferenceAssemblyPaths;
       C:\Program Files\dotnet\sdk\10.0.200-preview.0.26103.119\Sdks\Microsoft.NET.Sdk\targets\Microsoft.PackageDependencyResolution.targets(80,5): message :       PrepareForBuild;
       C:\Program Files\dotnet\sdk\10.0.200-preview.0.26103.119\Sdks\Microsoft.NET.Sdk\targets\Microsoft.PackageDependencyResolution.targets(80,5): message :       ResolveSDKReferences;
       C:\Program Files\dotnet\sdk\10.0.200-preview.0.26103.119\Sdks\Microsoft.NET.Sdk\targets\Microsoft.PackageDependencyResolution.targets(80,5): message :       ExpandSDKReferences;
       C:\Program Files\dotnet\sdk\10.0.200-preview.0.26103.119\Sdks\Microsoft.NET.Sdk\targets\Microsoft.PackageDependencyResolution.targets(80,5): message :     ")
       C:\Program Files\dotnet\sdk\10.0.200-preview.0.26103.119\Sdks\Microsoft.NET.Sdk\targets\Microsoft.PackageDependencyResolution.targets(86,5): message : 속성 재할당: $(PrepareResourcesDependsOn)=C:\Program Files\dotnet\sdk\10.0.200-preview.0.26103.119\Sdks\Microsoft.NET.Sdk\targets\Microsoft.PackageDependencyResolution.targets (86,5)의 "
       C:\Program Files\dotnet\sdk\10.0.200-preview.0.26103.119\Sdks\Microsoft.NET.Sdk\targets\Microsoft.PackageDependencyResolution.targets(86,5): message :       ResolvePackageDependenciesForBuild;
       C:\Program Files\dotnet\sdk\10.0.200-preview.0.26103.119\Sdks\Microsoft.NET.Sdk\targets\Microsoft.PackageDependencyResolution.targets(86,5): message :       _HandlePackageFileConflicts;
       C:\Program Files\dotnet\sdk\10.0.200-preview.0.26103.119\Sdks\Microsoft.NET.Sdk\targets\Microsoft.PackageDependencyResolution.targets(86,5): message :       
       C:\Program Files\dotnet\sdk\10.0.200-preview.0.26103.119\Sdks\Microsoft.NET.Sdk\targets\Microsoft.PackageDependencyResolution.targets(86,5): message :       ;
       C:\Program Files\dotnet\sdk\10.0.200-preview.0.26103.119\Sdks\Microsoft.NET.Sdk\targets\Microsoft.PackageDependencyResolution.targets(86,5): message :       PrepareResourceNames;
       C:\Program Files\dotnet\sdk\10.0.200-preview.0.26103.119\Sdks\Microsoft.NET.Sdk\targets\Microsoft.PackageDependencyResolution.targets(86,5): message :       ResGen;
       C:\Program Files\dotnet\sdk\10.0.200-preview.0.26103.119\Sdks\Microsoft.NET.Sdk\targets\Microsoft.PackageDependencyResolution.targets(86,5): message :       CompileLicxFiles
       C:\Program Files\dotnet\sdk\10.0.200-preview.0.26103.119\Sdks\Microsoft.NET.Sdk\targets\Microsoft.PackageDependencyResolution.targets(86,5): message :     
       C:\Program Files\dotnet\sdk\10.0.200-preview.0.26103.119\Sdks\Microsoft.NET.Sdk\targets\Microsoft.PackageDependencyResolution.targets(86,5): message :     "(이전 값: "
       C:\Program Files\dotnet\sdk\10.0.200-preview.0.26103.119\Sdks\Microsoft.NET.Sdk\targets\Microsoft.PackageDependencyResolution.targets(86,5): message :       ;
       C:\Program Files\dotnet\sdk\10.0.200-preview.0.26103.119\Sdks\Microsoft.NET.Sdk\targets\Microsoft.PackageDependencyResolution.targets(86,5): message :       PrepareResourceNames;
       C:\Program Files\dotnet\sdk\10.0.200-preview.0.26103.119\Sdks\Microsoft.NET.Sdk\targets\Microsoft.PackageDependencyResolution.targets(86,5): message :       ResGen;
       C:\Program Files\dotnet\sdk\10.0.200-preview.0.26103.119\Sdks\Microsoft.NET.Sdk\targets\Microsoft.PackageDependencyResolution.targets(86,5): message :       CompileLicxFiles
       C:\Program Files\dotnet\sdk\10.0.200-preview.0.26103.119\Sdks\Microsoft.NET.Sdk\targets\Microsoft.PackageDependencyResolution.targets(86,5): message :     ")
       "EnableDefaultCompileItems" 속성은 전역 속성이므로 수정할 수 없습니다.
       "EnableDefaultEmbeddedResourceItems" 속성은 전역 속성이므로 수정할 수 없습니다.
       "EnableDefaultNoneItems" 속성은 전역 속성이므로 수정할 수 없습니다.
       C:\Program Files\dotnet\sdk\10.0.200-preview.0.26103.119\Sdks\Microsoft.NET.Sdk\targets\Microsoft.NET.Sdk.DefaultItems.targets(35,5): message : 속성 재할당: $(DefaultItemExcludes)=C:\Program Files\dotnet\sdk\10.0.200-preview.0.26103.119\Sdks\Microsoft.NET.Sdk\targets\Microsoft.NET.Sdk.DefaultItems.targets (35,5)의 ";bin\Debug\/**;obj\Debug\/**;bin\/**"(이전 값: ";bin\Debug\/**;obj\Debug\/**")
       C:\Program Files\dotnet\sdk\10.0.200-preview.0.26103.119\Sdks\Microsoft.NET.Sdk\targets\Microsoft.NET.Sdk.DefaultItems.targets(37,5): message : 속성 재할당: $(DefaultItemExcludes)=C:\Program Files\dotnet\sdk\10.0.200-preview.0.26103.119\Sdks\Microsoft.NET.Sdk\targets\Microsoft.NET.Sdk.DefaultItems.targets (37,5)의 ";bin\Debug\/**;obj\Debug\/**;bin\/**;obj\/**"(이전 값: ";bin\Debug\/**;obj\Debug\/**;bin\/**")
       C:\Program Files\dotnet\sdk\10.0.200-preview.0.26103.119\Sdks\Microsoft.NET.Sdk\targets\Microsoft.NET.Sdk.DefaultItems.targets(41,5): message : 속성 재할당: $(DefaultItemExcludes)=C:\Program Files\dotnet\sdk\10.0.200-preview.0.26103.119\Sdks\Microsoft.NET.Sdk\targets\Microsoft.NET.Sdk.DefaultItems.targets (41,5)의 ";bin\Debug\/**;obj\Debug\/**;bin\/**;obj\/**;bin\Debug\net481\publish\/**"(이전 값: ";bin\Debug\/**;obj\Debug\/**;bin\/**;obj\/**")
       C:\Program Files\dotnet\sdk\10.0.200-preview.0.26103.119\Sdks\Microsoft.NET.Sdk\targets\Microsoft.NET.Sdk.DefaultItems.targets(44,5): message : 속성 재할당: $(DefaultItemExcludes)=C:\Program Files\dotnet\sdk\10.0.200-preview.0.26103.119\Sdks\Microsoft.NET.Sdk\targets\Microsoft.NET.Sdk.DefaultItems.targets (44,5)의 ";bin\Debug\/**;obj\Debug\/**;bin\/**;obj\/**;bin\Debug\net481\publish\/**;**/*.user"(이전 값: ";bin\Debug\/**;obj\Debug\/**;bin\/**;obj\/**;bin\Debug\net481\publish\/**")
       C:\Program Files\dotnet\sdk\10.0.200-preview.0.26103.119\Sdks\Microsoft.NET.Sdk\targets\Microsoft.NET.Sdk.DefaultItems.targets(45,5): message : 속성 재할당: $(DefaultItemExcludes)=C:\Program Files\dotnet\sdk\10.0.200-preview.0.26103.119\Sdks\Microsoft.NET.Sdk\targets\Microsoft.NET.Sdk.DefaultItems.targets (45,5)의 ";bin\Debug\/**;obj\Debug\/**;bin\/**;obj\/**;bin\Debug\net481\publish\/**;**/*.user;**/*.*proj"(이전 값: ";bin\Debug\/**;obj\Debug\/**;bin\/**;obj\/**;bin\Debug\net481\publish\/**;**/*.user")
       C:\Program Files\dotnet\sdk\10.0.200-preview.0.26103.119\Sdks\Microsoft.NET.Sdk\targets\Microsoft.NET.Sdk.DefaultItems.targets(46,5): message : 속성 재할당: $(DefaultItemExcludes)=C:\Program Files\dotnet\sdk\10.0.200-preview.0.26103.119\Sdks\Microsoft.NET.Sdk\targets\Microsoft.NET.Sdk.DefaultItems.targets (46,5)의 ";bin\Debug\/**;obj\Debug\/**;bin\/**;obj\/**;bin\Debug\net481\publish\/**;**/*.user;**/*.*proj;**/*.sln"(이전 값: ";bin\Debug\/**;obj\Debug\/**;bin\/**;obj\/**;bin\Debug\net481\publish\/**;**/*.user;**/*.*proj")
       C:\Program Files\dotnet\sdk\10.0.200-preview.0.26103.119\Sdks\Microsoft.NET.Sdk\targets\Microsoft.NET.Sdk.DefaultItems.targets(47,5): message : 속성 재할당: $(DefaultItemExcludes)=C:\Program Files\dotnet\sdk\10.0.200-preview.0.26103.119\Sdks\Microsoft.NET.Sdk\targets\Microsoft.NET.Sdk.DefaultItems.targets (47,5)의 ";bin\Debug\/**;obj\Debug\/**;bin\/**;obj\/**;bin\Debug\net481\publish\/**;**/*.user;**/*.*proj;**/*.sln;**/*.slnx"(이전 값: ";bin\Debug\/**;obj\Debug\/**;bin\/**;obj\/**;bin\Debug\net481\publish\/**;**/*.user;**/*.*proj;**/*.sln")
       C:\Program Files\dotnet\sdk\10.0.200-preview.0.26103.119\Sdks\Microsoft.NET.Sdk\targets\Microsoft.NET.Sdk.DefaultItems.targets(48,5): message : 속성 재할당: $(DefaultItemExcludes)=C:\Program Files\dotnet\sdk\10.0.200-preview.0.26103.119\Sdks\Microsoft.NET.Sdk\targets\Microsoft.NET.Sdk.DefaultItems.targets (48,5)의 ";bin\Debug\/**;obj\Debug\/**;bin\/**;obj\/**;bin\Debug\net481\publish\/**;**/*.user;**/*.*proj;**/*.sln;**/*.slnx;**/*.vssscc"(이전 값: ";bin\Debug\/**;obj\Debug\/**;bin\/**;obj\/**;bin\Debug\net481\publish\/**;**/*.user;**/*.*proj;**/*.sln;**/*.slnx")
       C:\Program Files\dotnet\sdk\10.0.200-preview.0.26103.119\Sdks\Microsoft.NET.Sdk\targets\Microsoft.NET.Sdk.DefaultItems.targets(49,5): message : 속성 재할당: $(DefaultItemExcludes)=C:\Program Files\dotnet\sdk\10.0.200-preview.0.26103.119\Sdks\Microsoft.NET.Sdk\targets\Microsoft.NET.Sdk.DefaultItems.targets (49,5)의 ";bin\Debug\/**;obj\Debug\/**;bin\/**;obj\/**;bin\Debug\net481\publish\/**;**/*.user;**/*.*proj;**/*.sln;**/*.slnx;**/*.vssscc;**/.DS_Store"(이전 값: ";bin\Debug\/**;obj\Debug\/**;bin\/**;obj\/**;bin\Debug\net481\publish\/**;**/*.user;**/*.*proj;**/*.sln;**/*.slnx;**/*.vssscc")
       C:\Program Files\dotnet\sdk\10.0.200-preview.0.26103.119\Sdks\Microsoft.NET.Sdk\targets\Microsoft.NET.Sdk.FrameworkReferenceResolution.targets(14,5): message : 속성 재할당: $(ResolveAssemblyReferencesDependsOn)=C:\Program Files\dotnet\sdk\10.0.200-preview.0.26103.119\Sdks\Microsoft.NET.Sdk\targets\Microsoft.NET.Sdk.FrameworkReferenceResolution.targets (14,5)의 "
       C:\Program Files\dotnet\sdk\10.0.200-preview.0.26103.119\Sdks\Microsoft.NET.Sdk\targets\Microsoft.NET.Sdk.FrameworkReferenceResolution.targets(14,5): message :       
       C:\Program Files\dotnet\sdk\10.0.200-preview.0.26103.119\Sdks\Microsoft.NET.Sdk\targets\Microsoft.NET.Sdk.FrameworkReferenceResolution.targets(14,5): message :       
       C:\Program Files\dotnet\sdk\10.0.200-preview.0.26103.119\Sdks\Microsoft.NET.Sdk\targets\Microsoft.NET.Sdk.FrameworkReferenceResolution.targets(14,5): message :       ResolveProjectReferences;
       C:\Program Files\dotnet\sdk\10.0.200-preview.0.26103.119\Sdks\Microsoft.NET.Sdk\targets\Microsoft.NET.Sdk.FrameworkReferenceResolution.targets(14,5): message :       FindInvalidProjectReferences;
       C:\Program Files\dotnet\sdk\10.0.200-preview.0.26103.119\Sdks\Microsoft.NET.Sdk\targets\Microsoft.NET.Sdk.FrameworkReferenceResolution.targets(14,5): message :       GetFrameworkPaths;
       C:\Program Files\dotnet\sdk\10.0.200-preview.0.26103.119\Sdks\Microsoft.NET.Sdk\targets\Microsoft.NET.Sdk.FrameworkReferenceResolution.targets(14,5): message :       GetReferenceAssemblyPaths;
       C:\Program Files\dotnet\sdk\10.0.200-preview.0.26103.119\Sdks\Microsoft.NET.Sdk\targets\Microsoft.NET.Sdk.FrameworkReferenceResolution.targets(14,5): message :       PrepareForBuild;
       C:\Program Files\dotnet\sdk\10.0.200-preview.0.26103.119\Sdks\Microsoft.NET.Sdk\targets\Microsoft.NET.Sdk.FrameworkReferenceResolution.targets(14,5): message :       ResolveSDKReferences;
       C:\Program Files\dotnet\sdk\10.0.200-preview.0.26103.119\Sdks\Microsoft.NET.Sdk\targets\Microsoft.NET.Sdk.FrameworkReferenceResolution.targets(14,5): message :       ExpandSDKReferences;
       C:\Program Files\dotnet\sdk\10.0.200-preview.0.26103.119\Sdks\Microsoft.NET.Sdk\targets\Microsoft.NET.Sdk.FrameworkReferenceResolution.targets(14,5): message :     ;
       C:\Program Files\dotnet\sdk\10.0.200-preview.0.26103.119\Sdks\Microsoft.NET.Sdk\targets\Microsoft.NET.Sdk.FrameworkReferenceResolution.targets(14,5): message :       ResolvePackageDependenciesForBuild;
       C:\Program Files\dotnet\sdk\10.0.200-preview.0.26103.119\Sdks\Microsoft.NET.Sdk\targets\Microsoft.NET.Sdk.FrameworkReferenceResolution.targets(14,5): message :       _HandlePackageFileConflicts;
       C:\Program Files\dotnet\sdk\10.0.200-preview.0.26103.119\Sdks\Microsoft.NET.Sdk\targets\Microsoft.NET.Sdk.FrameworkReferenceResolution.targets(14,5): message :     ;
       C:\Program Files\dotnet\sdk\10.0.200-preview.0.26103.119\Sdks\Microsoft.NET.Sdk\targets\Microsoft.NET.Sdk.FrameworkReferenceResolution.targets(14,5): message :       ResolveTargetingPackAssets;
       C:\Program Files\dotnet\sdk\10.0.200-preview.0.26103.119\Sdks\Microsoft.NET.Sdk\targets\Microsoft.NET.Sdk.FrameworkReferenceResolution.targets(14,5): message :     "(이전 값: "
       C:\Program Files\dotnet\sdk\10.0.200-preview.0.26103.119\Sdks\Microsoft.NET.Sdk\targets\Microsoft.NET.Sdk.FrameworkReferenceResolution.targets(14,5): message :       
       C:\Program Files\dotnet\sdk\10.0.200-preview.0.26103.119\Sdks\Microsoft.NET.Sdk\targets\Microsoft.NET.Sdk.FrameworkReferenceResolution.targets(14,5): message :       ResolveProjectReferences;
       C:\Program Files\dotnet\sdk\10.0.200-preview.0.26103.119\Sdks\Microsoft.NET.Sdk\targets\Microsoft.NET.Sdk.FrameworkReferenceResolution.targets(14,5): message :       FindInvalidProjectReferences;
       C:\Program Files\dotnet\sdk\10.0.200-preview.0.26103.119\Sdks\Microsoft.NET.Sdk\targets\Microsoft.NET.Sdk.FrameworkReferenceResolution.targets(14,5): message :       GetFrameworkPaths;
       C:\Program Files\dotnet\sdk\10.0.200-preview.0.26103.119\Sdks\Microsoft.NET.Sdk\targets\Microsoft.NET.Sdk.FrameworkReferenceResolution.targets(14,5): message :       GetReferenceAssemblyPaths;
       C:\Program Files\dotnet\sdk\10.0.200-preview.0.26103.119\Sdks\Microsoft.NET.Sdk\targets\Microsoft.NET.Sdk.FrameworkReferenceResolution.targets(14,5): message :       PrepareForBuild;
       C:\Program Files\dotnet\sdk\10.0.200-preview.0.26103.119\Sdks\Microsoft.NET.Sdk\targets\Microsoft.NET.Sdk.FrameworkReferenceResolution.targets(14,5): message :       ResolveSDKReferences;
       C:\Program Files\dotnet\sdk\10.0.200-preview.0.26103.119\Sdks\Microsoft.NET.Sdk\targets\Microsoft.NET.Sdk.FrameworkReferenceResolution.targets(14,5): message :       ExpandSDKReferences;
       C:\Program Files\dotnet\sdk\10.0.200-preview.0.26103.119\Sdks\Microsoft.NET.Sdk\targets\Microsoft.NET.Sdk.FrameworkReferenceResolution.targets(14,5): message :     ;
       C:\Program Files\dotnet\sdk\10.0.200-preview.0.26103.119\Sdks\Microsoft.NET.Sdk\targets\Microsoft.NET.Sdk.FrameworkReferenceResolution.targets(14,5): message :       ResolvePackageDependenciesForBuild;
       C:\Program Files\dotnet\sdk\10.0.200-preview.0.26103.119\Sdks\Microsoft.NET.Sdk\targets\Microsoft.NET.Sdk.FrameworkReferenceResolution.targets(14,5): message :       _HandlePackageFileConflicts;
       C:\Program Files\dotnet\sdk\10.0.200-preview.0.26103.119\Sdks\Microsoft.NET.Sdk\targets\Microsoft.NET.Sdk.FrameworkReferenceResolution.targets(14,5): message :     ")
       C:\Program Files\dotnet\sdk\10.0.200-preview.0.26103.119\Sdks\Microsoft.NET.Sdk\targets\Microsoft.NET.Sdk.targets(44,5): message : 속성 재할당: $(_GenerateRuntimeConfigurationPropertyInputsCache)=C:\Program Files\dotnet\sdk\10.0.200-preview.0.26103.119\Sdks\Microsoft.NET.Sdk\targets\Microsoft.NET.Sdk.targets (44,5)의 "e:\2026\infra\Shared\obj\Debug\net481\Shared.genruntimeconfig.cache"(이전 값: "obj\Debug\net481\Shared.genruntimeconfig.cache")
       C:\Program Files\dotnet\sdk\10.0.200-preview.0.26103.119\Sdks\Microsoft.NET.Sdk\targets\Microsoft.NET.Sdk.targets(46,5): message : 속성 재할당: $(_GeneratePublishDependencyFilePropertyInputsCache)=C:\Program Files\dotnet\sdk\10.0.200-preview.0.26103.119\Sdks\Microsoft.NET.Sdk\targets\Microsoft.NET.Sdk.targets (46,5)의 "e:\2026\infra\Shared\obj\Debug\net481\Shared.genpublishdeps.cache"(이전 값: "obj\Debug\net481\Shared.genpublishdeps.cache")
       C:\Program Files\dotnet\sdk\10.0.200-preview.0.26103.119\Sdks\Microsoft.NET.Sdk\targets\Microsoft.NET.Sdk.targets(48,5): message : 속성 재할당: $(_GenerateSingleFileBundlePropertyInputsCache)=C:\Program Files\dotnet\sdk\10.0.200-preview.0.26103.119\Sdks\Microsoft.NET.Sdk\targets\Microsoft.NET.Sdk.targets (48,5)의 "e:\2026\infra\Shared\obj\Debug\net481\Shared.genbundle.cache"(이전 값: "obj\Debug\net481\Shared.genbundle.cache")
       C:\Program Files\dotnet\sdk\10.0.200-preview.0.26103.119\Sdks\Microsoft.NET.Sdk\targets\Microsoft.NET.Sdk.targets(98,5): message : 환경에서 값이 'USERPROFILE'인 속성 'C:\Users\haoru'이(가) 확장되었습니다.
       C:\Program Files\dotnet\sdk\10.0.200-preview.0.26103.119\Sdks\Microsoft.NET.Sdk\targets\Microsoft.NET.Sdk.targets(98,5): message : 속성 재할당: $(_DefaultUserProfileRuntimeStorePath)=C:\Program Files\dotnet\sdk\10.0.200-preview.0.26103.119\Sdks\Microsoft.NET.Sdk\targets\Microsoft.NET.Sdk.targets (98,5)의 "C:\Users\haoru"(이전 값: "")
       C:\Program Files\dotnet\sdk\10.0.200-preview.0.26103.119\Sdks\Microsoft.NET.Sdk\targets\Microsoft.NET.Sdk.targets(99,5): message : 속성 재할당: $(_DefaultUserProfileRuntimeStorePath)=C:\Program Files\dotnet\sdk\10.0.200-preview.0.26103.119\Sdks\Microsoft.NET.Sdk\targets\Microsoft.NET.Sdk.targets (99,5)의 "C:\Users\haoru\.dotnet\store"(이전 값: "C:\Users\haoru")
       C:\Program Files\dotnet\sdk\10.0.200-preview.0.26103.119\Sdks\Microsoft.NET.Sdk\targets\Microsoft.NET.Sdk.targets(152,5): message : 속성 재할당: $(AvailablePlatforms)=C:\Program Files\dotnet\sdk\10.0.200-preview.0.26103.119\Sdks\Microsoft.NET.Sdk\targets\Microsoft.NET.Sdk.targets (152,5)의 "Any CPU,x86,x64,ARM64,ARM64"(이전 값: "Any CPU,x86,x64,ARM64")
       C:\Program Files\dotnet\sdk\10.0.200-preview.0.26103.119\Sdks\Microsoft.NET.Sdk\targets\Microsoft.NET.Sdk.targets(204,5): message : 속성 재할당: $(CoreBuildDependsOn)=C:\Program Files\dotnet\sdk\10.0.200-preview.0.26103.119\Sdks\Microsoft.NET.Sdk\targets\Microsoft.NET.Sdk.targets (204,5)의 "
       C:\Program Files\dotnet\sdk\10.0.200-preview.0.26103.119\Sdks\Microsoft.NET.Sdk\targets\Microsoft.NET.Sdk.targets(204,5): message :       _CheckForBuildWithNoBuild;
       C:\Program Files\dotnet\sdk\10.0.200-preview.0.26103.119\Sdks\Microsoft.NET.Sdk\targets\Microsoft.NET.Sdk.targets(204,5): message :       
       C:\Program Files\dotnet\sdk\10.0.200-preview.0.26103.119\Sdks\Microsoft.NET.Sdk\targets\Microsoft.NET.Sdk.targets(204,5): message :       BuildOnlySettings;
       C:\Program Files\dotnet\sdk\10.0.200-preview.0.26103.119\Sdks\Microsoft.NET.Sdk\targets\Microsoft.NET.Sdk.targets(204,5): message :       PrepareForBuild;
       C:\Program Files\dotnet\sdk\10.0.200-preview.0.26103.119\Sdks\Microsoft.NET.Sdk\targets\Microsoft.NET.Sdk.targets(204,5): message :       PreBuildEvent;
       C:\Program Files\dotnet\sdk\10.0.200-preview.0.26103.119\Sdks\Microsoft.NET.Sdk\targets\Microsoft.NET.Sdk.targets(204,5): message :       ResolveReferences;
       C:\Program Files\dotnet\sdk\10.0.200-preview.0.26103.119\Sdks\Microsoft.NET.Sdk\targets\Microsoft.NET.Sdk.targets(204,5): message :       PrepareResources;
       C:\Program Files\dotnet\sdk\10.0.200-preview.0.26103.119\Sdks\Microsoft.NET.Sdk\targets\Microsoft.NET.Sdk.targets(204,5): message :       ResolveKeySource;
       C:\Program Files\dotnet\sdk\10.0.200-preview.0.26103.119\Sdks\Microsoft.NET.Sdk\targets\Microsoft.NET.Sdk.targets(204,5): message :       Compile;
       C:\Program Files\dotnet\sdk\10.0.200-preview.0.26103.119\Sdks\Microsoft.NET.Sdk\targets\Microsoft.NET.Sdk.targets(204,5): message :       ExportWindowsMDFile;
       C:\Program Files\dotnet\sdk\10.0.200-preview.0.26103.119\Sdks\Microsoft.NET.Sdk\targets\Microsoft.NET.Sdk.targets(204,5): message :       UnmanagedUnregistration;
       C:\Program Files\dotnet\sdk\10.0.200-preview.0.26103.119\Sdks\Microsoft.NET.Sdk\targets\Microsoft.NET.Sdk.targets(204,5): message :       GenerateSerializationAssemblies;
       C:\Program Files\dotnet\sdk\10.0.200-preview.0.26103.119\Sdks\Microsoft.NET.Sdk\targets\Microsoft.NET.Sdk.targets(204,5): message :       CreateSatelliteAssemblies;
       C:\Program Files\dotnet\sdk\10.0.200-preview.0.26103.119\Sdks\Microsoft.NET.Sdk\targets\Microsoft.NET.Sdk.targets(204,5): message :       GenerateManifests;
       C:\Program Files\dotnet\sdk\10.0.200-preview.0.26103.119\Sdks\Microsoft.NET.Sdk\targets\Microsoft.NET.Sdk.targets(204,5): message :       GetTargetPath;
       C:\Program Files\dotnet\sdk\10.0.200-preview.0.26103.119\Sdks\Microsoft.NET.Sdk\targets\Microsoft.NET.Sdk.targets(204,5): message :       PrepareForRun;
       C:\Program Files\dotnet\sdk\10.0.200-preview.0.26103.119\Sdks\Microsoft.NET.Sdk\targets\Microsoft.NET.Sdk.targets(204,5): message :       UnmanagedRegistration;
       C:\Program Files\dotnet\sdk\10.0.200-preview.0.26103.119\Sdks\Microsoft.NET.Sdk\targets\Microsoft.NET.Sdk.targets(204,5): message :       IncrementalClean;
       C:\Program Files\dotnet\sdk\10.0.200-preview.0.26103.119\Sdks\Microsoft.NET.Sdk\targets\Microsoft.NET.Sdk.targets(204,5): message :       PostBuildEvent
       C:\Program Files\dotnet\sdk\10.0.200-preview.0.26103.119\Sdks\Microsoft.NET.Sdk\targets\Microsoft.NET.Sdk.targets(204,5): message :     ;
       C:\Program Files\dotnet\sdk\10.0.200-preview.0.26103.119\Sdks\Microsoft.NET.Sdk\targets\Microsoft.NET.Sdk.targets(204,5): message :       GenerateBuildDependencyFile;
       C:\Program Files\dotnet\sdk\10.0.200-preview.0.26103.119\Sdks\Microsoft.NET.Sdk\targets\Microsoft.NET.Sdk.targets(204,5): message :       GenerateBuildRuntimeConfigurationFiles
       C:\Program Files\dotnet\sdk\10.0.200-preview.0.26103.119\Sdks\Microsoft.NET.Sdk\targets\Microsoft.NET.Sdk.targets(204,5): message :     "(이전 값: "
       C:\Program Files\dotnet\sdk\10.0.200-preview.0.26103.119\Sdks\Microsoft.NET.Sdk\targets\Microsoft.NET.Sdk.targets(204,5): message :       BuildOnlySettings;
       C:\Program Files\dotnet\sdk\10.0.200-preview.0.26103.119\Sdks\Microsoft.NET.Sdk\targets\Microsoft.NET.Sdk.targets(204,5): message :       PrepareForBuild;
       C:\Program Files\dotnet\sdk\10.0.200-preview.0.26103.119\Sdks\Microsoft.NET.Sdk\targets\Microsoft.NET.Sdk.targets(204,5): message :       PreBuildEvent;
       C:\Program Files\dotnet\sdk\10.0.200-preview.0.26103.119\Sdks\Microsoft.NET.Sdk\targets\Microsoft.NET.Sdk.targets(204,5): message :       ResolveReferences;
       C:\Program Files\dotnet\sdk\10.0.200-preview.0.26103.119\Sdks\Microsoft.NET.Sdk\targets\Microsoft.NET.Sdk.targets(204,5): message :       PrepareResources;
       C:\Program Files\dotnet\sdk\10.0.200-preview.0.26103.119\Sdks\Microsoft.NET.Sdk\targets\Microsoft.NET.Sdk.targets(204,5): message :       ResolveKeySource;
       C:\Program Files\dotnet\sdk\10.0.200-preview.0.26103.119\Sdks\Microsoft.NET.Sdk\targets\Microsoft.NET.Sdk.targets(204,5): message :       Compile;
       C:\Program Files\dotnet\sdk\10.0.200-preview.0.26103.119\Sdks\Microsoft.NET.Sdk\targets\Microsoft.NET.Sdk.targets(204,5): message :       ExportWindowsMDFile;
       C:\Program Files\dotnet\sdk\10.0.200-preview.0.26103.119\Sdks\Microsoft.NET.Sdk\targets\Microsoft.NET.Sdk.targets(204,5): message :       UnmanagedUnregistration;
       C:\Program Files\dotnet\sdk\10.0.200-preview.0.26103.119\Sdks\Microsoft.NET.Sdk\targets\Microsoft.NET.Sdk.targets(204,5): message :       GenerateSerializationAssemblies;
       C:\Program Files\dotnet\sdk\10.0.200-preview.0.26103.119\Sdks\Microsoft.NET.Sdk\targets\Microsoft.NET.Sdk.targets(204,5): message :       CreateSatelliteAssemblies;
       C:\Program Files\dotnet\sdk\10.0.200-preview.0.26103.119\Sdks\Microsoft.NET.Sdk\targets\Microsoft.NET.Sdk.targets(204,5): message :       GenerateManifests;
       C:\Program Files\dotnet\sdk\10.0.200-preview.0.26103.119\Sdks\Microsoft.NET.Sdk\targets\Microsoft.NET.Sdk.targets(204,5): message :       GetTargetPath;
       C:\Program Files\dotnet\sdk\10.0.200-preview.0.26103.119\Sdks\Microsoft.NET.Sdk\targets\Microsoft.NET.Sdk.targets(204,5): message :       PrepareForRun;
       C:\Program Files\dotnet\sdk\10.0.200-preview.0.26103.119\Sdks\Microsoft.NET.Sdk\targets\Microsoft.NET.Sdk.targets(204,5): message :       UnmanagedRegistration;
       C:\Program Files\dotnet\sdk\10.0.200-preview.0.26103.119\Sdks\Microsoft.NET.Sdk\targets\Microsoft.NET.Sdk.targets(204,5): message :       IncrementalClean;
       C:\Program Files\dotnet\sdk\10.0.200-preview.0.26103.119\Sdks\Microsoft.NET.Sdk\targets\Microsoft.NET.Sdk.targets(204,5): message :       PostBuildEvent
       C:\Program Files\dotnet\sdk\10.0.200-preview.0.26103.119\Sdks\Microsoft.NET.Sdk\targets\Microsoft.NET.Sdk.targets(204,5): message :     ")
       C:\Program Files\dotnet\sdk\10.0.200-preview.0.26103.119\Sdks\Microsoft.NET.Sdk\targets\Microsoft.NET.Sdk.targets(213,5): message : 속성 재할당: $(CoreCleanDependsOn)=C:\Program Files\dotnet\sdk\10.0.200-preview.0.26103.119\Sdks\Microsoft.NET.Sdk\targets\Microsoft.NET.Sdk.targets (213,5)의 "
       C:\Program Files\dotnet\sdk\10.0.200-preview.0.26103.119\Sdks\Microsoft.NET.Sdk\targets\Microsoft.NET.Sdk.targets(213,5): message :       _SdkBeforeClean;
       C:\Program Files\dotnet\sdk\10.0.200-preview.0.26103.119\Sdks\Microsoft.NET.Sdk\targets\Microsoft.NET.Sdk.targets(213,5): message :       
       C:\Program Files\dotnet\sdk\10.0.200-preview.0.26103.119\Sdks\Microsoft.NET.Sdk\targets\Microsoft.NET.Sdk.targets(213,5): message :     "(이전 값: "")
       C:\Program Files\dotnet\sdk\10.0.200-preview.0.26103.119\Sdks\Microsoft.NET.Sdk\targets\Microsoft.NET.Sdk.targets(220,5): message : 속성 재할당: $(RebuildDependsOn)=C:\Program Files\dotnet\sdk\10.0.200-preview.0.26103.119\Sdks\Microsoft.NET.Sdk\targets\Microsoft.NET.Sdk.targets (220,5)의 "
       C:\Program Files\dotnet\sdk\10.0.200-preview.0.26103.119\Sdks\Microsoft.NET.Sdk\targets\Microsoft.NET.Sdk.targets(220,5): message :       _SdkBeforeRebuild;
       C:\Program Files\dotnet\sdk\10.0.200-preview.0.26103.119\Sdks\Microsoft.NET.Sdk\targets\Microsoft.NET.Sdk.targets(220,5): message :       
       C:\Program Files\dotnet\sdk\10.0.200-preview.0.26103.119\Sdks\Microsoft.NET.Sdk\targets\Microsoft.NET.Sdk.targets(220,5): message :       BeforeRebuild;
       C:\Program Files\dotnet\sdk\10.0.200-preview.0.26103.119\Sdks\Microsoft.NET.Sdk\targets\Microsoft.NET.Sdk.targets(220,5): message :       Clean;
       C:\Program Files\dotnet\sdk\10.0.200-preview.0.26103.119\Sdks\Microsoft.NET.Sdk\targets\Microsoft.NET.Sdk.targets(220,5): message :       Build;
       C:\Program Files\dotnet\sdk\10.0.200-preview.0.26103.119\Sdks\Microsoft.NET.Sdk\targets\Microsoft.NET.Sdk.targets(220,5): message :       AfterRebuild;
       C:\Program Files\dotnet\sdk\10.0.200-preview.0.26103.119\Sdks\Microsoft.NET.Sdk\targets\Microsoft.NET.Sdk.targets(220,5): message :     
       C:\Program Files\dotnet\sdk\10.0.200-preview.0.26103.119\Sdks\Microsoft.NET.Sdk\targets\Microsoft.NET.Sdk.targets(220,5): message :     "(이전 값: "
       C:\Program Files\dotnet\sdk\10.0.200-preview.0.26103.119\Sdks\Microsoft.NET.Sdk\targets\Microsoft.NET.Sdk.targets(220,5): message :       BeforeRebuild;
       C:\Program Files\dotnet\sdk\10.0.200-preview.0.26103.119\Sdks\Microsoft.NET.Sdk\targets\Microsoft.NET.Sdk.targets(220,5): message :       Clean;
       C:\Program Files\dotnet\sdk\10.0.200-preview.0.26103.119\Sdks\Microsoft.NET.Sdk\targets\Microsoft.NET.Sdk.targets(220,5): message :       Build;
       C:\Program Files\dotnet\sdk\10.0.200-preview.0.26103.119\Sdks\Microsoft.NET.Sdk\targets\Microsoft.NET.Sdk.targets(220,5): message :       AfterRebuild;
       C:\Program Files\dotnet\sdk\10.0.200-preview.0.26103.119\Sdks\Microsoft.NET.Sdk\targets\Microsoft.NET.Sdk.targets(220,5): message :     ")
       C:\Program Files\dotnet\sdk\10.0.200-preview.0.26103.119\Sdks\Microsoft.NET.Sdk\targets\Microsoft.NET.Sdk.targets(799,5): message : 속성 재할당: $(CompileDependsOn)=C:\Program Files\dotnet\sdk\10.0.200-preview.0.26103.119\Sdks\Microsoft.NET.Sdk\targets\Microsoft.NET.Sdk.targets (799,5)의 "
       C:\Program Files\dotnet\sdk\10.0.200-preview.0.26103.119\Sdks\Microsoft.NET.Sdk\targets\Microsoft.NET.Sdk.targets(799,5): message :       
       C:\Program Files\dotnet\sdk\10.0.200-preview.0.26103.119\Sdks\Microsoft.NET.Sdk\targets\Microsoft.NET.Sdk.targets(799,5): message :       ResolveReferences;
       C:\Program Files\dotnet\sdk\10.0.200-preview.0.26103.119\Sdks\Microsoft.NET.Sdk\targets\Microsoft.NET.Sdk.targets(799,5): message :       ResolveKeySource;
       C:\Program Files\dotnet\sdk\10.0.200-preview.0.26103.119\Sdks\Microsoft.NET.Sdk\targets\Microsoft.NET.Sdk.targets(799,5): message :       SetWin32ManifestProperties;
       C:\Program Files\dotnet\sdk\10.0.200-preview.0.26103.119\Sdks\Microsoft.NET.Sdk\targets\Microsoft.NET.Sdk.targets(799,5): message :       _SetPreferNativeArm64Win32ManifestProperties;
       C:\Program Files\dotnet\sdk\10.0.200-preview.0.26103.119\Sdks\Microsoft.NET.Sdk\targets\Microsoft.NET.Sdk.targets(799,5): message :       FindReferenceAssembliesForReferences;
       C:\Program Files\dotnet\sdk\10.0.200-preview.0.26103.119\Sdks\Microsoft.NET.Sdk\targets\Microsoft.NET.Sdk.targets(799,5): message :       _GenerateCompileInputs;
       C:\Program Files\dotnet\sdk\10.0.200-preview.0.26103.119\Sdks\Microsoft.NET.Sdk\targets\Microsoft.NET.Sdk.targets(799,5): message :       BeforeCompile;
       C:\Program Files\dotnet\sdk\10.0.200-preview.0.26103.119\Sdks\Microsoft.NET.Sdk\targets\Microsoft.NET.Sdk.targets(799,5): message :       _TimeStampBeforeCompile;
       C:\Program Files\dotnet\sdk\10.0.200-preview.0.26103.119\Sdks\Microsoft.NET.Sdk\targets\Microsoft.NET.Sdk.targets(799,5): message :       _GenerateCompileDependencyCache;
       C:\Program Files\dotnet\sdk\10.0.200-preview.0.26103.119\Sdks\Microsoft.NET.Sdk\targets\Microsoft.NET.Sdk.targets(799,5): message :       CoreCompile;
       C:\Program Files\dotnet\sdk\10.0.200-preview.0.26103.119\Sdks\Microsoft.NET.Sdk\targets\Microsoft.NET.Sdk.targets(799,5): message :       _TimeStampAfterCompile;
       C:\Program Files\dotnet\sdk\10.0.200-preview.0.26103.119\Sdks\Microsoft.NET.Sdk\targets\Microsoft.NET.Sdk.targets(799,5): message :       AfterCompile;
       C:\Program Files\dotnet\sdk\10.0.200-preview.0.26103.119\Sdks\Microsoft.NET.Sdk\targets\Microsoft.NET.Sdk.targets(799,5): message :     ;
       C:\Program Files\dotnet\sdk\10.0.200-preview.0.26103.119\Sdks\Microsoft.NET.Sdk\targets\Microsoft.NET.Sdk.targets(799,5): message :       _CreateAppHost;
       C:\Program Files\dotnet\sdk\10.0.200-preview.0.26103.119\Sdks\Microsoft.NET.Sdk\targets\Microsoft.NET.Sdk.targets(799,5): message :       _CreateComHost;
       C:\Program Files\dotnet\sdk\10.0.200-preview.0.26103.119\Sdks\Microsoft.NET.Sdk\targets\Microsoft.NET.Sdk.targets(799,5): message :       _GetIjwHostPaths;
       C:\Program Files\dotnet\sdk\10.0.200-preview.0.26103.119\Sdks\Microsoft.NET.Sdk\targets\Microsoft.NET.Sdk.targets(799,5): message :     "(이전 값: "
       C:\Program Files\dotnet\sdk\10.0.200-preview.0.26103.119\Sdks\Microsoft.NET.Sdk\targets\Microsoft.NET.Sdk.targets(799,5): message :       ResolveReferences;
       C:\Program Files\dotnet\sdk\10.0.200-preview.0.26103.119\Sdks\Microsoft.NET.Sdk\targets\Microsoft.NET.Sdk.targets(799,5): message :       ResolveKeySource;
       C:\Program Files\dotnet\sdk\10.0.200-preview.0.26103.119\Sdks\Microsoft.NET.Sdk\targets\Microsoft.NET.Sdk.targets(799,5): message :       SetWin32ManifestProperties;
       C:\Program Files\dotnet\sdk\10.0.200-preview.0.26103.119\Sdks\Microsoft.NET.Sdk\targets\Microsoft.NET.Sdk.targets(799,5): message :       _SetPreferNativeArm64Win32ManifestProperties;
       C:\Program Files\dotnet\sdk\10.0.200-preview.0.26103.119\Sdks\Microsoft.NET.Sdk\targets\Microsoft.NET.Sdk.targets(799,5): message :       FindReferenceAssembliesForReferences;
       C:\Program Files\dotnet\sdk\10.0.200-preview.0.26103.119\Sdks\Microsoft.NET.Sdk\targets\Microsoft.NET.Sdk.targets(799,5): message :       _GenerateCompileInputs;
       C:\Program Files\dotnet\sdk\10.0.200-preview.0.26103.119\Sdks\Microsoft.NET.Sdk\targets\Microsoft.NET.Sdk.targets(799,5): message :       BeforeCompile;
       C:\Program Files\dotnet\sdk\10.0.200-preview.0.26103.119\Sdks\Microsoft.NET.Sdk\targets\Microsoft.NET.Sdk.targets(799,5): message :       _TimeStampBeforeCompile;
       C:\Program Files\dotnet\sdk\10.0.200-preview.0.26103.119\Sdks\Microsoft.NET.Sdk\targets\Microsoft.NET.Sdk.targets(799,5): message :       _GenerateCompileDependencyCache;
       C:\Program Files\dotnet\sdk\10.0.200-preview.0.26103.119\Sdks\Microsoft.NET.Sdk\targets\Microsoft.NET.Sdk.targets(799,5): message :       CoreCompile;
       C:\Program Files\dotnet\sdk\10.0.200-preview.0.26103.119\Sdks\Microsoft.NET.Sdk\targets\Microsoft.NET.Sdk.targets(799,5): message :       _TimeStampAfterCompile;
       C:\Program Files\dotnet\sdk\10.0.200-preview.0.26103.119\Sdks\Microsoft.NET.Sdk\targets\Microsoft.NET.Sdk.targets(799,5): message :       AfterCompile;
       C:\Program Files\dotnet\sdk\10.0.200-preview.0.26103.119\Sdks\Microsoft.NET.Sdk\targets\Microsoft.NET.Sdk.targets(799,5): message :     ")
       C:\Program Files\dotnet\sdk\10.0.200-preview.0.26103.119\Sdks\Microsoft.NET.Sdk\targets\Microsoft.NET.Sdk.targets(1131,5): message : 속성 재할당: $(CreateSatelliteAssembliesDependsOn)=C:\Program Files\dotnet\sdk\10.0.200-preview.0.26103.119\Sdks\Microsoft.NET.Sdk\targets\Microsoft.NET.Sdk.targets (1131,5)의 "
       C:\Program Files\dotnet\sdk\10.0.200-preview.0.26103.119\Sdks\Microsoft.NET.Sdk\targets\Microsoft.NET.Sdk.targets(1131,5): message :       
       C:\Program Files\dotnet\sdk\10.0.200-preview.0.26103.119\Sdks\Microsoft.NET.Sdk\targets\Microsoft.NET.Sdk.targets(1131,5): message :       ;
       C:\Program Files\dotnet\sdk\10.0.200-preview.0.26103.119\Sdks\Microsoft.NET.Sdk\targets\Microsoft.NET.Sdk.targets(1131,5): message :       _GenerateSatelliteAssemblyInputs;
       C:\Program Files\dotnet\sdk\10.0.200-preview.0.26103.119\Sdks\Microsoft.NET.Sdk\targets\Microsoft.NET.Sdk.targets(1131,5): message :       ComputeIntermediateSatelliteAssemblies;
       C:\Program Files\dotnet\sdk\10.0.200-preview.0.26103.119\Sdks\Microsoft.NET.Sdk\targets\Microsoft.NET.Sdk.targets(1131,5): message :       GenerateSatelliteAssemblies
       C:\Program Files\dotnet\sdk\10.0.200-preview.0.26103.119\Sdks\Microsoft.NET.Sdk\targets\Microsoft.NET.Sdk.targets(1131,5): message :     ;
       C:\Program Files\dotnet\sdk\10.0.200-preview.0.26103.119\Sdks\Microsoft.NET.Sdk\targets\Microsoft.NET.Sdk.targets(1131,5): message :       CoreGenerateSatelliteAssemblies
       C:\Program Files\dotnet\sdk\10.0.200-preview.0.26103.119\Sdks\Microsoft.NET.Sdk\targets\Microsoft.NET.Sdk.targets(1131,5): message :     "(이전 값: "
       C:\Program Files\dotnet\sdk\10.0.200-preview.0.26103.119\Sdks\Microsoft.NET.Sdk\targets\Microsoft.NET.Sdk.targets(1131,5): message :       ;
       C:\Program Files\dotnet\sdk\10.0.200-preview.0.26103.119\Sdks\Microsoft.NET.Sdk\targets\Microsoft.NET.Sdk.targets(1131,5): message :       _GenerateSatelliteAssemblyInputs;
       C:\Program Files\dotnet\sdk\10.0.200-preview.0.26103.119\Sdks\Microsoft.NET.Sdk\targets\Microsoft.NET.Sdk.targets(1131,5): message :       ComputeIntermediateSatelliteAssemblies;
       C:\Program Files\dotnet\sdk\10.0.200-preview.0.26103.119\Sdks\Microsoft.NET.Sdk\targets\Microsoft.NET.Sdk.targets(1131,5): message :       GenerateSatelliteAssemblies
       C:\Program Files\dotnet\sdk\10.0.200-preview.0.26103.119\Sdks\Microsoft.NET.Sdk\targets\Microsoft.NET.Sdk.targets(1131,5): message :     ")
       C:\Program Files\dotnet\sdk\10.0.200-preview.0.26103.119\Sdks\Microsoft.SourceLink.GitLab\build\Microsoft.SourceLink.GitLab.targets(12,5): message : 속성 재할당: $(SourceLinkUrlInitializerTargets)=C:\Program Files\dotnet\sdk\10.0.200-preview.0.26103.119\Sdks\Microsoft.SourceLink.GitLab\build\Microsoft.SourceLink.GitLab.targets (12,5)의 ";_InitializeGitHubSourceLinkUrl;_InitializeGitLabSourceLinkUrl"(이전 값: ";_InitializeGitHubSourceLinkUrl")
       C:\Program Files\dotnet\sdk\10.0.200-preview.0.26103.119\Sdks\Microsoft.SourceLink.GitLab\build\Microsoft.SourceLink.GitLab.targets(13,5): message : 속성 재할당: $(SourceControlManagerUrlTranslationTargets)=C:\Program Files\dotnet\sdk\10.0.200-preview.0.26103.119\Sdks\Microsoft.SourceLink.GitLab\build\Microsoft.SourceLink.GitLab.targets (13,5)의 ";TranslateGitHubUrlsInSourceControlInformation;TranslateGitLabUrlsInSourceControlInformation"(이전 값: ";TranslateGitHubUrlsInSourceControlInformation")
       C:\Program Files\dotnet\sdk\10.0.200-preview.0.26103.119\Sdks\Microsoft.SourceLink.AzureRepos.Git\build\Microsoft.SourceLink.AzureRepos.Git.targets(12,5): message : 속성 재할당: $(SourceLinkUrlInitializerTargets)=C:\Program Files\dotnet\sdk\10.0.200-preview.0.26103.119\Sdks\Microsoft.SourceLink.AzureRepos.Git\build\Microsoft.SourceLink.AzureRepos.Git.targets (12,5)의 ";_InitializeGitHubSourceLinkUrl;_InitializeGitLabSourceLinkUrl;_InitializeAzureReposGitSourceLinkUrl"(이전 값: ";_InitializeGitHubSourceLinkUrl;_InitializeGitLabSourceLinkUrl")
       C:\Program Files\dotnet\sdk\10.0.200-preview.0.26103.119\Sdks\Microsoft.SourceLink.AzureRepos.Git\build\Microsoft.SourceLink.AzureRepos.Git.targets(13,5): message : 속성 재할당: $(SourceControlManagerUrlTranslationTargets)=C:\Program Files\dotnet\sdk\10.0.200-preview.0.26103.119\Sdks\Microsoft.SourceLink.AzureRepos.Git\build\Microsoft.SourceLink.AzureRepos.Git.targets (13,5)의 ";TranslateGitHubUrlsInSourceControlInformation;TranslateGitLabUrlsInSourceControlInformation;TranslateAzureReposGitUrlsInSourceControlInformation"(이전 값: ";TranslateGitHubUrlsInSourceControlInformation;TranslateGitLabUrlsInSourceControlInformation")
       C:\Program Files\dotnet\sdk\10.0.200-preview.0.26103.119\Sdks\Microsoft.SourceLink.Bitbucket.Git\build\Microsoft.SourceLink.Bitbucket.Git.targets(12,5): message : 속성 재할당: $(SourceLinkUrlInitializerTargets)=C:\Program Files\dotnet\sdk\10.0.200-preview.0.26103.119\Sdks\Microsoft.SourceLink.Bitbucket.Git\build\Microsoft.SourceLink.Bitbucket.Git.targets (12,5)의 ";_InitializeGitHubSourceLinkUrl;_InitializeGitLabSourceLinkUrl;_InitializeAzureReposGitSourceLinkUrl;_InitializeBitbucketGitSourceLinkUrl"(이전 값: ";_InitializeGitHubSourceLinkUrl;_InitializeGitLabSourceLinkUrl;_InitializeAzureReposGitSourceLinkUrl")
       C:\Program Files\dotnet\sdk\10.0.200-preview.0.26103.119\Sdks\Microsoft.SourceLink.Bitbucket.Git\build\Microsoft.SourceLink.Bitbucket.Git.targets(13,5): message : 속성 재할당: $(SourceControlManagerUrlTranslationTargets)=C:\Program Files\dotnet\sdk\10.0.200-preview.0.26103.119\Sdks\Microsoft.SourceLink.Bitbucket.Git\build\Microsoft.SourceLink.Bitbucket.Git.targets (13,5)의 ";TranslateGitHubUrlsInSourceControlInformation;TranslateGitLabUrlsInSourceControlInformation;TranslateAzureReposGitUrlsInSourceControlInformation;TranslateBitbucketGitUrlsInSourceControlInformation"(이전 값: ";TranslateGitHubUrlsInSourceControlInformation;TranslateGitLabUrlsInSourceControlInformation;TranslateAzureReposGitUrlsInSourceControlInformation")
       C:\Program Files\dotnet\sdk\10.0.200-preview.0.26103.119\Sdks\Microsoft.NET.Sdk\targets\Microsoft.NET.DesignerSupport.targets(21,5): message : 속성 재할당: $(DesignerRuntimeImplementationProjectOutputGroupDependsOn)=C:\Program Files\dotnet\sdk\10.0.200-preview.0.26103.119\Sdks\Microsoft.NET.Sdk\targets\Microsoft.NET.DesignerSupport.targets (21,5)의 "
       C:\Program Files\dotnet\sdk\10.0.200-preview.0.26103.119\Sdks\Microsoft.NET.Sdk\targets\Microsoft.NET.DesignerSupport.targets(21,5): message :       
       C:\Program Files\dotnet\sdk\10.0.200-preview.0.26103.119\Sdks\Microsoft.NET.Sdk\targets\Microsoft.NET.DesignerSupport.targets(21,5): message :       ;
       C:\Program Files\dotnet\sdk\10.0.200-preview.0.26103.119\Sdks\Microsoft.NET.Sdk\targets\Microsoft.NET.DesignerSupport.targets(21,5): message :       
       C:\Program Files\dotnet\sdk\10.0.200-preview.0.26103.119\Sdks\Microsoft.NET.Sdk\targets\Microsoft.NET.DesignerSupport.targets(21,5): message :       ;
       C:\Program Files\dotnet\sdk\10.0.200-preview.0.26103.119\Sdks\Microsoft.NET.Sdk\targets\Microsoft.NET.DesignerSupport.targets(21,5): message :       BuildOnlySettings;
       C:\Program Files\dotnet\sdk\10.0.200-preview.0.26103.119\Sdks\Microsoft.NET.Sdk\targets\Microsoft.NET.DesignerSupport.targets(21,5): message :       PrepareForBuild;
       C:\Program Files\dotnet\sdk\10.0.200-preview.0.26103.119\Sdks\Microsoft.NET.Sdk\targets\Microsoft.NET.DesignerSupport.targets(21,5): message :       AssignTargetPaths;
       C:\Program Files\dotnet\sdk\10.0.200-preview.0.26103.119\Sdks\Microsoft.NET.Sdk\targets\Microsoft.NET.DesignerSupport.targets(21,5): message :       ResolveReferences
       C:\Program Files\dotnet\sdk\10.0.200-preview.0.26103.119\Sdks\Microsoft.NET.Sdk\targets\Microsoft.NET.DesignerSupport.targets(21,5): message :     
       C:\Program Files\dotnet\sdk\10.0.200-preview.0.26103.119\Sdks\Microsoft.NET.Sdk\targets\Microsoft.NET.DesignerSupport.targets(21,5): message :     ;
       C:\Program Files\dotnet\sdk\10.0.200-preview.0.26103.119\Sdks\Microsoft.NET.Sdk\targets\Microsoft.NET.DesignerSupport.targets(21,5): message :       _GenerateDesignerDepsFile;
       C:\Program Files\dotnet\sdk\10.0.200-preview.0.26103.119\Sdks\Microsoft.NET.Sdk\targets\Microsoft.NET.DesignerSupport.targets(21,5): message :       _GenerateDesignerRuntimeConfigFile;
       C:\Program Files\dotnet\sdk\10.0.200-preview.0.26103.119\Sdks\Microsoft.NET.Sdk\targets\Microsoft.NET.DesignerSupport.targets(21,5): message :       GetCopyToOutputDirectoryItems;
       C:\Program Files\dotnet\sdk\10.0.200-preview.0.26103.119\Sdks\Microsoft.NET.Sdk\targets\Microsoft.NET.DesignerSupport.targets(21,5): message :       _GatherDesignerShadowCopyFiles;
       C:\Program Files\dotnet\sdk\10.0.200-preview.0.26103.119\Sdks\Microsoft.NET.Sdk\targets\Microsoft.NET.DesignerSupport.targets(21,5): message :     "(이전 값: "
       C:\Program Files\dotnet\sdk\10.0.200-preview.0.26103.119\Sdks\Microsoft.NET.Sdk\targets\Microsoft.NET.DesignerSupport.targets(21,5): message :       ;
       C:\Program Files\dotnet\sdk\10.0.200-preview.0.26103.119\Sdks\Microsoft.NET.Sdk\targets\Microsoft.NET.DesignerSupport.targets(21,5): message :       
       C:\Program Files\dotnet\sdk\10.0.200-preview.0.26103.119\Sdks\Microsoft.NET.Sdk\targets\Microsoft.NET.DesignerSupport.targets(21,5): message :       ;
       C:\Program Files\dotnet\sdk\10.0.200-preview.0.26103.119\Sdks\Microsoft.NET.Sdk\targets\Microsoft.NET.DesignerSupport.targets(21,5): message :       BuildOnlySettings;
       C:\Program Files\dotnet\sdk\10.0.200-preview.0.26103.119\Sdks\Microsoft.NET.Sdk\targets\Microsoft.NET.DesignerSupport.targets(21,5): message :       PrepareForBuild;
       C:\Program Files\dotnet\sdk\10.0.200-preview.0.26103.119\Sdks\Microsoft.NET.Sdk\targets\Microsoft.NET.DesignerSupport.targets(21,5): message :       AssignTargetPaths;
       C:\Program Files\dotnet\sdk\10.0.200-preview.0.26103.119\Sdks\Microsoft.NET.Sdk\targets\Microsoft.NET.DesignerSupport.targets(21,5): message :       ResolveReferences
       C:\Program Files\dotnet\sdk\10.0.200-preview.0.26103.119\Sdks\Microsoft.NET.Sdk\targets\Microsoft.NET.DesignerSupport.targets(21,5): message :     
       C:\Program Files\dotnet\sdk\10.0.200-preview.0.26103.119\Sdks\Microsoft.NET.Sdk\targets\Microsoft.NET.DesignerSupport.targets(21,5): message :     ")
       C:\Program Files\dotnet\sdk\10.0.200-preview.0.26103.119\Sdks\Microsoft.NET.Sdk\targets\Microsoft.NET.Windows.targets(44,5): message : 속성 재할당: $(EffectiveTargetPlatformVersion)=C:\Program Files\dotnet\sdk\10.0.200-preview.0.26103.119\Sdks\Microsoft.NET.Sdk\targets\Microsoft.NET.Windows.targets (44,5)의 "7.0"(이전 값: "")
       C:\Program Files\dotnet\sdk\10.0.200-preview.0.26103.119\Sdks\Microsoft.NET.Sdk\targets\Microsoft.NET.Windows.targets(60,5): message : 속성 재할당: $(SupportedOSPlatformVersion)=C:\Program Files\dotnet\sdk\10.0.200-preview.0.26103.119\Sdks\Microsoft.NET.Sdk\targets\Microsoft.NET.Windows.targets (60,5)의 "7.0"(이전 값: "")
       C:\Program Files\dotnet\sdk\10.0.200-preview.0.26103.119\Sdks\Microsoft.NET.Sdk\targets\Microsoft.NET.Windows.targets(61,5): message : 속성 재할당: $(TargetPlatformMinVersion)=C:\Program Files\dotnet\sdk\10.0.200-preview.0.26103.119\Sdks\Microsoft.NET.Sdk\targets\Microsoft.NET.Windows.targets (61,5)의 "7.0"(이전 값: "")
       C:\Program Files\dotnet\sdk\10.0.200-preview.0.26103.119\Sdks\Microsoft.NET.Sdk\targets\Microsoft.NET.Windows.targets(239,5): message : 속성 재할당: $(_RunCsWinRTGeneratorPropertyInputsCachePath)=C:\Program Files\dotnet\sdk\10.0.200-preview.0.26103.119\Sdks\Microsoft.NET.Sdk\targets\Microsoft.NET.Windows.targets (239,5)의 "e:\2026\infra\Shared\obj\Debug\net481\Shared.cswinrtgen.cache"(이전 값: "obj\Debug\net481\Shared.cswinrtgen.cache")
       C:\Program Files\dotnet\sdk\10.0.200-preview.0.26103.119\NuGet.Build.Tasks.Pack.targets(34,5): message : 속성 재할당: $(PackageDescription)=C:\Program Files\dotnet\sdk\10.0.200-preview.0.26103.119\NuGet.Build.Tasks.Pack.targets (34,5)의 "Package Description"(이전 값: "")
       C:\Program Files\dotnet\sdk\10.0.200-preview.0.26103.119\NuGet.Build.Tasks.Pack.targets(59,5): message : 속성 재할당: $(GenerateNuspecDependsOn)=C:\Program Files\dotnet\sdk\10.0.200-preview.0.26103.119\NuGet.Build.Tasks.Pack.targets (59,5)의 "Build;_LoadPackInputItems; _GetTargetFrameworksOutput; _WalkEachTargetPerFramework; _GetPackageFiles; "(이전 값: "_LoadPackInputItems; _GetTargetFrameworksOutput; _WalkEachTargetPerFramework; _GetPackageFiles; ")
       C:\Program Files\dotnet\sdk\10.0.200-preview.0.26103.119\Sdks\Microsoft.NET.Sdk\Sdk\Sdk.targets(59,5): message : 속성 재할당: $(_IsNotSetContainersTargetsDir)=C:\Program Files\dotnet\sdk\10.0.200-preview.0.26103.119\Sdks\Microsoft.NET.Sdk\Sdk\Sdk.targets (59,5)의 "true"(이전 값: "false")
       C:\Program Files\dotnet\sdk\10.0.200-preview.0.26103.119\Containers\build\Microsoft.NET.Build.Containers.targets(5,5): message : 속성 재할당: $(_IsSDKContainerAllowedVersion)=C:\Program Files\dotnet\sdk\10.0.200-preview.0.26103.119\Containers\build\Microsoft.NET.Build.Containers.targets (5,5)의 "true"(이전 값: "false")
       "C:\Program Files\dotnet\sdk\10.0.200-preview.0.26103.119\Microsoft.Common.CurrentVersion.targets" 프로젝트의 "GetFrameworkPaths" 대상을 "C:\Program Files\dotnet\sdk\10.0.200-preview.0.26103.119\Microsoft.NETFramework.CurrentVersion.targets" 프로젝트의 "GetFrameworkPaths" 대상으로 재정의하고 있습니다.
       "C:\Program Files\dotnet\sdk\10.0.200-preview.0.26103.119\Microsoft.Common.CurrentVersion.targets" 프로젝트의 "ResolveFrameworkReferences" 대상을 "C:\Program Files\dotnet\sdk\10.0.200-preview.0.26103.119\Sdks\Microsoft.NET.Sdk\targets\Microsoft.NET.Sdk.FrameworkReferenceResolution.targets" 프로젝트의 "ResolveFrameworkReferences" 대상으로 재정의하고 있습니다.
       "C:\Program Files\dotnet\sdk\10.0.200-preview.0.26103.119\Microsoft.Common.CurrentVersion.targets" 프로젝트의 "GenerateSupportedTargetFrameworkAlias" 대상을 "C:\Program Files\dotnet\sdk\10.0.200-preview.0.26103.119\Sdks\Microsoft.NET.Sdk\targets\Microsoft.NET.Sdk.targets" 프로젝트의 "GenerateSupportedTargetFrameworkAlias" 대상으로 재정의하고 있습니다.
       "C:\Program Files\dotnet\sdk\10.0.200-preview.0.26103.119\Microsoft.Common.CurrentVersion.targets" 프로젝트의 "DesignerRuntimeImplementationProjectOutputGroup" 대상을 "C:\Program Files\dotnet\sdk\10.0.200-preview.0.26103.119\Sdks\Microsoft.NET.Sdk\targets\Microsoft.NET.DesignerSupport.targets" 프로젝트의 "DesignerRuntimeImplementationProjectOutputGroup" 대상으로 재정의하고 있습니다.
       "C:\Program Files\dotnet\sdk\10.0.200-preview.0.26103.119\Microsoft.Common.CurrentVersion.targets" 프로젝트의 "Publish" 대상을 "C:\Program Files\dotnet\sdk\10.0.200-preview.0.26103.119\Sdks\Microsoft.NET.Sdk\targets\Microsoft.NET.Publish.targets" 프로젝트의 "Publish" 대상으로 재정의하고 있습니다.
       "C:\Program Files\dotnet\sdk\10.0.200-preview.0.26103.119\Sdks\Microsoft.NET.Sdk\targets\Microsoft.NET.CrossGen.targets" 프로젝트의 "ResolveReadyToRunCompilers" 대상을 "C:\Program Files\dotnet\sdk\10.0.200-preview.0.26103.119\Sdks\Microsoft.NET.Sdk\targets\Microsoft.NET.Publish.targets" 프로젝트의 "ResolveReadyToRunCompilers" 대상으로 재정의하고 있습니다.
       "C:\Program Files\dotnet\sdk\10.0.200-preview.0.26103.119\Microsoft.Common.CurrentVersion.targets" 프로젝트의 "GetCopyToPublishDirectoryItems" 대상을 "C:\Program Files\dotnet\sdk\10.0.200-preview.0.26103.119\Sdks\Microsoft.NET.Sdk\targets\Microsoft.NET.Publish.targets" 프로젝트의 "GetCopyToPublishDirectoryItems" 대상으로 재정의하고 있습니다.
       "C:\Program Files\dotnet\sdk\10.0.200-preview.0.26103.119\Microsoft.Common.CurrentVersion.targets" 프로젝트의 "Run" 대상을 "C:\Program Files\dotnet\sdk\10.0.200-preview.0.26103.119\Sdks\Microsoft.NET.Sdk\targets\Microsoft.NET.Sdk.targets" 프로젝트의 "Run" 대상으로 재정의하고 있습니다.
     1>1 노드의 "e:\2026\infra\Shared\Shared.vbproj" 프로젝트(Restore 대상)입니다.
     1>"e:\2026\infra\Shared\Shared.vbproj" 프로젝트의 "C:\Program Files\dotnet\sdk\10.0.200-preview.0.26103.119\NuGet.targets" 파일에 있는 "_LoadRestoreGraphEntryPoints" 대상("_FilterRestoreGraphProjectInputItems" 대상이 종속됨):
     1>"Shared.vbproj" 프로젝트에 "_LoadRestoreGraphEntryPoints" 대상을 빌드했습니다.
     1>"e:\2026\infra\Shared\Shared.vbproj" 프로젝트의 "C:\Program Files\dotnet\sdk\10.0.200-preview.0.26103.119\NuGet.targets" 파일에 있는 "_FilterRestoreGraphProjectInputItems" 대상("_GenerateRestoreGraph" 대상이 종속됨):
       "Microsoft.Build.Tasks.Core, Version=15.1.0.0, Culture=neutral, PublicKeyToken=b03f5f7f11d50a3a" 어셈블리에서 "RemoveDuplicates" 작업을 사용합니다.
       "RemoveDuplicates" 작업
       "RemoveDuplicates" 작업을 실행했습니다.
       "Microsoft.Build.Tasks.Core, Version=15.1.0.0, Culture=neutral, PublicKeyToken=b03f5f7f11d50a3a" 어셈블리에서 "MSBuild" 작업을 사용합니다.
       "MSBuild" 작업
         전역 속성:
           ExcludeRestorePackageImports=true
     0>C:\Program Files\dotnet\sdk\10.0.200-preview.0.26103.119\Sdks\Microsoft.NET.Sdk\Sdk\Sdk.props(49,11): message : 환경에서 값이 'MSBuildExtensionsPath'인 속성 'C:\Program Files\dotnet\sdk\10.0.200-preview.0.26103.119\'이(가) 확장되었습니다.
       C:\Program Files\dotnet\sdk\10.0.200-preview.0.26103.119\Current\Microsoft.Common.props(60,5): message : 속성 재할당: $(MSBuildProjectExtensionsPath)=C:\Program Files\dotnet\sdk\10.0.200-preview.0.26103.119\Current\Microsoft.Common.props (60,5)의 "e:\2026\infra\Shared\obj\"(이전 값: "obj\")
       C:\Program Files\dotnet\sdk\10.0.200-preview.0.26103.119\Current\Microsoft.Common.props(84,119): message : 환경에서 값이 'MSBuildUserExtensionsPath'인 속성 'C:\Users\haoru\AppData\Local\Microsoft\MSBuild'이(가) 확장되었습니다.
       C:\Program Files\dotnet\sdk\10.0.200-preview.0.26103.119\Sdks\Microsoft.NET.Sdk\targets\Microsoft.NET.Sdk.props(90,5): message : 속성 재할당: $(AssemblySearchPaths)=C:\Program Files\dotnet\sdk\10.0.200-preview.0.26103.119\Sdks\Microsoft.NET.Sdk\targets\Microsoft.NET.Sdk.props (90,5)의 "{CandidateAssemblyFiles};{HintPathFromItem}"(이전 값: "{CandidateAssemblyFiles}")
       C:\Program Files\dotnet\sdk\10.0.200-preview.0.26103.119\Sdks\Microsoft.NET.Sdk\targets\Microsoft.NET.Sdk.props(91,5): message : 속성 재할당: $(AssemblySearchPaths)=C:\Program Files\dotnet\sdk\10.0.200-preview.0.26103.119\Sdks\Microsoft.NET.Sdk\targets\Microsoft.NET.Sdk.props (91,5)의 "{CandidateAssemblyFiles};{HintPathFromItem};{TargetFrameworkDirectory}"(이전 값: "{CandidateAssemblyFiles};{HintPathFromItem}")
       C:\Program Files\dotnet\sdk\10.0.200-preview.0.26103.119\Sdks\Microsoft.NET.Sdk\targets\Microsoft.NET.Sdk.props(92,5): message : 속성 재할당: $(AssemblySearchPaths)=C:\Program Files\dotnet\sdk\10.0.200-preview.0.26103.119\Sdks\Microsoft.NET.Sdk\targets\Microsoft.NET.Sdk.props (92,5)의 "{CandidateAssemblyFiles};{HintPathFromItem};{TargetFrameworkDirectory};{RawFileName}"(이전 값: "{CandidateAssemblyFiles};{HintPathFromItem};{TargetFrameworkDirectory}")
       e:\2026\infra\Shared\Shared.vbproj(4,5): message : 속성 재할당: $(Platforms)=e:\2026\infra\Shared\Shared.vbproj (4,5)의 "AnyCPU;x64"(이전 값: "AnyCPU")
       C:\Program Files\dotnet\sdk\10.0.200-preview.0.26103.119\Sdks\Microsoft.NET.Sdk\targets\Microsoft.NET.Sdk.ImportPublishProfile.targets(28,5): message : 속성 재할당: $(PublishProfileImported)=C:\Program Files\dotnet\sdk\10.0.200-preview.0.26103.119\Sdks\Microsoft.NET.Sdk\targets\Microsoft.NET.Sdk.ImportPublishProfile.targets (28,5)의 "false"(이전 값: "true")
       C:\Program Files\dotnet\sdk\10.0.200-preview.0.26103.119\Sdks\Microsoft.NET.Sdk\targets\Microsoft.NET.TargetFrameworkInference.targets(81,5): message : 속성 재할당: $(TargetPlatformVersion)=C:\Program Files\dotnet\sdk\10.0.200-preview.0.26103.119\Sdks\Microsoft.NET.Sdk\targets\Microsoft.NET.TargetFrameworkInference.targets (81,5)의 ""(이전 값: "0.0")
       C:\Program Files\dotnet\sdk\10.0.200-preview.0.26103.119\Sdks\Microsoft.NET.Sdk\targets\Microsoft.NET.DefaultOutputPaths.targets(127,5): message : 속성 재할당: $(DefaultItemExcludes)=C:\Program Files\dotnet\sdk\10.0.200-preview.0.26103.119\Sdks\Microsoft.NET.Sdk\targets\Microsoft.NET.DefaultOutputPaths.targets (127,5)의 ";bin\Debug\/**;obj\Debug\/**"(이전 값: ";bin\Debug\/**")
       C:\Program Files\dotnet\sdk\10.0.200-preview.0.26103.119\Sdks\Microsoft.NET.Sdk\targets\Microsoft.NET.DefaultOutputPaths.targets(142,5): message : 속성 재할당: $(OutputPath)=C:\Program Files\dotnet\sdk\10.0.200-preview.0.26103.119\Sdks\Microsoft.NET.Sdk\targets\Microsoft.NET.DefaultOutputPaths.targets (142,5)의 "bin\Debug\net481\"(이전 값: "bin\Debug\")
       C:\Program Files\dotnet\sdk\10.0.200-preview.0.26103.119\Sdks\Microsoft.NET.Sdk\targets\Microsoft.NET.DefaultOutputPaths.targets(147,5): message : 속성 재할당: $(IntermediateOutputPath)=C:\Program Files\dotnet\sdk\10.0.200-preview.0.26103.119\Sdks\Microsoft.NET.Sdk\targets\Microsoft.NET.DefaultOutputPaths.targets (147,5)의 "obj\Debug\net481\"(이전 값: "obj\Debug\")
       C:\Program Files\dotnet\sdk\10.0.200-preview.0.26103.119\Sdks\Microsoft.NET.Sdk\targets\Microsoft.NET.Sdk.BeforeCommon.targets(379,5): message : 속성 재할당: $(RoslynTargetsPath)=C:\Program Files\dotnet\sdk\10.0.200-preview.0.26103.119\Sdks\Microsoft.NET.Sdk\targets\Microsoft.NET.Sdk.BeforeCommon.targets (379,5)의 "C:\Program Files\dotnet\sdk\10.0.200-preview.0.26103.119\Sdks\Microsoft.NET.Sdk\targets\..\..\..\Roslyn"(이전 값: "C:\Program Files\dotnet\sdk\10.0.200-preview.0.26103.119\Roslyn")
       C:\Program Files\dotnet\sdk\10.0.200-preview.0.26103.119\Microsoft.VisualBasic.CurrentVersion.targets(140,9): message : 속성 재할당: $(FinalDefineConstants)=C:\Program Files\dotnet\sdk\10.0.200-preview.0.26103.119\Microsoft.VisualBasic.CurrentVersion.targets (140,9)의 "CONFIG="Debug",DEBUG=-1"(이전 값: "CONFIG="Debug"")
       C:\Program Files\dotnet\sdk\10.0.200-preview.0.26103.119\Microsoft.VisualBasic.CurrentVersion.targets(141,9): message : 속성 재할당: $(FinalDefineConstants)=C:\Program Files\dotnet\sdk\10.0.200-preview.0.26103.119\Microsoft.VisualBasic.CurrentVersion.targets (141,9)의 "CONFIG="Debug",DEBUG=-1,TRACE=-1"(이전 값: "CONFIG="Debug",DEBUG=-1")
       C:\Program Files\dotnet\sdk\10.0.200-preview.0.26103.119\Microsoft.VisualBasic.CurrentVersion.targets(143,9): message : 속성 재할당: $(FinalDefineConstants)=C:\Program Files\dotnet\sdk\10.0.200-preview.0.26103.119\Microsoft.VisualBasic.CurrentVersion.targets (143,9)의 "CONFIG="Debug",DEBUG=-1,TRACE=-1,PLATFORM="AnyCPU""(이전 값: "CONFIG="Debug",DEBUG=-1,TRACE=-1")
       C:\Program Files\dotnet\sdk\10.0.200-preview.0.26103.119\Roslyn\Microsoft.Managed.Core.targets(6,5): message : 속성 재할당: $(_BuildTasksDirectory)=C:\Program Files\dotnet\sdk\10.0.200-preview.0.26103.119\Roslyn\Microsoft.Managed.Core.targets (6,5)의 "C:\Program Files\dotnet\sdk\10.0.200-preview.0.26103.119\Sdks\Microsoft.NET.Sdk\targets\..\..\..\Roslyn\"(이전 값: "C:\Program Files\dotnet\sdk\10.0.200-preview.0.26103.119\Roslyn\")
       C:\Program Files\dotnet\sdk\10.0.200-preview.0.26103.119\Roslyn\Microsoft.VisualBasic.Core.targets(170,5): message : 속성 재할당: $(CommandLineArgsForDesignTimeEvaluation)=C:\Program Files\dotnet\sdk\10.0.200-preview.0.26103.119\Roslyn\Microsoft.VisualBasic.Core.targets (170,5)의 "-langversion: -define:CONFIG="Debug",DEBUG=-1,TRACE=-1,PLATFORM="AnyCPU""(이전 값: "-langversion:")
       C:\Program Files\dotnet\sdk\10.0.200-preview.0.26103.119\Microsoft.NETFramework.CurrentVersion.props(117,5): message : 속성 재할당: $(AvailablePlatforms)=C:\Program Files\dotnet\sdk\10.0.200-preview.0.26103.119\Microsoft.NETFramework.CurrentVersion.props (117,5)의 "Any CPU,x86,x64,ARM64"(이전 값: "Any CPU,x86,x64")
       C:\Program Files\dotnet\sdk\10.0.200-preview.0.26103.119\Microsoft.Common.CurrentVersion.targets(89,5): message : 속성 재할당: $(TargetPlatformIdentifier)=C:\Program Files\dotnet\sdk\10.0.200-preview.0.26103.119\Microsoft.Common.CurrentVersion.targets (89,5)의 "Windows"(이전 값: "")
       C:\Program Files\dotnet\sdk\10.0.200-preview.0.26103.119\Microsoft.Common.CurrentVersion.targets(90,5): message : 속성 재할당: $(TargetPlatformVersion)=C:\Program Files\dotnet\sdk\10.0.200-preview.0.26103.119\Microsoft.Common.CurrentVersion.targets (90,5)의 "7.0"(이전 값: "")
       C:\Program Files\dotnet\sdk\10.0.200-preview.0.26103.119\Microsoft.Common.CurrentVersion.targets(175,5): message : 속성 재할당: $(_DebugSymbolsProduced)=C:\Program Files\dotnet\sdk\10.0.200-preview.0.26103.119\Microsoft.Common.CurrentVersion.targets (175,5)의 "true"(이전 값: "false")
       C:\Program Files\dotnet\sdk\10.0.200-preview.0.26103.119\Microsoft.Common.CurrentVersion.targets(185,5): message : 속성 재할당: $(_DocumentationFileProduced)=C:\Program Files\dotnet\sdk\10.0.200-preview.0.26103.119\Microsoft.Common.CurrentVersion.targets (185,5)의 "false"(이전 값: "true")
       C:\Program Files\dotnet\sdk\10.0.200-preview.0.26103.119\Microsoft.Common.CurrentVersion.targets(393,5): message : 속성 재할당: $(MSBuildCopyMarkerName)=C:\Program Files\dotnet\sdk\10.0.200-preview.0.26103.119\Microsoft.Common.CurrentVersion.targets (393,5)의 "Shared.vbproj.Up2Date"(이전 값: "Shared.vbproj")
       C:\Program Files\dotnet\sdk\10.0.200-preview.0.26103.119\Microsoft.Common.CurrentVersion.targets(541,5): message : 속성 재할당: $(ProcessorArchitecture)=C:\Program Files\dotnet\sdk\10.0.200-preview.0.26103.119\Microsoft.Common.CurrentVersion.targets (541,5)의 "msil"(이전 값: "")
       C:\Program Files\dotnet\sdk\10.0.200-preview.0.26103.119\Microsoft.Common.CurrentVersion.targets(580,5): message : 속성 재할당: $(DelaySign)=C:\Program Files\dotnet\sdk\10.0.200-preview.0.26103.119\Microsoft.Common.CurrentVersion.targets (580,5)의 ""(이전 값: "false")
       C:\Program Files\dotnet\sdk\10.0.200-preview.0.26103.119\Microsoft.Common.CurrentVersion.targets(2620,5): message : 환경에서 값이 'LOCALAPPDATA'인 속성 'C:\Users\haoru\AppData\Local'이(가) 확장되었습니다.
       C:\Program Files\dotnet\sdk\10.0.200-preview.0.26103.119\Microsoft.Common.CurrentVersion.targets(3948,5): message : 속성 재할당: $(_SGenGenerateSerializationAssembliesConfig)=C:\Program Files\dotnet\sdk\10.0.200-preview.0.26103.119\Microsoft.Common.CurrentVersion.targets (3948,5)의 "Auto"(이전 값: "")
       C:\Program Files\dotnet\sdk\10.0.200-preview.0.26103.119\Microsoft.Common.CurrentVersion.targets(3949,5): message : 속성 재할당: $(_SGenGenerateSerializationAssembliesConfig)=C:\Program Files\dotnet\sdk\10.0.200-preview.0.26103.119\Microsoft.Common.CurrentVersion.targets (3949,5)의 "Off"(이전 값: "Auto")
       C:\Program Files\dotnet\sdk\10.0.200-preview.0.26103.119\Microsoft.Common.CurrentVersion.targets(5160,5): message : 속성 재할당: $(_TargetsThatPrepareProjectReferences)=C:\Program Files\dotnet\sdk\10.0.200-preview.0.26103.119\Microsoft.Common.CurrentVersion.targets (5160,5)의 "
       C:\Program Files\dotnet\sdk\10.0.200-preview.0.26103.119\Microsoft.Common.CurrentVersion.targets(5160,5): message :       AssignProjectConfiguration;
       C:\Program Files\dotnet\sdk\10.0.200-preview.0.26103.119\Microsoft.Common.CurrentVersion.targets(5160,5): message :       _SplitProjectReferencesByFileExistence
       C:\Program Files\dotnet\sdk\10.0.200-preview.0.26103.119\Microsoft.Common.CurrentVersion.targets(5160,5): message :     "(이전 값: "_SplitProjectReferencesByFileExistence")
       C:\Program Files\dotnet\sdk\10.0.200-preview.0.26103.119\Microsoft.Common.CurrentVersion.targets(6973,5): message : 환경에서 값이 'MSBuildExtensionsPath32'인 속성 'C:\Program Files\dotnet\sdk\10.0.200-preview.0.26103.119'이(가) 확장되었습니다.
       C:\Program Files\dotnet\sdk\10.0.200-preview.0.26103.119\Microsoft.NETFramework.CurrentVersion.targets(74,5): message : 속성 재할당: $(ResolveReferencesDependsOn)=C:\Program Files\dotnet\sdk\10.0.200-preview.0.26103.119\Microsoft.NETFramework.CurrentVersion.targets (74,5)의 "
       C:\Program Files\dotnet\sdk\10.0.200-preview.0.26103.119\Microsoft.NETFramework.CurrentVersion.targets(74,5): message :       
       C:\Program Files\dotnet\sdk\10.0.200-preview.0.26103.119\Microsoft.NETFramework.CurrentVersion.targets(74,5): message :       BeforeResolveReferences;
       C:\Program Files\dotnet\sdk\10.0.200-preview.0.26103.119\Microsoft.NETFramework.CurrentVersion.targets(74,5): message :       AssignProjectConfiguration;
       C:\Program Files\dotnet\sdk\10.0.200-preview.0.26103.119\Microsoft.NETFramework.CurrentVersion.targets(74,5): message :       ResolveProjectReferences;
       C:\Program Files\dotnet\sdk\10.0.200-preview.0.26103.119\Microsoft.NETFramework.CurrentVersion.targets(74,5): message :       FindInvalidProjectReferences;
       C:\Program Files\dotnet\sdk\10.0.200-preview.0.26103.119\Microsoft.NETFramework.CurrentVersion.targets(74,5): message :       ResolveNativeReferences;
       C:\Program Files\dotnet\sdk\10.0.200-preview.0.26103.119\Microsoft.NETFramework.CurrentVersion.targets(74,5): message :       ResolveAssemblyReferences;
       C:\Program Files\dotnet\sdk\10.0.200-preview.0.26103.119\Microsoft.NETFramework.CurrentVersion.targets(74,5): message :       GenerateBindingRedirects;
       C:\Program Files\dotnet\sdk\10.0.200-preview.0.26103.119\Microsoft.NETFramework.CurrentVersion.targets(74,5): message :       GenerateBindingRedirectsUpdateAppConfig;
       C:\Program Files\dotnet\sdk\10.0.200-preview.0.26103.119\Microsoft.NETFramework.CurrentVersion.targets(74,5): message :       ResolveComReferences;
       C:\Program Files\dotnet\sdk\10.0.200-preview.0.26103.119\Microsoft.NETFramework.CurrentVersion.targets(74,5): message :       AfterResolveReferences
       C:\Program Files\dotnet\sdk\10.0.200-preview.0.26103.119\Microsoft.NETFramework.CurrentVersion.targets(74,5): message :     ;
       C:\Program Files\dotnet\sdk\10.0.200-preview.0.26103.119\Microsoft.NETFramework.CurrentVersion.targets(74,5): message :       ImplicitlyExpandDesignTimeFacades
       C:\Program Files\dotnet\sdk\10.0.200-preview.0.26103.119\Microsoft.NETFramework.CurrentVersion.targets(74,5): message :     "(이전 값: "
       C:\Program Files\dotnet\sdk\10.0.200-preview.0.26103.119\Microsoft.NETFramework.CurrentVersion.targets(74,5): message :       BeforeResolveReferences;
       C:\Program Files\dotnet\sdk\10.0.200-preview.0.26103.119\Microsoft.NETFramework.CurrentVersion.targets(74,5): message :       AssignProjectConfiguration;
       C:\Program Files\dotnet\sdk\10.0.200-preview.0.26103.119\Microsoft.NETFramework.CurrentVersion.targets(74,5): message :       ResolveProjectReferences;
       C:\Program Files\dotnet\sdk\10.0.200-preview.0.26103.119\Microsoft.NETFramework.CurrentVersion.targets(74,5): message :       FindInvalidProjectReferences;
       C:\Program Files\dotnet\sdk\10.0.200-preview.0.26103.119\Microsoft.NETFramework.CurrentVersion.targets(74,5): message :       ResolveNativeReferences;
       C:\Program Files\dotnet\sdk\10.0.200-preview.0.26103.119\Microsoft.NETFramework.CurrentVersion.targets(74,5): message :       ResolveAssemblyReferences;
       C:\Program Files\dotnet\sdk\10.0.200-preview.0.26103.119\Microsoft.NETFramework.CurrentVersion.targets(74,5): message :       GenerateBindingRedirects;
       C:\Program Files\dotnet\sdk\10.0.200-preview.0.26103.119\Microsoft.NETFramework.CurrentVersion.targets(74,5): message :       GenerateBindingRedirectsUpdateAppConfig;
       C:\Program Files\dotnet\sdk\10.0.200-preview.0.26103.119\Microsoft.NETFramework.CurrentVersion.targets(74,5): message :       ResolveComReferences;
       C:\Program Files\dotnet\sdk\10.0.200-preview.0.26103.119\Microsoft.NETFramework.CurrentVersion.targets(74,5): message :       AfterResolveReferences
       C:\Program Files\dotnet\sdk\10.0.200-preview.0.26103.119\Microsoft.NETFramework.CurrentVersion.targets(74,5): message :     ")
       "NuGetInteractive" 속성은 전역 속성이므로 수정할 수 없습니다.
       C:\Program Files\dotnet\sdk\10.0.200-preview.0.26103.119\Sdks\Microsoft.NET.Sdk\targets\Microsoft.PackageDependencyResolution.targets(24,5): message : 속성 재할당: $(ProjectAssetsFile)=C:\Program Files\dotnet\sdk\10.0.200-preview.0.26103.119\Sdks\Microsoft.NET.Sdk\targets\Microsoft.PackageDependencyResolution.targets (24,5)의 "e:\2026\infra\Shared\obj\project.assets.json"(이전 값: "e:\2026\infra\Shared\obj\/project.assets.json")
       C:\Program Files\dotnet\sdk\10.0.200-preview.0.26103.119\Sdks\Microsoft.NET.Sdk\targets\Microsoft.PackageDependencyResolution.targets(29,5): message : 속성 재할당: $(ProjectAssetsCacheFile)=C:\Program Files\dotnet\sdk\10.0.200-preview.0.26103.119\Sdks\Microsoft.NET.Sdk\targets\Microsoft.PackageDependencyResolution.targets (29,5)의 "e:\2026\infra\Shared\obj\Debug\net481\Shared.assets.cache"(이전 값: "obj\Debug\net481\Shared.assets.cache")
       C:\Program Files\dotnet\sdk\10.0.200-preview.0.26103.119\Sdks\Microsoft.NET.Sdk\targets\Microsoft.PackageDependencyResolution.targets(80,5): message : 속성 재할당: $(ResolveAssemblyReferencesDependsOn)=C:\Program Files\dotnet\sdk\10.0.200-preview.0.26103.119\Sdks\Microsoft.NET.Sdk\targets\Microsoft.PackageDependencyResolution.targets (80,5)의 "
       C:\Program Files\dotnet\sdk\10.0.200-preview.0.26103.119\Sdks\Microsoft.NET.Sdk\targets\Microsoft.PackageDependencyResolution.targets(80,5): message :       
       C:\Program Files\dotnet\sdk\10.0.200-preview.0.26103.119\Sdks\Microsoft.NET.Sdk\targets\Microsoft.PackageDependencyResolution.targets(80,5): message :       ResolveProjectReferences;
       C:\Program Files\dotnet\sdk\10.0.200-preview.0.26103.119\Sdks\Microsoft.NET.Sdk\targets\Microsoft.PackageDependencyResolution.targets(80,5): message :       FindInvalidProjectReferences;
       C:\Program Files\dotnet\sdk\10.0.200-preview.0.26103.119\Sdks\Microsoft.NET.Sdk\targets\Microsoft.PackageDependencyResolution.targets(80,5): message :       GetFrameworkPaths;
       C:\Program Files\dotnet\sdk\10.0.200-preview.0.26103.119\Sdks\Microsoft.NET.Sdk\targets\Microsoft.PackageDependencyResolution.targets(80,5): message :       GetReferenceAssemblyPaths;
       C:\Program Files\dotnet\sdk\10.0.200-preview.0.26103.119\Sdks\Microsoft.NET.Sdk\targets\Microsoft.PackageDependencyResolution.targets(80,5): message :       PrepareForBuild;
       C:\Program Files\dotnet\sdk\10.0.200-preview.0.26103.119\Sdks\Microsoft.NET.Sdk\targets\Microsoft.PackageDependencyResolution.targets(80,5): message :       ResolveSDKReferences;
       C:\Program Files\dotnet\sdk\10.0.200-preview.0.26103.119\Sdks\Microsoft.NET.Sdk\targets\Microsoft.PackageDependencyResolution.targets(80,5): message :       ExpandSDKReferences;
       C:\Program Files\dotnet\sdk\10.0.200-preview.0.26103.119\Sdks\Microsoft.NET.Sdk\targets\Microsoft.PackageDependencyResolution.targets(80,5): message :     ;
       C:\Program Files\dotnet\sdk\10.0.200-preview.0.26103.119\Sdks\Microsoft.NET.Sdk\targets\Microsoft.PackageDependencyResolution.targets(80,5): message :       ResolvePackageDependenciesForBuild;
       C:\Program Files\dotnet\sdk\10.0.200-preview.0.26103.119\Sdks\Microsoft.NET.Sdk\targets\Microsoft.PackageDependencyResolution.targets(80,5): message :       _HandlePackageFileConflicts;
       C:\Program Files\dotnet\sdk\10.0.200-preview.0.26103.119\Sdks\Microsoft.NET.Sdk\targets\Microsoft.PackageDependencyResolution.targets(80,5): message :     "(이전 값: "
       C:\Program Files\dotnet\sdk\10.0.200-preview.0.26103.119\Sdks\Microsoft.NET.Sdk\targets\Microsoft.PackageDependencyResolution.targets(80,5): message :       ResolveProjectReferences;
       C:\Program Files\dotnet\sdk\10.0.200-preview.0.26103.119\Sdks\Microsoft.NET.Sdk\targets\Microsoft.PackageDependencyResolution.targets(80,5): message :       FindInvalidProjectReferences;
       C:\Program Files\dotnet\sdk\10.0.200-preview.0.26103.119\Sdks\Microsoft.NET.Sdk\targets\Microsoft.PackageDependencyResolution.targets(80,5): message :       GetFrameworkPaths;
       C:\Program Files\dotnet\sdk\10.0.200-preview.0.26103.119\Sdks\Microsoft.NET.Sdk\targets\Microsoft.PackageDependencyResolution.targets(80,5): message :       GetReferenceAssemblyPaths;
       C:\Program Files\dotnet\sdk\10.0.200-preview.0.26103.119\Sdks\Microsoft.NET.Sdk\targets\Microsoft.PackageDependencyResolution.targets(80,5): message :       PrepareForBuild;
       C:\Program Files\dotnet\sdk\10.0.200-preview.0.26103.119\Sdks\Microsoft.NET.Sdk\targets\Microsoft.PackageDependencyResolution.targets(80,5): message :       ResolveSDKReferences;
       C:\Program Files\dotnet\sdk\10.0.200-preview.0.26103.119\Sdks\Microsoft.NET.Sdk\targets\Microsoft.PackageDependencyResolution.targets(80,5): message :       ExpandSDKReferences;
       C:\Program Files\dotnet\sdk\10.0.200-preview.0.26103.119\Sdks\Microsoft.NET.Sdk\targets\Microsoft.PackageDependencyResolution.targets(80,5): message :     ")
       C:\Program Files\dotnet\sdk\10.0.200-preview.0.26103.119\Sdks\Microsoft.NET.Sdk\targets\Microsoft.PackageDependencyResolution.targets(86,5): message : 속성 재할당: $(PrepareResourcesDependsOn)=C:\Program Files\dotnet\sdk\10.0.200-preview.0.26103.119\Sdks\Microsoft.NET.Sdk\targets\Microsoft.PackageDependencyResolution.targets (86,5)의 "
       C:\Program Files\dotnet\sdk\10.0.200-preview.0.26103.119\Sdks\Microsoft.NET.Sdk\targets\Microsoft.PackageDependencyResolution.targets(86,5): message :       ResolvePackageDependenciesForBuild;
       C:\Program Files\dotnet\sdk\10.0.200-preview.0.26103.119\Sdks\Microsoft.NET.Sdk\targets\Microsoft.PackageDependencyResolution.targets(86,5): message :       _HandlePackageFileConflicts;
       C:\Program Files\dotnet\sdk\10.0.200-preview.0.26103.119\Sdks\Microsoft.NET.Sdk\targets\Microsoft.PackageDependencyResolution.targets(86,5): message :       
       C:\Program Files\dotnet\sdk\10.0.200-preview.0.26103.119\Sdks\Microsoft.NET.Sdk\targets\Microsoft.PackageDependencyResolution.targets(86,5): message :       ;
       C:\Program Files\dotnet\sdk\10.0.200-preview.0.26103.119\Sdks\Microsoft.NET.Sdk\targets\Microsoft.PackageDependencyResolution.targets(86,5): message :       PrepareResourceNames;
       C:\Program Files\dotnet\sdk\10.0.200-preview.0.26103.119\Sdks\Microsoft.NET.Sdk\targets\Microsoft.PackageDependencyResolution.targets(86,5): message :       ResGen;
       C:\Program Files\dotnet\sdk\10.0.200-preview.0.26103.119\Sdks\Microsoft.NET.Sdk\targets\Microsoft.PackageDependencyResolution.targets(86,5): message :       CompileLicxFiles
       C:\Program Files\dotnet\sdk\10.0.200-preview.0.26103.119\Sdks\Microsoft.NET.Sdk\targets\Microsoft.PackageDependencyResolution.targets(86,5): message :     
       C:\Program Files\dotnet\sdk\10.0.200-preview.0.26103.119\Sdks\Microsoft.NET.Sdk\targets\Microsoft.PackageDependencyResolution.targets(86,5): message :     "(이전 값: "
       C:\Program Files\dotnet\sdk\10.0.200-preview.0.26103.119\Sdks\Microsoft.NET.Sdk\targets\Microsoft.PackageDependencyResolution.targets(86,5): message :       ;
       C:\Program Files\dotnet\sdk\10.0.200-preview.0.26103.119\Sdks\Microsoft.NET.Sdk\targets\Microsoft.PackageDependencyResolution.targets(86,5): message :       PrepareResourceNames;
       C:\Program Files\dotnet\sdk\10.0.200-preview.0.26103.119\Sdks\Microsoft.NET.Sdk\targets\Microsoft.PackageDependencyResolution.targets(86,5): message :       ResGen;
       C:\Program Files\dotnet\sdk\10.0.200-preview.0.26103.119\Sdks\Microsoft.NET.Sdk\targets\Microsoft.PackageDependencyResolution.targets(86,5): message :       CompileLicxFiles
       C:\Program Files\dotnet\sdk\10.0.200-preview.0.26103.119\Sdks\Microsoft.NET.Sdk\targets\Microsoft.PackageDependencyResolution.targets(86,5): message :     ")
       "EnableDefaultCompileItems" 속성은 전역 속성이므로 수정할 수 없습니다.
       "EnableDefaultEmbeddedResourceItems" 속성은 전역 속성이므로 수정할 수 없습니다.
       "EnableDefaultNoneItems" 속성은 전역 속성이므로 수정할 수 없습니다.
       C:\Program Files\dotnet\sdk\10.0.200-preview.0.26103.119\Sdks\Microsoft.NET.Sdk\targets\Microsoft.NET.Sdk.DefaultItems.targets(35,5): message : 속성 재할당: $(DefaultItemExcludes)=C:\Program Files\dotnet\sdk\10.0.200-preview.0.26103.119\Sdks\Microsoft.NET.Sdk\targets\Microsoft.NET.Sdk.DefaultItems.targets (35,5)의 ";bin\Debug\/**;obj\Debug\/**;bin\/**"(이전 값: ";bin\Debug\/**;obj\Debug\/**")
       C:\Program Files\dotnet\sdk\10.0.200-preview.0.26103.119\Sdks\Microsoft.NET.Sdk\targets\Microsoft.NET.Sdk.DefaultItems.targets(37,5): message : 속성 재할당: $(DefaultItemExcludes)=C:\Program Files\dotnet\sdk\10.0.200-preview.0.26103.119\Sdks\Microsoft.NET.Sdk\targets\Microsoft.NET.Sdk.DefaultItems.targets (37,5)의 ";bin\Debug\/**;obj\Debug\/**;bin\/**;obj\/**"(이전 값: ";bin\Debug\/**;obj\Debug\/**;bin\/**")
       C:\Program Files\dotnet\sdk\10.0.200-preview.0.26103.119\Sdks\Microsoft.NET.Sdk\targets\Microsoft.NET.Sdk.DefaultItems.targets(41,5): message : 속성 재할당: $(DefaultItemExcludes)=C:\Program Files\dotnet\sdk\10.0.200-preview.0.26103.119\Sdks\Microsoft.NET.Sdk\targets\Microsoft.NET.Sdk.DefaultItems.targets (41,5)의 ";bin\Debug\/**;obj\Debug\/**;bin\/**;obj\/**;bin\Debug\net481\publish\/**"(이전 값: ";bin\Debug\/**;obj\Debug\/**;bin\/**;obj\/**")
       C:\Program Files\dotnet\sdk\10.0.200-preview.0.26103.119\Sdks\Microsoft.NET.Sdk\targets\Microsoft.NET.Sdk.DefaultItems.targets(44,5): message : 속성 재할당: $(DefaultItemExcludes)=C:\Program Files\dotnet\sdk\10.0.200-preview.0.26103.119\Sdks\Microsoft.NET.Sdk\targets\Microsoft.NET.Sdk.DefaultItems.targets (44,5)의 ";bin\Debug\/**;obj\Debug\/**;bin\/**;obj\/**;bin\Debug\net481\publish\/**;**/*.user"(이전 값: ";bin\Debug\/**;obj\Debug\/**;bin\/**;obj\/**;bin\Debug\net481\publish\/**")
       C:\Program Files\dotnet\sdk\10.0.200-preview.0.26103.119\Sdks\Microsoft.NET.Sdk\targets\Microsoft.NET.Sdk.DefaultItems.targets(45,5): message : 속성 재할당: $(DefaultItemExcludes)=C:\Program Files\dotnet\sdk\10.0.200-preview.0.26103.119\Sdks\Microsoft.NET.Sdk\targets\Microsoft.NET.Sdk.DefaultItems.targets (45,5)의 ";bin\Debug\/**;obj\Debug\/**;bin\/**;obj\/**;bin\Debug\net481\publish\/**;**/*.user;**/*.*proj"(이전 값: ";bin\Debug\/**;obj\Debug\/**;bin\/**;obj\/**;bin\Debug\net481\publish\/**;**/*.user")
       C:\Program Files\dotnet\sdk\10.0.200-preview.0.26103.119\Sdks\Microsoft.NET.Sdk\targets\Microsoft.NET.Sdk.DefaultItems.targets(46,5): message : 속성 재할당: $(DefaultItemExcludes)=C:\Program Files\dotnet\sdk\10.0.200-preview.0.26103.119\Sdks\Microsoft.NET.Sdk\targets\Microsoft.NET.Sdk.DefaultItems.targets (46,5)의 ";bin\Debug\/**;obj\Debug\/**;bin\/**;obj\/**;bin\Debug\net481\publish\/**;**/*.user;**/*.*proj;**/*.sln"(이전 값: ";bin\Debug\/**;obj\Debug\/**;bin\/**;obj\/**;bin\Debug\net481\publish\/**;**/*.user;**/*.*proj")
       C:\Program Files\dotnet\sdk\10.0.200-preview.0.26103.119\Sdks\Microsoft.NET.Sdk\targets\Microsoft.NET.Sdk.DefaultItems.targets(47,5): message : 속성 재할당: $(DefaultItemExcludes)=C:\Program Files\dotnet\sdk\10.0.200-preview.0.26103.119\Sdks\Microsoft.NET.Sdk\targets\Microsoft.NET.Sdk.DefaultItems.targets (47,5)의 ";bin\Debug\/**;obj\Debug\/**;bin\/**;obj\/**;bin\Debug\net481\publish\/**;**/*.user;**/*.*proj;**/*.sln;**/*.slnx"(이전 값: ";bin\Debug\/**;obj\Debug\/**;bin\/**;obj\/**;bin\Debug\net481\publish\/**;**/*.user;**/*.*proj;**/*.sln")
       C:\Program Files\dotnet\sdk\10.0.200-preview.0.26103.119\Sdks\Microsoft.NET.Sdk\targets\Microsoft.NET.Sdk.DefaultItems.targets(48,5): message : 속성 재할당: $(DefaultItemExcludes)=C:\Program Files\dotnet\sdk\10.0.200-preview.0.26103.119\Sdks\Microsoft.NET.Sdk\targets\Microsoft.NET.Sdk.DefaultItems.targets (48,5)의 ";bin\Debug\/**;obj\Debug\/**;bin\/**;obj\/**;bin\Debug\net481\publish\/**;**/*.user;**/*.*proj;**/*.sln;**/*.slnx;**/*.vssscc"(이전 값: ";bin\Debug\/**;obj\Debug\/**;bin\/**;obj\/**;bin\Debug\net481\publish\/**;**/*.user;**/*.*proj;**/*.sln;**/*.slnx")
       C:\Program Files\dotnet\sdk\10.0.200-preview.0.26103.119\Sdks\Microsoft.NET.Sdk\targets\Microsoft.NET.Sdk.DefaultItems.targets(49,5): message : 속성 재할당: $(DefaultItemExcludes)=C:\Program Files\dotnet\sdk\10.0.200-preview.0.26103.119\Sdks\Microsoft.NET.Sdk\targets\Microsoft.NET.Sdk.DefaultItems.targets (49,5)의 ";bin\Debug\/**;obj\Debug\/**;bin\/**;obj\/**;bin\Debug\net481\publish\/**;**/*.user;**/*.*proj;**/*.sln;**/*.slnx;**/*.vssscc;**/.DS_Store"(이전 값: ";bin\Debug\/**;obj\Debug\/**;bin\/**;obj\/**;bin\Debug\net481\publish\/**;**/*.user;**/*.*proj;**/*.sln;**/*.slnx;**/*.vssscc")
       C:\Program Files\dotnet\sdk\10.0.200-preview.0.26103.119\Sdks\Microsoft.NET.Sdk\targets\Microsoft.NET.Sdk.FrameworkReferenceResolution.targets(14,5): message : 속성 재할당: $(ResolveAssemblyReferencesDependsOn)=C:\Program Files\dotnet\sdk\10.0.200-preview.0.26103.119\Sdks\Microsoft.NET.Sdk\targets\Microsoft.NET.Sdk.FrameworkReferenceResolution.targets (14,5)의 "
       C:\Program Files\dotnet\sdk\10.0.200-preview.0.26103.119\Sdks\Microsoft.NET.Sdk\targets\Microsoft.NET.Sdk.FrameworkReferenceResolution.targets(14,5): message :       
       C:\Program Files\dotnet\sdk\10.0.200-preview.0.26103.119\Sdks\Microsoft.NET.Sdk\targets\Microsoft.NET.Sdk.FrameworkReferenceResolution.targets(14,5): message :       
       C:\Program Files\dotnet\sdk\10.0.200-preview.0.26103.119\Sdks\Microsoft.NET.Sdk\targets\Microsoft.NET.Sdk.FrameworkReferenceResolution.targets(14,5): message :       ResolveProjectReferences;
       C:\Program Files\dotnet\sdk\10.0.200-preview.0.26103.119\Sdks\Microsoft.NET.Sdk\targets\Microsoft.NET.Sdk.FrameworkReferenceResolution.targets(14,5): message :       FindInvalidProjectReferences;
       C:\Program Files\dotnet\sdk\10.0.200-preview.0.26103.119\Sdks\Microsoft.NET.Sdk\targets\Microsoft.NET.Sdk.FrameworkReferenceResolution.targets(14,5): message :       GetFrameworkPaths;
       C:\Program Files\dotnet\sdk\10.0.200-preview.0.26103.119\Sdks\Microsoft.NET.Sdk\targets\Microsoft.NET.Sdk.FrameworkReferenceResolution.targets(14,5): message :       GetReferenceAssemblyPaths;
       C:\Program Files\dotnet\sdk\10.0.200-preview.0.26103.119\Sdks\Microsoft.NET.Sdk\targets\Microsoft.NET.Sdk.FrameworkReferenceResolution.targets(14,5): message :       PrepareForBuild;
       C:\Program Files\dotnet\sdk\10.0.200-preview.0.26103.119\Sdks\Microsoft.NET.Sdk\targets\Microsoft.NET.Sdk.FrameworkReferenceResolution.targets(14,5): message :       ResolveSDKReferences;
       C:\Program Files\dotnet\sdk\10.0.200-preview.0.26103.119\Sdks\Microsoft.NET.Sdk\targets\Microsoft.NET.Sdk.FrameworkReferenceResolution.targets(14,5): message :       ExpandSDKReferences;
       C:\Program Files\dotnet\sdk\10.0.200-preview.0.26103.119\Sdks\Microsoft.NET.Sdk\targets\Microsoft.NET.Sdk.FrameworkReferenceResolution.targets(14,5): message :     ;
       C:\Program Files\dotnet\sdk\10.0.200-preview.0.26103.119\Sdks\Microsoft.NET.Sdk\targets\Microsoft.NET.Sdk.FrameworkReferenceResolution.targets(14,5): message :       ResolvePackageDependenciesForBuild;
       C:\Program Files\dotnet\sdk\10.0.200-preview.0.26103.119\Sdks\Microsoft.NET.Sdk\targets\Microsoft.NET.Sdk.FrameworkReferenceResolution.targets(14,5): message :       _HandlePackageFileConflicts;
       C:\Program Files\dotnet\sdk\10.0.200-preview.0.26103.119\Sdks\Microsoft.NET.Sdk\targets\Microsoft.NET.Sdk.FrameworkReferenceResolution.targets(14,5): message :     ;
       C:\Program Files\dotnet\sdk\10.0.200-preview.0.26103.119\Sdks\Microsoft.NET.Sdk\targets\Microsoft.NET.Sdk.FrameworkReferenceResolution.targets(14,5): message :       ResolveTargetingPackAssets;
       C:\Program Files\dotnet\sdk\10.0.200-preview.0.26103.119\Sdks\Microsoft.NET.Sdk\targets\Microsoft.NET.Sdk.FrameworkReferenceResolution.targets(14,5): message :     "(이전 값: "
       C:\Program Files\dotnet\sdk\10.0.200-preview.0.26103.119\Sdks\Microsoft.NET.Sdk\targets\Microsoft.NET.Sdk.FrameworkReferenceResolution.targets(14,5): message :       
       C:\Program Files\dotnet\sdk\10.0.200-preview.0.26103.119\Sdks\Microsoft.NET.Sdk\targets\Microsoft.NET.Sdk.FrameworkReferenceResolution.targets(14,5): message :       ResolveProjectReferences;
       C:\Program Files\dotnet\sdk\10.0.200-preview.0.26103.119\Sdks\Microsoft.NET.Sdk\targets\Microsoft.NET.Sdk.FrameworkReferenceResolution.targets(14,5): message :       FindInvalidProjectReferences;
       C:\Program Files\dotnet\sdk\10.0.200-preview.0.26103.119\Sdks\Microsoft.NET.Sdk\targets\Microsoft.NET.Sdk.FrameworkReferenceResolution.targets(14,5): message :       GetFrameworkPaths;
       C:\Program Files\dotnet\sdk\10.0.200-preview.0.26103.119\Sdks\Microsoft.NET.Sdk\targets\Microsoft.NET.Sdk.FrameworkReferenceResolution.targets(14,5): message :       GetReferenceAssemblyPaths;
       C:\Program Files\dotnet\sdk\10.0.200-preview.0.26103.119\Sdks\Microsoft.NET.Sdk\targets\Microsoft.NET.Sdk.FrameworkReferenceResolution.targets(14,5): message :       PrepareForBuild;
       C:\Program Files\dotnet\sdk\10.0.200-preview.0.26103.119\Sdks\Microsoft.NET.Sdk\targets\Microsoft.NET.Sdk.FrameworkReferenceResolution.targets(14,5): message :       ResolveSDKReferences;
       C:\Program Files\dotnet\sdk\10.0.200-preview.0.26103.119\Sdks\Microsoft.NET.Sdk\targets\Microsoft.NET.Sdk.FrameworkReferenceResolution.targets(14,5): message :       ExpandSDKReferences;
       C:\Program Files\dotnet\sdk\10.0.200-preview.0.26103.119\Sdks\Microsoft.NET.Sdk\targets\Microsoft.NET.Sdk.FrameworkReferenceResolution.targets(14,5): message :     ;
       C:\Program Files\dotnet\sdk\10.0.200-preview.0.26103.119\Sdks\Microsoft.NET.Sdk\targets\Microsoft.NET.Sdk.FrameworkReferenceResolution.targets(14,5): message :       ResolvePackageDependenciesForBuild;
       C:\Program Files\dotnet\sdk\10.0.200-preview.0.26103.119\Sdks\Microsoft.NET.Sdk\targets\Microsoft.NET.Sdk.FrameworkReferenceResolution.targets(14,5): message :       _HandlePackageFileConflicts;
       C:\Program Files\dotnet\sdk\10.0.200-preview.0.26103.119\Sdks\Microsoft.NET.Sdk\targets\Microsoft.NET.Sdk.FrameworkReferenceResolution.targets(14,5): message :     ")
       C:\Program Files\dotnet\sdk\10.0.200-preview.0.26103.119\Sdks\Microsoft.NET.Sdk\targets\Microsoft.NET.Sdk.targets(44,5): message : 속성 재할당: $(_GenerateRuntimeConfigurationPropertyInputsCache)=C:\Program Files\dotnet\sdk\10.0.200-preview.0.26103.119\Sdks\Microsoft.NET.Sdk\targets\Microsoft.NET.Sdk.targets (44,5)의 "e:\2026\infra\Shared\obj\Debug\net481\Shared.genruntimeconfig.cache"(이전 값: "obj\Debug\net481\Shared.genruntimeconfig.cache")
       C:\Program Files\dotnet\sdk\10.0.200-preview.0.26103.119\Sdks\Microsoft.NET.Sdk\targets\Microsoft.NET.Sdk.targets(46,5): message : 속성 재할당: $(_GeneratePublishDependencyFilePropertyInputsCache)=C:\Program Files\dotnet\sdk\10.0.200-preview.0.26103.119\Sdks\Microsoft.NET.Sdk\targets\Microsoft.NET.Sdk.targets (46,5)의 "e:\2026\infra\Shared\obj\Debug\net481\Shared.genpublishdeps.cache"(이전 값: "obj\Debug\net481\Shared.genpublishdeps.cache")
       C:\Program Files\dotnet\sdk\10.0.200-preview.0.26103.119\Sdks\Microsoft.NET.Sdk\targets\Microsoft.NET.Sdk.targets(48,5): message : 속성 재할당: $(_GenerateSingleFileBundlePropertyInputsCache)=C:\Program Files\dotnet\sdk\10.0.200-preview.0.26103.119\Sdks\Microsoft.NET.Sdk\targets\Microsoft.NET.Sdk.targets (48,5)의 "e:\2026\infra\Shared\obj\Debug\net481\Shared.genbundle.cache"(이전 값: "obj\Debug\net481\Shared.genbundle.cache")
       C:\Program Files\dotnet\sdk\10.0.200-preview.0.26103.119\Sdks\Microsoft.NET.Sdk\targets\Microsoft.NET.Sdk.targets(98,5): message : 환경에서 값이 'USERPROFILE'인 속성 'C:\Users\haoru'이(가) 확장되었습니다.
       C:\Program Files\dotnet\sdk\10.0.200-preview.0.26103.119\Sdks\Microsoft.NET.Sdk\targets\Microsoft.NET.Sdk.targets(98,5): message : 속성 재할당: $(_DefaultUserProfileRuntimeStorePath)=C:\Program Files\dotnet\sdk\10.0.200-preview.0.26103.119\Sdks\Microsoft.NET.Sdk\targets\Microsoft.NET.Sdk.targets (98,5)의 "C:\Users\haoru"(이전 값: "")
       C:\Program Files\dotnet\sdk\10.0.200-preview.0.26103.119\Sdks\Microsoft.NET.Sdk\targets\Microsoft.NET.Sdk.targets(99,5): message : 속성 재할당: $(_DefaultUserProfileRuntimeStorePath)=C:\Program Files\dotnet\sdk\10.0.200-preview.0.26103.119\Sdks\Microsoft.NET.Sdk\targets\Microsoft.NET.Sdk.targets (99,5)의 "C:\Users\haoru\.dotnet\store"(이전 값: "C:\Users\haoru")
       C:\Program Files\dotnet\sdk\10.0.200-preview.0.26103.119\Sdks\Microsoft.NET.Sdk\targets\Microsoft.NET.Sdk.targets(152,5): message : 속성 재할당: $(AvailablePlatforms)=C:\Program Files\dotnet\sdk\10.0.200-preview.0.26103.119\Sdks\Microsoft.NET.Sdk\targets\Microsoft.NET.Sdk.targets (152,5)의 "Any CPU,x86,x64,ARM64,ARM64"(이전 값: "Any CPU,x86,x64,ARM64")
       C:\Program Files\dotnet\sdk\10.0.200-preview.0.26103.119\Sdks\Microsoft.NET.Sdk\targets\Microsoft.NET.Sdk.targets(204,5): message : 속성 재할당: $(CoreBuildDependsOn)=C:\Program Files\dotnet\sdk\10.0.200-preview.0.26103.119\Sdks\Microsoft.NET.Sdk\targets\Microsoft.NET.Sdk.targets (204,5)의 "
       C:\Program Files\dotnet\sdk\10.0.200-preview.0.26103.119\Sdks\Microsoft.NET.Sdk\targets\Microsoft.NET.Sdk.targets(204,5): message :       _CheckForBuildWithNoBuild;
       C:\Program Files\dotnet\sdk\10.0.200-preview.0.26103.119\Sdks\Microsoft.NET.Sdk\targets\Microsoft.NET.Sdk.targets(204,5): message :       
       C:\Program Files\dotnet\sdk\10.0.200-preview.0.26103.119\Sdks\Microsoft.NET.Sdk\targets\Microsoft.NET.Sdk.targets(204,5): message :       BuildOnlySettings;
       C:\Program Files\dotnet\sdk\10.0.200-preview.0.26103.119\Sdks\Microsoft.NET.Sdk\targets\Microsoft.NET.Sdk.targets(204,5): message :       PrepareForBuild;
       C:\Program Files\dotnet\sdk\10.0.200-preview.0.26103.119\Sdks\Microsoft.NET.Sdk\targets\Microsoft.NET.Sdk.targets(204,5): message :       PreBuildEvent;
       C:\Program Files\dotnet\sdk\10.0.200-preview.0.26103.119\Sdks\Microsoft.NET.Sdk\targets\Microsoft.NET.Sdk.targets(204,5): message :       ResolveReferences;
       C:\Program Files\dotnet\sdk\10.0.200-preview.0.26103.119\Sdks\Microsoft.NET.Sdk\targets\Microsoft.NET.Sdk.targets(204,5): message :       PrepareResources;
       C:\Program Files\dotnet\sdk\10.0.200-preview.0.26103.119\Sdks\Microsoft.NET.Sdk\targets\Microsoft.NET.Sdk.targets(204,5): message :       ResolveKeySource;
       C:\Program Files\dotnet\sdk\10.0.200-preview.0.26103.119\Sdks\Microsoft.NET.Sdk\targets\Microsoft.NET.Sdk.targets(204,5): message :       Compile;
       C:\Program Files\dotnet\sdk\10.0.200-preview.0.26103.119\Sdks\Microsoft.NET.Sdk\targets\Microsoft.NET.Sdk.targets(204,5): message :       ExportWindowsMDFile;
       C:\Program Files\dotnet\sdk\10.0.200-preview.0.26103.119\Sdks\Microsoft.NET.Sdk\targets\Microsoft.NET.Sdk.targets(204,5): message :       UnmanagedUnregistration;
       C:\Program Files\dotnet\sdk\10.0.200-preview.0.26103.119\Sdks\Microsoft.NET.Sdk\targets\Microsoft.NET.Sdk.targets(204,5): message :       GenerateSerializationAssemblies;
       C:\Program Files\dotnet\sdk\10.0.200-preview.0.26103.119\Sdks\Microsoft.NET.Sdk\targets\Microsoft.NET.Sdk.targets(204,5): message :       CreateSatelliteAssemblies;
       C:\Program Files\dotnet\sdk\10.0.200-preview.0.26103.119\Sdks\Microsoft.NET.Sdk\targets\Microsoft.NET.Sdk.targets(204,5): message :       GenerateManifests;
       C:\Program Files\dotnet\sdk\10.0.200-preview.0.26103.119\Sdks\Microsoft.NET.Sdk\targets\Microsoft.NET.Sdk.targets(204,5): message :       GetTargetPath;
       C:\Program Files\dotnet\sdk\10.0.200-preview.0.26103.119\Sdks\Microsoft.NET.Sdk\targets\Microsoft.NET.Sdk.targets(204,5): message :       PrepareForRun;
       C:\Program Files\dotnet\sdk\10.0.200-preview.0.26103.119\Sdks\Microsoft.NET.Sdk\targets\Microsoft.NET.Sdk.targets(204,5): message :       UnmanagedRegistration;
       C:\Program Files\dotnet\sdk\10.0.200-preview.0.26103.119\Sdks\Microsoft.NET.Sdk\targets\Microsoft.NET.Sdk.targets(204,5): message :       IncrementalClean;
       C:\Program Files\dotnet\sdk\10.0.200-preview.0.26103.119\Sdks\Microsoft.NET.Sdk\targets\Microsoft.NET.Sdk.targets(204,5): message :       PostBuildEvent
       C:\Program Files\dotnet\sdk\10.0.200-preview.0.26103.119\Sdks\Microsoft.NET.Sdk\targets\Microsoft.NET.Sdk.targets(204,5): message :     ;
       C:\Program Files\dotnet\sdk\10.0.200-preview.0.26103.119\Sdks\Microsoft.NET.Sdk\targets\Microsoft.NET.Sdk.targets(204,5): message :       GenerateBuildDependencyFile;
       C:\Program Files\dotnet\sdk\10.0.200-preview.0.26103.119\Sdks\Microsoft.NET.Sdk\targets\Microsoft.NET.Sdk.targets(204,5): message :       GenerateBuildRuntimeConfigurationFiles
       C:\Program Files\dotnet\sdk\10.0.200-preview.0.26103.119\Sdks\Microsoft.NET.Sdk\targets\Microsoft.NET.Sdk.targets(204,5): message :     "(이전 값: "
       C:\Program Files\dotnet\sdk\10.0.200-preview.0.26103.119\Sdks\Microsoft.NET.Sdk\targets\Microsoft.NET.Sdk.targets(204,5): message :       BuildOnlySettings;
       C:\Program Files\dotnet\sdk\10.0.200-preview.0.26103.119\Sdks\Microsoft.NET.Sdk\targets\Microsoft.NET.Sdk.targets(204,5): message :       PrepareForBuild;
       C:\Program Files\dotnet\sdk\10.0.200-preview.0.26103.119\Sdks\Microsoft.NET.Sdk\targets\Microsoft.NET.Sdk.targets(204,5): message :       PreBuildEvent;
       C:\Program Files\dotnet\sdk\10.0.200-preview.0.26103.119\Sdks\Microsoft.NET.Sdk\targets\Microsoft.NET.Sdk.targets(204,5): message :       ResolveReferences;
       C:\Program Files\dotnet\sdk\10.0.200-preview.0.26103.119\Sdks\Microsoft.NET.Sdk\targets\Microsoft.NET.Sdk.targets(204,5): message :       PrepareResources;
       C:\Program Files\dotnet\sdk\10.0.200-preview.0.26103.119\Sdks\Microsoft.NET.Sdk\targets\Microsoft.NET.Sdk.targets(204,5): message :       ResolveKeySource;
       C:\Program Files\dotnet\sdk\10.0.200-preview.0.26103.119\Sdks\Microsoft.NET.Sdk\targets\Microsoft.NET.Sdk.targets(204,5): message :       Compile;
       C:\Program Files\dotnet\sdk\10.0.200-preview.0.26103.119\Sdks\Microsoft.NET.Sdk\targets\Microsoft.NET.Sdk.targets(204,5): message :       ExportWindowsMDFile;
       C:\Program Files\dotnet\sdk\10.0.200-preview.0.26103.119\Sdks\Microsoft.NET.Sdk\targets\Microsoft.NET.Sdk.targets(204,5): message :       UnmanagedUnregistration;
       C:\Program Files\dotnet\sdk\10.0.200-preview.0.26103.119\Sdks\Microsoft.NET.Sdk\targets\Microsoft.NET.Sdk.targets(204,5): message :       GenerateSerializationAssemblies;
       C:\Program Files\dotnet\sdk\10.0.200-preview.0.26103.119\Sdks\Microsoft.NET.Sdk\targets\Microsoft.NET.Sdk.targets(204,5): message :       CreateSatelliteAssemblies;
       C:\Program Files\dotnet\sdk\10.0.200-preview.0.26103.119\Sdks\Microsoft.NET.Sdk\targets\Microsoft.NET.Sdk.targets(204,5): message :       GenerateManifests;
       C:\Program Files\dotnet\sdk\10.0.200-preview.0.26103.119\Sdks\Microsoft.NET.Sdk\targets\Microsoft.NET.Sdk.targets(204,5): message :       GetTargetPath;
       C:\Program Files\dotnet\sdk\10.0.200-preview.0.26103.119\Sdks\Microsoft.NET.Sdk\targets\Microsoft.NET.Sdk.targets(204,5): message :       PrepareForRun;
       C:\Program Files\dotnet\sdk\10.0.200-preview.0.26103.119\Sdks\Microsoft.NET.Sdk\targets\Microsoft.NET.Sdk.targets(204,5): message :       UnmanagedRegistration;
       C:\Program Files\dotnet\sdk\10.0.200-preview.0.26103.119\Sdks\Microsoft.NET.Sdk\targets\Microsoft.NET.Sdk.targets(204,5): message :       IncrementalClean;
       C:\Program Files\dotnet\sdk\10.0.200-preview.0.26103.119\Sdks\Microsoft.NET.Sdk\targets\Microsoft.NET.Sdk.targets(204,5): message :       PostBuildEvent
       C:\Program Files\dotnet\sdk\10.0.200-preview.0.26103.119\Sdks\Microsoft.NET.Sdk\targets\Microsoft.NET.Sdk.targets(204,5): message :     ")
       C:\Program Files\dotnet\sdk\10.0.200-preview.0.26103.119\Sdks\Microsoft.NET.Sdk\targets\Microsoft.NET.Sdk.targets(213,5): message : 속성 재할당: $(CoreCleanDependsOn)=C:\Program Files\dotnet\sdk\10.0.200-preview.0.26103.119\Sdks\Microsoft.NET.Sdk\targets\Microsoft.NET.Sdk.targets (213,5)의 "
       C:\Program Files\dotnet\sdk\10.0.200-preview.0.26103.119\Sdks\Microsoft.NET.Sdk\targets\Microsoft.NET.Sdk.targets(213,5): message :       _SdkBeforeClean;
       C:\Program Files\dotnet\sdk\10.0.200-preview.0.26103.119\Sdks\Microsoft.NET.Sdk\targets\Microsoft.NET.Sdk.targets(213,5): message :       
       C:\Program Files\dotnet\sdk\10.0.200-preview.0.26103.119\Sdks\Microsoft.NET.Sdk\targets\Microsoft.NET.Sdk.targets(213,5): message :     "(이전 값: "")
       C:\Program Files\dotnet\sdk\10.0.200-preview.0.26103.119\Sdks\Microsoft.NET.Sdk\targets\Microsoft.NET.Sdk.targets(220,5): message : 속성 재할당: $(RebuildDependsOn)=C:\Program Files\dotnet\sdk\10.0.200-preview.0.26103.119\Sdks\Microsoft.NET.Sdk\targets\Microsoft.NET.Sdk.targets (220,5)의 "
       C:\Program Files\dotnet\sdk\10.0.200-preview.0.26103.119\Sdks\Microsoft.NET.Sdk\targets\Microsoft.NET.Sdk.targets(220,5): message :       _SdkBeforeRebuild;
       C:\Program Files\dotnet\sdk\10.0.200-preview.0.26103.119\Sdks\Microsoft.NET.Sdk\targets\Microsoft.NET.Sdk.targets(220,5): message :       
       C:\Program Files\dotnet\sdk\10.0.200-preview.0.26103.119\Sdks\Microsoft.NET.Sdk\targets\Microsoft.NET.Sdk.targets(220,5): message :       BeforeRebuild;
       C:\Program Files\dotnet\sdk\10.0.200-preview.0.26103.119\Sdks\Microsoft.NET.Sdk\targets\Microsoft.NET.Sdk.targets(220,5): message :       Clean;
       C:\Program Files\dotnet\sdk\10.0.200-preview.0.26103.119\Sdks\Microsoft.NET.Sdk\targets\Microsoft.NET.Sdk.targets(220,5): message :       Build;
       C:\Program Files\dotnet\sdk\10.0.200-preview.0.26103.119\Sdks\Microsoft.NET.Sdk\targets\Microsoft.NET.Sdk.targets(220,5): message :       AfterRebuild;
       C:\Program Files\dotnet\sdk\10.0.200-preview.0.26103.119\Sdks\Microsoft.NET.Sdk\targets\Microsoft.NET.Sdk.targets(220,5): message :     
       C:\Program Files\dotnet\sdk\10.0.200-preview.0.26103.119\Sdks\Microsoft.NET.Sdk\targets\Microsoft.NET.Sdk.targets(220,5): message :     "(이전 값: "
       C:\Program Files\dotnet\sdk\10.0.200-preview.0.26103.119\Sdks\Microsoft.NET.Sdk\targets\Microsoft.NET.Sdk.targets(220,5): message :       BeforeRebuild;
       C:\Program Files\dotnet\sdk\10.0.200-preview.0.26103.119\Sdks\Microsoft.NET.Sdk\targets\Microsoft.NET.Sdk.targets(220,5): message :       Clean;
       C:\Program Files\dotnet\sdk\10.0.200-preview.0.26103.119\Sdks\Microsoft.NET.Sdk\targets\Microsoft.NET.Sdk.targets(220,5): message :       Build;
       C:\Program Files\dotnet\sdk\10.0.200-preview.0.26103.119\Sdks\Microsoft.NET.Sdk\targets\Microsoft.NET.Sdk.targets(220,5): message :       AfterRebuild;
       C:\Program Files\dotnet\sdk\10.0.200-preview.0.26103.119\Sdks\Microsoft.NET.Sdk\targets\Microsoft.NET.Sdk.targets(220,5): message :     ")
       C:\Program Files\dotnet\sdk\10.0.200-preview.0.26103.119\Sdks\Microsoft.NET.Sdk\targets\Microsoft.NET.Sdk.targets(799,5): message : 속성 재할당: $(CompileDependsOn)=C:\Program Files\dotnet\sdk\10.0.200-preview.0.26103.119\Sdks\Microsoft.NET.Sdk\targets\Microsoft.NET.Sdk.targets (799,5)의 "
       C:\Program Files\dotnet\sdk\10.0.200-preview.0.26103.119\Sdks\Microsoft.NET.Sdk\targets\Microsoft.NET.Sdk.targets(799,5): message :       
       C:\Program Files\dotnet\sdk\10.0.200-preview.0.26103.119\Sdks\Microsoft.NET.Sdk\targets\Microsoft.NET.Sdk.targets(799,5): message :       ResolveReferences;
       C:\Program Files\dotnet\sdk\10.0.200-preview.0.26103.119\Sdks\Microsoft.NET.Sdk\targets\Microsoft.NET.Sdk.targets(799,5): message :       ResolveKeySource;
       C:\Program Files\dotnet\sdk\10.0.200-preview.0.26103.119\Sdks\Microsoft.NET.Sdk\targets\Microsoft.NET.Sdk.targets(799,5): message :       SetWin32ManifestProperties;
       C:\Program Files\dotnet\sdk\10.0.200-preview.0.26103.119\Sdks\Microsoft.NET.Sdk\targets\Microsoft.NET.Sdk.targets(799,5): message :       _SetPreferNativeArm64Win32ManifestProperties;
       C:\Program Files\dotnet\sdk\10.0.200-preview.0.26103.119\Sdks\Microsoft.NET.Sdk\targets\Microsoft.NET.Sdk.targets(799,5): message :       FindReferenceAssembliesForReferences;
       C:\Program Files\dotnet\sdk\10.0.200-preview.0.26103.119\Sdks\Microsoft.NET.Sdk\targets\Microsoft.NET.Sdk.targets(799,5): message :       _GenerateCompileInputs;
       C:\Program Files\dotnet\sdk\10.0.200-preview.0.26103.119\Sdks\Microsoft.NET.Sdk\targets\Microsoft.NET.Sdk.targets(799,5): message :       BeforeCompile;
       C:\Program Files\dotnet\sdk\10.0.200-preview.0.26103.119\Sdks\Microsoft.NET.Sdk\targets\Microsoft.NET.Sdk.targets(799,5): message :       _TimeStampBeforeCompile;
       C:\Program Files\dotnet\sdk\10.0.200-preview.0.26103.119\Sdks\Microsoft.NET.Sdk\targets\Microsoft.NET.Sdk.targets(799,5): message :       _GenerateCompileDependencyCache;
       C:\Program Files\dotnet\sdk\10.0.200-preview.0.26103.119\Sdks\Microsoft.NET.Sdk\targets\Microsoft.NET.Sdk.targets(799,5): message :       CoreCompile;
       C:\Program Files\dotnet\sdk\10.0.200-preview.0.26103.119\Sdks\Microsoft.NET.Sdk\targets\Microsoft.NET.Sdk.targets(799,5): message :       _TimeStampAfterCompile;
       C:\Program Files\dotnet\sdk\10.0.200-preview.0.26103.119\Sdks\Microsoft.NET.Sdk\targets\Microsoft.NET.Sdk.targets(799,5): message :       AfterCompile;
       C:\Program Files\dotnet\sdk\10.0.200-preview.0.26103.119\Sdks\Microsoft.NET.Sdk\targets\Microsoft.NET.Sdk.targets(799,5): message :     ;
       C:\Program Files\dotnet\sdk\10.0.200-preview.0.26103.119\Sdks\Microsoft.NET.Sdk\targets\Microsoft.NET.Sdk.targets(799,5): message :       _CreateAppHost;
       C:\Program Files\dotnet\sdk\10.0.200-preview.0.26103.119\Sdks\Microsoft.NET.Sdk\targets\Microsoft.NET.Sdk.targets(799,5): message :       _CreateComHost;
       C:\Program Files\dotnet\sdk\10.0.200-preview.0.26103.119\Sdks\Microsoft.NET.Sdk\targets\Microsoft.NET.Sdk.targets(799,5): message :       _GetIjwHostPaths;
       C:\Program Files\dotnet\sdk\10.0.200-preview.0.26103.119\Sdks\Microsoft.NET.Sdk\targets\Microsoft.NET.Sdk.targets(799,5): message :     "(이전 값: "
       C:\Program Files\dotnet\sdk\10.0.200-preview.0.26103.119\Sdks\Microsoft.NET.Sdk\targets\Microsoft.NET.Sdk.targets(799,5): message :       ResolveReferences;
       C:\Program Files\dotnet\sdk\10.0.200-preview.0.26103.119\Sdks\Microsoft.NET.Sdk\targets\Microsoft.NET.Sdk.targets(799,5): message :       ResolveKeySource;
       C:\Program Files\dotnet\sdk\10.0.200-preview.0.26103.119\Sdks\Microsoft.NET.Sdk\targets\Microsoft.NET.Sdk.targets(799,5): message :       SetWin32ManifestProperties;
       C:\Program Files\dotnet\sdk\10.0.200-preview.0.26103.119\Sdks\Microsoft.NET.Sdk\targets\Microsoft.NET.Sdk.targets(799,5): message :       _SetPreferNativeArm64Win32ManifestProperties;
       C:\Program Files\dotnet\sdk\10.0.200-preview.0.26103.119\Sdks\Microsoft.NET.Sdk\targets\Microsoft.NET.Sdk.targets(799,5): message :       FindReferenceAssembliesForReferences;
       C:\Program Files\dotnet\sdk\10.0.200-preview.0.26103.119\Sdks\Microsoft.NET.Sdk\targets\Microsoft.NET.Sdk.targets(799,5): message :       _GenerateCompileInputs;
       C:\Program Files\dotnet\sdk\10.0.200-preview.0.26103.119\Sdks\Microsoft.NET.Sdk\targets\Microsoft.NET.Sdk.targets(799,5): message :       BeforeCompile;
       C:\Program Files\dotnet\sdk\10.0.200-preview.0.26103.119\Sdks\Microsoft.NET.Sdk\targets\Microsoft.NET.Sdk.targets(799,5): message :       _TimeStampBeforeCompile;
       C:\Program Files\dotnet\sdk\10.0.200-preview.0.26103.119\Sdks\Microsoft.NET.Sdk\targets\Microsoft.NET.Sdk.targets(799,5): message :       _GenerateCompileDependencyCache;
       C:\Program Files\dotnet\sdk\10.0.200-preview.0.26103.119\Sdks\Microsoft.NET.Sdk\targets\Microsoft.NET.Sdk.targets(799,5): message :       CoreCompile;
       C:\Program Files\dotnet\sdk\10.0.200-preview.0.26103.119\Sdks\Microsoft.NET.Sdk\targets\Microsoft.NET.Sdk.targets(799,5): message :       _TimeStampAfterCompile;
       C:\Program Files\dotnet\sdk\10.0.200-preview.0.26103.119\Sdks\Microsoft.NET.Sdk\targets\Microsoft.NET.Sdk.targets(799,5): message :       AfterCompile;
       C:\Program Files\dotnet\sdk\10.0.200-preview.0.26103.119\Sdks\Microsoft.NET.Sdk\targets\Microsoft.NET.Sdk.targets(799,5): message :     ")
       C:\Program Files\dotnet\sdk\10.0.200-preview.0.26103.119\Sdks\Microsoft.NET.Sdk\targets\Microsoft.NET.Sdk.targets(1131,5): message : 속성 재할당: $(CreateSatelliteAssembliesDependsOn)=C:\Program Files\dotnet\sdk\10.0.200-preview.0.26103.119\Sdks\Microsoft.NET.Sdk\targets\Microsoft.NET.Sdk.targets (1131,5)의 "
       C:\Program Files\dotnet\sdk\10.0.200-preview.0.26103.119\Sdks\Microsoft.NET.Sdk\targets\Microsoft.NET.Sdk.targets(1131,5): message :       
       C:\Program Files\dotnet\sdk\10.0.200-preview.0.26103.119\Sdks\Microsoft.NET.Sdk\targets\Microsoft.NET.Sdk.targets(1131,5): message :       ;
       C:\Program Files\dotnet\sdk\10.0.200-preview.0.26103.119\Sdks\Microsoft.NET.Sdk\targets\Microsoft.NET.Sdk.targets(1131,5): message :       _GenerateSatelliteAssemblyInputs;
       C:\Program Files\dotnet\sdk\10.0.200-preview.0.26103.119\Sdks\Microsoft.NET.Sdk\targets\Microsoft.NET.Sdk.targets(1131,5): message :       ComputeIntermediateSatelliteAssemblies;
       C:\Program Files\dotnet\sdk\10.0.200-preview.0.26103.119\Sdks\Microsoft.NET.Sdk\targets\Microsoft.NET.Sdk.targets(1131,5): message :       GenerateSatelliteAssemblies
       C:\Program Files\dotnet\sdk\10.0.200-preview.0.26103.119\Sdks\Microsoft.NET.Sdk\targets\Microsoft.NET.Sdk.targets(1131,5): message :     ;
       C:\Program Files\dotnet\sdk\10.0.200-preview.0.26103.119\Sdks\Microsoft.NET.Sdk\targets\Microsoft.NET.Sdk.targets(1131,5): message :       CoreGenerateSatelliteAssemblies
       C:\Program Files\dotnet\sdk\10.0.200-preview.0.26103.119\Sdks\Microsoft.NET.Sdk\targets\Microsoft.NET.Sdk.targets(1131,5): message :     "(이전 값: "
       C:\Program Files\dotnet\sdk\10.0.200-preview.0.26103.119\Sdks\Microsoft.NET.Sdk\targets\Microsoft.NET.Sdk.targets(1131,5): message :       ;
       C:\Program Files\dotnet\sdk\10.0.200-preview.0.26103.119\Sdks\Microsoft.NET.Sdk\targets\Microsoft.NET.Sdk.targets(1131,5): message :       _GenerateSatelliteAssemblyInputs;
       C:\Program Files\dotnet\sdk\10.0.200-preview.0.26103.119\Sdks\Microsoft.NET.Sdk\targets\Microsoft.NET.Sdk.targets(1131,5): message :       ComputeIntermediateSatelliteAssemblies;
       C:\Program Files\dotnet\sdk\10.0.200-preview.0.26103.119\Sdks\Microsoft.NET.Sdk\targets\Microsoft.NET.Sdk.targets(1131,5): message :       GenerateSatelliteAssemblies
       C:\Program Files\dotnet\sdk\10.0.200-preview.0.26103.119\Sdks\Microsoft.NET.Sdk\targets\Microsoft.NET.Sdk.targets(1131,5): message :     ")
       C:\Program Files\dotnet\sdk\10.0.200-preview.0.26103.119\Sdks\Microsoft.SourceLink.GitLab\build\Microsoft.SourceLink.GitLab.targets(12,5): message : 속성 재할당: $(SourceLinkUrlInitializerTargets)=C:\Program Files\dotnet\sdk\10.0.200-preview.0.26103.119\Sdks\Microsoft.SourceLink.GitLab\build\Microsoft.SourceLink.GitLab.targets (12,5)의 ";_InitializeGitHubSourceLinkUrl;_InitializeGitLabSourceLinkUrl"(이전 값: ";_InitializeGitHubSourceLinkUrl")
       C:\Program Files\dotnet\sdk\10.0.200-preview.0.26103.119\Sdks\Microsoft.SourceLink.GitLab\build\Microsoft.SourceLink.GitLab.targets(13,5): message : 속성 재할당: $(SourceControlManagerUrlTranslationTargets)=C:\Program Files\dotnet\sdk\10.0.200-preview.0.26103.119\Sdks\Microsoft.SourceLink.GitLab\build\Microsoft.SourceLink.GitLab.targets (13,5)의 ";TranslateGitHubUrlsInSourceControlInformation;TranslateGitLabUrlsInSourceControlInformation"(이전 값: ";TranslateGitHubUrlsInSourceControlInformation")
       C:\Program Files\dotnet\sdk\10.0.200-preview.0.26103.119\Sdks\Microsoft.SourceLink.AzureRepos.Git\build\Microsoft.SourceLink.AzureRepos.Git.targets(12,5): message : 속성 재할당: $(SourceLinkUrlInitializerTargets)=C:\Program Files\dotnet\sdk\10.0.200-preview.0.26103.119\Sdks\Microsoft.SourceLink.AzureRepos.Git\build\Microsoft.SourceLink.AzureRepos.Git.targets (12,5)의 ";_InitializeGitHubSourceLinkUrl;_InitializeGitLabSourceLinkUrl;_InitializeAzureReposGitSourceLinkUrl"(이전 값: ";_InitializeGitHubSourceLinkUrl;_InitializeGitLabSourceLinkUrl")
       C:\Program Files\dotnet\sdk\10.0.200-preview.0.26103.119\Sdks\Microsoft.SourceLink.AzureRepos.Git\build\Microsoft.SourceLink.AzureRepos.Git.targets(13,5): message : 속성 재할당: $(SourceControlManagerUrlTranslationTargets)=C:\Program Files\dotnet\sdk\10.0.200-preview.0.26103.119\Sdks\Microsoft.SourceLink.AzureRepos.Git\build\Microsoft.SourceLink.AzureRepos.Git.targets (13,5)의 ";TranslateGitHubUrlsInSourceControlInformation;TranslateGitLabUrlsInSourceControlInformation;TranslateAzureReposGitUrlsInSourceControlInformation"(이전 값: ";TranslateGitHubUrlsInSourceControlInformation;TranslateGitLabUrlsInSourceControlInformation")
       C:\Program Files\dotnet\sdk\10.0.200-preview.0.26103.119\Sdks\Microsoft.SourceLink.Bitbucket.Git\build\Microsoft.SourceLink.Bitbucket.Git.targets(12,5): message : 속성 재할당: $(SourceLinkUrlInitializerTargets)=C:\Program Files\dotnet\sdk\10.0.200-preview.0.26103.119\Sdks\Microsoft.SourceLink.Bitbucket.Git\build\Microsoft.SourceLink.Bitbucket.Git.targets (12,5)의 ";_InitializeGitHubSourceLinkUrl;_InitializeGitLabSourceLinkUrl;_InitializeAzureReposGitSourceLinkUrl;_InitializeBitbucketGitSourceLinkUrl"(이전 값: ";_InitializeGitHubSourceLinkUrl;_InitializeGitLabSourceLinkUrl;_InitializeAzureReposGitSourceLinkUrl")
       C:\Program Files\dotnet\sdk\10.0.200-preview.0.26103.119\Sdks\Microsoft.SourceLink.Bitbucket.Git\build\Microsoft.SourceLink.Bitbucket.Git.targets(13,5): message : 속성 재할당: $(SourceControlManagerUrlTranslationTargets)=C:\Program Files\dotnet\sdk\10.0.200-preview.0.26103.119\Sdks\Microsoft.SourceLink.Bitbucket.Git\build\Microsoft.SourceLink.Bitbucket.Git.targets (13,5)의 ";TranslateGitHubUrlsInSourceControlInformation;TranslateGitLabUrlsInSourceControlInformation;TranslateAzureReposGitUrlsInSourceControlInformation;TranslateBitbucketGitUrlsInSourceControlInformation"(이전 값: ";TranslateGitHubUrlsInSourceControlInformation;TranslateGitLabUrlsInSourceControlInformation;TranslateAzureReposGitUrlsInSourceControlInformation")
       C:\Program Files\dotnet\sdk\10.0.200-preview.0.26103.119\Sdks\Microsoft.NET.Sdk\targets\Microsoft.NET.DesignerSupport.targets(21,5): message : 속성 재할당: $(DesignerRuntimeImplementationProjectOutputGroupDependsOn)=C:\Program Files\dotnet\sdk\10.0.200-preview.0.26103.119\Sdks\Microsoft.NET.Sdk\targets\Microsoft.NET.DesignerSupport.targets (21,5)의 "
       C:\Program Files\dotnet\sdk\10.0.200-preview.0.26103.119\Sdks\Microsoft.NET.Sdk\targets\Microsoft.NET.DesignerSupport.targets(21,5): message :       
       C:\Program Files\dotnet\sdk\10.0.200-preview.0.26103.119\Sdks\Microsoft.NET.Sdk\targets\Microsoft.NET.DesignerSupport.targets(21,5): message :       ;
       C:\Program Files\dotnet\sdk\10.0.200-preview.0.26103.119\Sdks\Microsoft.NET.Sdk\targets\Microsoft.NET.DesignerSupport.targets(21,5): message :       
       C:\Program Files\dotnet\sdk\10.0.200-preview.0.26103.119\Sdks\Microsoft.NET.Sdk\targets\Microsoft.NET.DesignerSupport.targets(21,5): message :       ;
       C:\Program Files\dotnet\sdk\10.0.200-preview.0.26103.119\Sdks\Microsoft.NET.Sdk\targets\Microsoft.NET.DesignerSupport.targets(21,5): message :       BuildOnlySettings;
       C:\Program Files\dotnet\sdk\10.0.200-preview.0.26103.119\Sdks\Microsoft.NET.Sdk\targets\Microsoft.NET.DesignerSupport.targets(21,5): message :       PrepareForBuild;
       C:\Program Files\dotnet\sdk\10.0.200-preview.0.26103.119\Sdks\Microsoft.NET.Sdk\targets\Microsoft.NET.DesignerSupport.targets(21,5): message :       AssignTargetPaths;
       C:\Program Files\dotnet\sdk\10.0.200-preview.0.26103.119\Sdks\Microsoft.NET.Sdk\targets\Microsoft.NET.DesignerSupport.targets(21,5): message :       ResolveReferences
       C:\Program Files\dotnet\sdk\10.0.200-preview.0.26103.119\Sdks\Microsoft.NET.Sdk\targets\Microsoft.NET.DesignerSupport.targets(21,5): message :     
       C:\Program Files\dotnet\sdk\10.0.200-preview.0.26103.119\Sdks\Microsoft.NET.Sdk\targets\Microsoft.NET.DesignerSupport.targets(21,5): message :     ;
       C:\Program Files\dotnet\sdk\10.0.200-preview.0.26103.119\Sdks\Microsoft.NET.Sdk\targets\Microsoft.NET.DesignerSupport.targets(21,5): message :       _GenerateDesignerDepsFile;
       C:\Program Files\dotnet\sdk\10.0.200-preview.0.26103.119\Sdks\Microsoft.NET.Sdk\targets\Microsoft.NET.DesignerSupport.targets(21,5): message :       _GenerateDesignerRuntimeConfigFile;
       C:\Program Files\dotnet\sdk\10.0.200-preview.0.26103.119\Sdks\Microsoft.NET.Sdk\targets\Microsoft.NET.DesignerSupport.targets(21,5): message :       GetCopyToOutputDirectoryItems;
       C:\Program Files\dotnet\sdk\10.0.200-preview.0.26103.119\Sdks\Microsoft.NET.Sdk\targets\Microsoft.NET.DesignerSupport.targets(21,5): message :       _GatherDesignerShadowCopyFiles;
       C:\Program Files\dotnet\sdk\10.0.200-preview.0.26103.119\Sdks\Microsoft.NET.Sdk\targets\Microsoft.NET.DesignerSupport.targets(21,5): message :     "(이전 값: "
       C:\Program Files\dotnet\sdk\10.0.200-preview.0.26103.119\Sdks\Microsoft.NET.Sdk\targets\Microsoft.NET.DesignerSupport.targets(21,5): message :       ;
       C:\Program Files\dotnet\sdk\10.0.200-preview.0.26103.119\Sdks\Microsoft.NET.Sdk\targets\Microsoft.NET.DesignerSupport.targets(21,5): message :       
       C:\Program Files\dotnet\sdk\10.0.200-preview.0.26103.119\Sdks\Microsoft.NET.Sdk\targets\Microsoft.NET.DesignerSupport.targets(21,5): message :       ;
       C:\Program Files\dotnet\sdk\10.0.200-preview.0.26103.119\Sdks\Microsoft.NET.Sdk\targets\Microsoft.NET.DesignerSupport.targets(21,5): message :       BuildOnlySettings;
       C:\Program Files\dotnet\sdk\10.0.200-preview.0.26103.119\Sdks\Microsoft.NET.Sdk\targets\Microsoft.NET.DesignerSupport.targets(21,5): message :       PrepareForBuild;
       C:\Program Files\dotnet\sdk\10.0.200-preview.0.26103.119\Sdks\Microsoft.NET.Sdk\targets\Microsoft.NET.DesignerSupport.targets(21,5): message :       AssignTargetPaths;
       C:\Program Files\dotnet\sdk\10.0.200-preview.0.26103.119\Sdks\Microsoft.NET.Sdk\targets\Microsoft.NET.DesignerSupport.targets(21,5): message :       ResolveReferences
       C:\Program Files\dotnet\sdk\10.0.200-preview.0.26103.119\Sdks\Microsoft.NET.Sdk\targets\Microsoft.NET.DesignerSupport.targets(21,5): message :     
       C:\Program Files\dotnet\sdk\10.0.200-preview.0.26103.119\Sdks\Microsoft.NET.Sdk\targets\Microsoft.NET.DesignerSupport.targets(21,5): message :     ")
       C:\Program Files\dotnet\sdk\10.0.200-preview.0.26103.119\Sdks\Microsoft.NET.Sdk\targets\Microsoft.NET.Windows.targets(44,5): message : 속성 재할당: $(EffectiveTargetPlatformVersion)=C:\Program Files\dotnet\sdk\10.0.200-preview.0.26103.119\Sdks\Microsoft.NET.Sdk\targets\Microsoft.NET.Windows.targets (44,5)의 "7.0"(이전 값: "")
       C:\Program Files\dotnet\sdk\10.0.200-preview.0.26103.119\Sdks\Microsoft.NET.Sdk\targets\Microsoft.NET.Windows.targets(60,5): message : 속성 재할당: $(SupportedOSPlatformVersion)=C:\Program Files\dotnet\sdk\10.0.200-preview.0.26103.119\Sdks\Microsoft.NET.Sdk\targets\Microsoft.NET.Windows.targets (60,5)의 "7.0"(이전 값: "")
       C:\Program Files\dotnet\sdk\10.0.200-preview.0.26103.119\Sdks\Microsoft.NET.Sdk\targets\Microsoft.NET.Windows.targets(61,5): message : 속성 재할당: $(TargetPlatformMinVersion)=C:\Program Files\dotnet\sdk\10.0.200-preview.0.26103.119\Sdks\Microsoft.NET.Sdk\targets\Microsoft.NET.Windows.targets (61,5)의 "7.0"(이전 값: "")
       C:\Program Files\dotnet\sdk\10.0.200-preview.0.26103.119\Sdks\Microsoft.NET.Sdk\targets\Microsoft.NET.Windows.targets(239,5): message : 속성 재할당: $(_RunCsWinRTGeneratorPropertyInputsCachePath)=C:\Program Files\dotnet\sdk\10.0.200-preview.0.26103.119\Sdks\Microsoft.NET.Sdk\targets\Microsoft.NET.Windows.targets (239,5)의 "e:\2026\infra\Shared\obj\Debug\net481\Shared.cswinrtgen.cache"(이전 값: "obj\Debug\net481\Shared.cswinrtgen.cache")
       C:\Program Files\dotnet\sdk\10.0.200-preview.0.26103.119\NuGet.Build.Tasks.Pack.targets(34,5): message : 속성 재할당: $(PackageDescription)=C:\Program Files\dotnet\sdk\10.0.200-preview.0.26103.119\NuGet.Build.Tasks.Pack.targets (34,5)의 "Package Description"(이전 값: "")
       C:\Program Files\dotnet\sdk\10.0.200-preview.0.26103.119\NuGet.Build.Tasks.Pack.targets(59,5): message : 속성 재할당: $(GenerateNuspecDependsOn)=C:\Program Files\dotnet\sdk\10.0.200-preview.0.26103.119\NuGet.Build.Tasks.Pack.targets (59,5)의 "Build;_LoadPackInputItems; _GetTargetFrameworksOutput; _WalkEachTargetPerFramework; _GetPackageFiles; "(이전 값: "_LoadPackInputItems; _GetTargetFrameworksOutput; _WalkEachTargetPerFramework; _GetPackageFiles; ")
       C:\Program Files\dotnet\sdk\10.0.200-preview.0.26103.119\Sdks\Microsoft.NET.Sdk\Sdk\Sdk.targets(59,5): message : 속성 재할당: $(_IsNotSetContainersTargetsDir)=C:\Program Files\dotnet\sdk\10.0.200-preview.0.26103.119\Sdks\Microsoft.NET.Sdk\Sdk\Sdk.targets (59,5)의 "true"(이전 값: "false")
       C:\Program Files\dotnet\sdk\10.0.200-preview.0.26103.119\Containers\build\Microsoft.NET.Build.Containers.targets(5,5): message : 속성 재할당: $(_IsSDKContainerAllowedVersion)=C:\Program Files\dotnet\sdk\10.0.200-preview.0.26103.119\Containers\build\Microsoft.NET.Build.Containers.targets (5,5)의 "true"(이전 값: "false")
       "C:\Program Files\dotnet\sdk\10.0.200-preview.0.26103.119\Microsoft.Common.CurrentVersion.targets" 프로젝트의 "GetFrameworkPaths" 대상을 "C:\Program Files\dotnet\sdk\10.0.200-preview.0.26103.119\Microsoft.NETFramework.CurrentVersion.targets" 프로젝트의 "GetFrameworkPaths" 대상으로 재정의하고 있습니다.
       "C:\Program Files\dotnet\sdk\10.0.200-preview.0.26103.119\Microsoft.Common.CurrentVersion.targets" 프로젝트의 "ResolveFrameworkReferences" 대상을 "C:\Program Files\dotnet\sdk\10.0.200-preview.0.26103.119\Sdks\Microsoft.NET.Sdk\targets\Microsoft.NET.Sdk.FrameworkReferenceResolution.targets" 프로젝트의 "ResolveFrameworkReferences" 대상으로 재정의하고 있습니다.
       "C:\Program Files\dotnet\sdk\10.0.200-preview.0.26103.119\Microsoft.Common.CurrentVersion.targets" 프로젝트의 "GenerateSupportedTargetFrameworkAlias" 대상을 "C:\Program Files\dotnet\sdk\10.0.200-preview.0.26103.119\Sdks\Microsoft.NET.Sdk\targets\Microsoft.NET.Sdk.targets" 프로젝트의 "GenerateSupportedTargetFrameworkAlias" 대상으로 재정의하고 있습니다.
       "C:\Program Files\dotnet\sdk\10.0.200-preview.0.26103.119\Microsoft.Common.CurrentVersion.targets" 프로젝트의 "DesignerRuntimeImplementationProjectOutputGroup" 대상을 "C:\Program Files\dotnet\sdk\10.0.200-preview.0.26103.119\Sdks\Microsoft.NET.Sdk\targets\Microsoft.NET.DesignerSupport.targets" 프로젝트의 "DesignerRuntimeImplementationProjectOutputGroup" 대상으로 재정의하고 있습니다.
       "C:\Program Files\dotnet\sdk\10.0.200-preview.0.26103.119\Microsoft.Common.CurrentVersion.targets" 프로젝트의 "Publish" 대상을 "C:\Program Files\dotnet\sdk\10.0.200-preview.0.26103.119\Sdks\Microsoft.NET.Sdk\targets\Microsoft.NET.Publish.targets" 프로젝트의 "Publish" 대상으로 재정의하고 있습니다.
       "C:\Program Files\dotnet\sdk\10.0.200-preview.0.26103.119\Sdks\Microsoft.NET.Sdk\targets\Microsoft.NET.CrossGen.targets" 프로젝트의 "ResolveReadyToRunCompilers" 대상을 "C:\Program Files\dotnet\sdk\10.0.200-preview.0.26103.119\Sdks\Microsoft.NET.Sdk\targets\Microsoft.NET.Publish.targets" 프로젝트의 "ResolveReadyToRunCompilers" 대상으로 재정의하고 있습니다.
       "C:\Program Files\dotnet\sdk\10.0.200-preview.0.26103.119\Microsoft.Common.CurrentVersion.targets" 프로젝트의 "GetCopyToPublishDirectoryItems" 대상을 "C:\Program Files\dotnet\sdk\10.0.200-preview.0.26103.119\Sdks\Microsoft.NET.Sdk\targets\Microsoft.NET.Publish.targets" 프로젝트의 "GetCopyToPublishDirectoryItems" 대상으로 재정의하고 있습니다.
       "C:\Program Files\dotnet\sdk\10.0.200-preview.0.26103.119\Microsoft.Common.CurrentVersion.targets" 프로젝트의 "Run" 대상을 "C:\Program Files\dotnet\sdk\10.0.200-preview.0.26103.119\Sdks\Microsoft.NET.Sdk\targets\Microsoft.NET.Sdk.targets" 프로젝트의 "Run" 대상으로 재정의하고 있습니다.
     1>"e:\2026\infra\Shared\Shared.vbproj"(1) 프로젝트가 1 노드에서 "e:\2026\infra\Shared\Shared.vbproj"(1:2)을(를) 빌드하고 있습니다(_IsProjectRestoreSupported 대상).
   1:2>"e:\2026\infra\Shared\Shared.vbproj" 프로젝트의 "C:\Program Files\dotnet\sdk\10.0.200-preview.0.26103.119\NuGet.targets" 파일에 있는 "_IsProjectRestoreSupported" 대상(진입점):
   1:2>"Shared.vbproj" 프로젝트에 "_IsProjectRestoreSupported" 대상을 빌드했습니다.
   1:2>"e:\2026\infra\Shared\Shared.vbproj" 프로젝트를 빌드했습니다(_IsProjectRestoreSupported 대상).
     1>"MSBuild" 작업을 실행했습니다.
       TaskRun 동안 로드된 어셈블리: NuGet.Build.Tasks, Version=7.3.0.0, Culture=neutral, PublicKeyToken=31bf3856ad364e35(위치: C:\Program Files\dotnet\sdk\10.0.200-preview.0.26103.119\NuGet.Build.Tasks.dll, MVID: a381e003-9b56-4c39-97c0-1ce9c055b7b5, AssemblyLoadContext: MSBuild plugin C:\Program Files\dotnet\sdk\10.0.200-preview.0.26103.119\NuGet.Build.Tasks.dll)
       TaskRun 동안 로드된 어셈블리: NuGet.Common, Version=7.3.0.0, Culture=neutral, PublicKeyToken=31bf3856ad364e35(위치: C:\Program Files\dotnet\sdk\10.0.200-preview.0.26103.119\NuGet.Common.dll, MVID: 3bc17f63-ea68-4d0b-8912-70a8afe877d8, AssemblyLoadContext: MSBuild plugin C:\Program Files\dotnet\sdk\10.0.200-preview.0.26103.119\NuGet.Build.Tasks.dll)
       TaskRun 동안 로드된 어셈블리: NuGet.Commands, Version=7.3.0.0, Culture=neutral, PublicKeyToken=31bf3856ad364e35(위치: C:\Program Files\dotnet\sdk\10.0.200-preview.0.26103.119\NuGet.Commands.dll, MVID: 318676e9-0df6-452c-ab0f-8db17ecc11b5, AssemblyLoadContext: MSBuild plugin C:\Program Files\dotnet\sdk\10.0.200-preview.0.26103.119\NuGet.Build.Tasks.dll)
       TaskRun 동안 로드된 어셈블리: NuGet.ProjectModel, Version=7.3.0.0, Culture=neutral, PublicKeyToken=31bf3856ad364e35(위치: C:\Program Files\dotnet\sdk\10.0.200-preview.0.26103.119\NuGet.ProjectModel.dll, MVID: 71e40183-a5bf-4d96-bfdc-ddf7b6d279e8, AssemblyLoadContext: MSBuild plugin C:\Program Files\dotnet\sdk\10.0.200-preview.0.26103.119\NuGet.Build.Tasks.dll)
       "C:\Program Files\dotnet\sdk\10.0.200-preview.0.26103.119\NuGet.Build.Tasks.dll" 어셈블리에서 "WarnForInvalidProjectsTask" 작업을 사용합니다.
       "WarnForInvalidProjectsTask" 작업
       "WarnForInvalidProjectsTask" 작업을 실행했습니다.
     1>"Shared.vbproj" 프로젝트에 "_FilterRestoreGraphProjectInputItems" 대상을 빌드했습니다.
       "_FilterRestoreGraphProjectInputItems" 대상을 건너뜁니다. 이전에 빌드되었습니다.
     1>"e:\2026\infra\Shared\Shared.vbproj" 프로젝트의 "C:\Program Files\dotnet\sdk\10.0.200-preview.0.26103.119\NuGet.targets" 파일에 있는 "_GetAllRestoreProjectPathItems" 대상("_GenerateRestoreGraph" 대상이 종속됨):
       "C:\Program Files\dotnet\sdk\10.0.200-preview.0.26103.119\NuGet.Build.Tasks.dll" 어셈블리에서 "NuGetMessageTask" 작업을 사용합니다.
       "NuGetMessageTask" 작업
         TaskRun (NuGet.Build.Tasks.NuGetMessageTask) 동안 로드된 어셈블리: NuGet.Build.Tasks.resources, Version=7.3.0.0, Culture=ko, PublicKeyToken=31bf3856ad364e35(위치: C:\Program Files\dotnet\sdk\10.0.200-preview.0.26103.119\ko\NuGet.Build.Tasks.resources.dll, MVID: 62c7b91f-c989-43b6-afe5-9e36f9d04acc, AssemblyLoadContext: MSBuild plugin C:\Program Files\dotnet\sdk\10.0.200-preview.0.26103.119\NuGet.Build.Tasks.dll)
         복원할 프로젝트를 확인하는 중...
       "NuGetMessageTask" 작업을 실행했습니다.
       "MSBuild" 작업
         전역 속성:
           ExcludeRestorePackageImports=true
     1>"e:\2026\infra\Shared\Shared.vbproj"(1) 프로젝트가 1 노드에서 "e:\2026\infra\Shared\Shared.vbproj"(1:3)을(를) 빌드하고 있습니다(_GenerateRestoreProjectPathWalk 대상).
   1:3>"e:\2026\infra\Shared\Shared.vbproj" 프로젝트의 "C:\Program Files\dotnet\sdk\10.0.200-preview.0.26103.119\NuGet.targets" 파일에 있는 "_GenerateRestoreProjectPathItemsPerFramework" 대상("_GenerateRestoreProjectPathItemsCurrentProject" 대상이 종속됨):
   1:3>"Microsoft.Build.Tasks.Core, Version=15.1.0.0, Culture=neutral, PublicKeyToken=b03f5f7f11d50a3a" 어셈블리에서 "ConvertToAbsolutePath" 작업을 사용합니다.
       "ConvertToAbsolutePath" 작업
       "ConvertToAbsolutePath" 작업을 실행했습니다.
   1:3>"Shared.vbproj" 프로젝트에 "_GenerateRestoreProjectPathItemsPerFramework" 대상을 빌드했습니다.
   1:3>"e:\2026\infra\Shared\Shared.vbproj" 프로젝트의 "C:\Program Files\dotnet\sdk\10.0.200-preview.0.26103.119\NuGet.targets" 파일에 있는 "_GenerateRestoreProjectPathItemsCurrentProject" 대상("_GenerateRestoreProjectPathItems" 대상이 종속됨):
   1:3>"Shared.vbproj" 프로젝트에 "_GenerateRestoreProjectPathItemsCurrentProject" 대상을 빌드했습니다.
   1:3>"e:\2026\infra\Shared\Shared.vbproj" 프로젝트의 "C:\Program Files\dotnet\sdk\10.0.200-preview.0.26103.119\NuGet.targets" 파일에 있는 "_GenerateRestoreProjectPathItems" 대상("_GenerateRestoreProjectPathWalk" 대상이 종속됨):
       "RemoveDuplicates" 작업
       "RemoveDuplicates" 작업을 실행했습니다.
   1:3>"Shared.vbproj" 프로젝트에 "_GenerateRestoreProjectPathItems" 대상을 빌드했습니다.
   1:3>"e:\2026\infra\Shared\Shared.vbproj" 프로젝트의 "C:\Program Files\dotnet\sdk\10.0.200-preview.0.26103.119\NuGet.targets" 파일에 있는 "_GenerateRestoreProjectPathWalk" 대상(진입점):
       "MSBuild" 작업
       "MSBuild" 작업을 실행했습니다.
       "RemoveDuplicates" 작업
       "RemoveDuplicates" 작업을 실행했습니다.
   1:3>"Shared.vbproj" 프로젝트에 "_GenerateRestoreProjectPathWalk" 대상을 빌드했습니다.
   1:3>"e:\2026\infra\Shared\Shared.vbproj" 프로젝트를 빌드했습니다(_GenerateRestoreProjectPathWalk 대상).
     1>"MSBuild" 작업을 실행했습니다.
       "RemoveDuplicates" 작업
       "RemoveDuplicates" 작업을 실행했습니다.
       "MSBuild" 작업
         전역 속성:
           ExcludeRestorePackageImports=true
     1>"e:\2026\infra\Shared\Shared.vbproj"(1) 프로젝트가 1 노드에서 "e:\2026\infra\Shared\Shared.vbproj"(1:4)을(를) 빌드하고 있습니다(_IsProjectRestoreSupported 대상).
   1:4>"_IsProjectRestoreSupported" 대상을 건너뜁니다. 이전에 빌드되었습니다.
   1:4>"e:\2026\infra\Shared\Shared.vbproj" 프로젝트를 빌드했습니다(_IsProjectRestoreSupported 대상).
     1>"MSBuild" 작업을 실행했습니다.
     1>"Shared.vbproj" 프로젝트에 "_GetAllRestoreProjectPathItems" 대상을 빌드했습니다.
     1>"e:\2026\infra\Shared\Shared.vbproj" 프로젝트의 "C:\Program Files\dotnet\sdk\10.0.200-preview.0.26103.119\NuGet.targets" 파일에 있는 "_GenerateRestoreGraph" 대상("Restore" 대상이 종속됨):
       "Microsoft.Build.Tasks.Core, Version=15.1.0.0, Culture=neutral, PublicKeyToken=b03f5f7f11d50a3a" 어셈블리에서 "Message" 작업을 사용합니다.
       "Message" 작업
         Generating dg file
       "Message" 작업을 실행했습니다.
       "Message" 작업
         e:\2026\infra\Shared\Shared.vbproj
       "Message" 작업을 실행했습니다.
       "MSBuild" 작업
         전역 속성:
           ExcludeRestorePackageImports=true
     1>"e:\2026\infra\Shared\Shared.vbproj"(1) 프로젝트가 1 노드에서 "e:\2026\infra\Shared\Shared.vbproj"(1:5)을(를) 빌드하고 있습니다(_GenerateRestoreGraphProjectEntry 대상).
   1:5>"e:\2026\infra\Shared\Shared.vbproj" 프로젝트의 "C:\Program Files\dotnet\sdk\10.0.200-preview.0.26103.119\Sdks\Microsoft.NET.Sdk\targets\Microsoft.NET.TargetFrameworkInference.targets" 파일에 있는 "_CheckForUnsupportedCppNETCoreVersion" 대상("CollectPackageReferences" 대상이 종속됨):
   1:5>"Shared.vbproj" 프로젝트에 "_CheckForUnsupportedCppNETCoreVersion" 대상을 빌드했습니다.
   1:5>"e:\2026\infra\Shared\Shared.vbproj" 프로젝트의 "C:\Program Files\dotnet\sdk\10.0.200-preview.0.26103.119\Sdks\Microsoft.NET.Sdk\targets\Microsoft.NET.TargetFrameworkInference.targets" 파일에 있는 "_CheckForUnsupportedTargetFrameworkAndFeatureCombination" 대상("CollectPackageReferences" 대상이 종속됨):
   1:5>"Shared.vbproj" 프로젝트에 "_CheckForUnsupportedTargetFrameworkAndFeatureCombination" 대상을 빌드했습니다.
   1:5>"e:\2026\infra\Shared\Shared.vbproj" 프로젝트의 "C:\Program Files\dotnet\sdk\10.0.200-preview.0.26103.119\Sdks\Microsoft.NET.Sdk\targets\Microsoft.NET.Sdk.FrameworkReferenceResolution.targets" 파일에 있는 "IncludeTargetingPackReference" 대상("CheckForImplicitPackageReferenceOverrides" 대상이 종속됨):
       "Microsoft.Build.Tasks.Core, Version=15.1.0.0, Culture=neutral, PublicKeyToken=b03f5f7f11d50a3a" 어셈블리에서 "GetReferenceAssemblyPaths" 작업을 사용합니다.
       "GetReferenceAssemblyPaths" 작업
       "GetReferenceAssemblyPaths" 작업을 실행했습니다.
   1:5>"Shared.vbproj" 프로젝트에 "IncludeTargetingPackReference" 대상을 빌드했습니다.
   1:5>"e:\2026\infra\Shared\Shared.vbproj" 프로젝트의 "C:\Program Files\dotnet\sdk\10.0.200-preview.0.26103.119\Sdks\Microsoft.NET.Sdk\targets\Microsoft.NET.Sdk.DefaultItems.Shared.targets" 파일에 있는 "CheckForImplicitPackageReferenceOverrides" 대상("CollectPackageReferences" 대상이 종속됨):
       "C:\Program Files\dotnet\sdk\10.0.200-preview.0.26103.119\Sdks\Microsoft.NET.Sdk\targets\..\tools\net10.0\Microsoft.NET.Build.Tasks.dll" 어셈블리에서 "CheckForImplicitPackageReferenceOverrides" 작업을 사용합니다.
       "CheckForImplicitPackageReferenceOverrides" 작업
       "CheckForImplicitPackageReferenceOverrides" 작업을 실행했습니다.
   1:5>"Shared.vbproj" 프로젝트에 "CheckForImplicitPackageReferenceOverrides" 대상을 빌드했습니다.
   1:5>"e:\2026\infra\Shared\Shared.vbproj" 프로젝트의 "C:\Program Files\dotnet\sdk\10.0.200-preview.0.26103.119\Sdks\Microsoft.NET.Sdk\targets\Microsoft.NET.RuntimeIdentifierInference.targets" 파일에 있는 "_CheckForLanguageAndFeatureCombinationSupport" 대상("ProcessFrameworkReferences" 대상이 종속됨):
   1:5>"Shared.vbproj" 프로젝트에 "_CheckForLanguageAndFeatureCombinationSupport" 대상을 빌드했습니다.
   1:5>"e:\2026\infra\Shared\Shared.vbproj" 프로젝트의 "C:\Program Files\dotnet\sdk\10.0.200-preview.0.26103.119\Sdks\Microsoft.NET.Sdk\targets\Microsoft.NET.Publish.targets" 파일에 있는 "_ComputeToolPackInputsToProcessFrameworkReferences" 대상("ProcessFrameworkReferences" 대상이 종속됨):
   1:5>"Shared.vbproj" 프로젝트에 "_ComputeToolPackInputsToProcessFrameworkReferences" 대상을 빌드했습니다.
       "IncludeTargetingPackReference" 대상을 건너뜁니다. 이전에 빌드되었습니다.
   1:5>"e:\2026\infra\Shared\Shared.vbproj" 프로젝트의 "C:\Program Files\dotnet\sdk\10.0.200-preview.0.26103.119\Sdks\Microsoft.NET.Sdk\targets\Microsoft.NET.ObsoleteReferences.targets" 파일에 있는 "_CheckForObsoleteDotNetCliToolReferences" 대상("CollectPackageReferences" 대상이 종속됨):
   1:5>"Shared.vbproj" 프로젝트에 "_CheckForObsoleteDotNetCliToolReferences" 대상을 빌드했습니다.
   1:5>"e:\2026\infra\Shared\Shared.vbproj" 프로젝트의 "C:\Program Files\dotnet\sdk\10.0.200-preview.0.26103.119\NuGet.targets" 파일에 있는 "CollectPackageReferences" 대상("_GetRestoreProjectStyle" 대상이 종속됨):
       "C:\Program Files\dotnet\sdk\10.0.200-preview.0.26103.119\NuGet.Build.Tasks.dll" 어셈블리에서 "CheckForDuplicateNuGetItemsTask" 작업을 사용합니다.
       "CheckForDuplicateNuGetItemsTask" 작업
       "CheckForDuplicateNuGetItemsTask" 작업을 실행했습니다.
   1:5>"Shared.vbproj" 프로젝트에 "CollectPackageReferences" 대상을 빌드했습니다.
   1:5>"e:\2026\infra\Shared\Shared.vbproj" 프로젝트의 "C:\Program Files\dotnet\sdk\10.0.200-preview.0.26103.119\NuGet.targets" 파일에 있는 "_GetRestoreProjectStyle" 대상("_GenerateRestoreSpecs" 대상이 종속됨):
       "C:\Program Files\dotnet\sdk\10.0.200-preview.0.26103.119\NuGet.Build.Tasks.dll" 어셈블리에서 "GetRestoreProjectStyleTask" 작업을 사용합니다.
       "GetRestoreProjectStyleTask" 작업
       "GetRestoreProjectStyleTask" 작업을 실행했습니다.
   1:5>"Shared.vbproj" 프로젝트에 "_GetRestoreProjectStyle" 대상을 빌드했습니다.
   1:5>"e:\2026\infra\Shared\Shared.vbproj" 프로젝트의 "C:\Program Files\dotnet\sdk\10.0.200-preview.0.26103.119\NuGet.targets" 파일에 있는 "_GenerateRestoreSpecs" 대상("_GenerateRestoreGraphProjectEntry" 대상이 종속됨):
       "Message" 작업
         Restore entry point e:\2026\infra\Shared\Shared.vbproj
       "Message" 작업을 실행했습니다.
   1:5>"Shared.vbproj" 프로젝트에 "_GenerateRestoreSpecs" 대상을 빌드했습니다.
   1:5>"e:\2026\infra\Shared\Shared.vbproj" 프로젝트의 "C:\Program Files\dotnet\sdk\10.0.200-preview.0.26103.119\NuGet.targets" 파일에 있는 "_GetRestoreSettingsOverrides" 대상("_GetRestoreSettings" 대상이 종속됨):
   1:5>"Shared.vbproj" 프로젝트에 "_GetRestoreSettingsOverrides" 대상을 빌드했습니다.
   1:5>"e:\2026\infra\Shared\Shared.vbproj" 프로젝트의 "C:\Program Files\dotnet\sdk\10.0.200-preview.0.26103.119\NuGet.targets" 파일에 있는 "_GetRestoreSettingsPerFramework" 대상("_GetRestoreSettingsCurrentProject" 대상이 종속됨):
   1:5>"Shared.vbproj" 프로젝트에 "_GetRestoreSettingsPerFramework" 대상을 빌드했습니다.
   1:5>"e:\2026\infra\Shared\Shared.vbproj" 프로젝트의 "C:\Program Files\dotnet\sdk\10.0.200-preview.0.26103.119\NuGet.targets" 파일에 있는 "_GetRestoreSettingsCurrentProject" 대상("_GetRestoreSettings" 대상이 종속됨):
   1:5>"Shared.vbproj" 프로젝트에 "_GetRestoreSettingsCurrentProject" 대상을 빌드했습니다.
   1:5>"e:\2026\infra\Shared\Shared.vbproj" 프로젝트의 "C:\Program Files\dotnet\sdk\10.0.200-preview.0.26103.119\NuGet.targets" 파일에 있는 "_GetRestoreSettings" 대상("_GenerateDotnetCliToolReferenceSpecs" 대상이 종속됨):
       "C:\Program Files\dotnet\sdk\10.0.200-preview.0.26103.119\NuGet.Build.Tasks.dll" 어셈블리에서 "GetRestoreSettingsTask" 작업을 사용합니다.
       "GetRestoreSettingsTask" 작업
         TaskRun (NuGet.Build.Tasks.GetRestoreSettingsTask) 동안 로드된 어셈블리: NuGet.Configuration, Version=7.3.0.0, Culture=neutral, PublicKeyToken=31bf3856ad364e35(위치: C:\Program Files\dotnet\sdk\10.0.200-preview.0.26103.119\NuGet.Configuration.dll, MVID: ac4b87a1-1747-4a6b-bebb-592d9de62c4a, AssemblyLoadContext: MSBuild plugin C:\Program Files\dotnet\sdk\10.0.200-preview.0.26103.119\NuGet.Build.Tasks.dll)
       "GetRestoreSettingsTask" 작업을 실행했습니다.
   1:5>"Shared.vbproj" 프로젝트에 "_GetRestoreSettings" 대상을 빌드했습니다.
   1:5>"e:\2026\infra\Shared\Shared.vbproj" 프로젝트의 "C:\Program Files\dotnet\sdk\10.0.200-preview.0.26103.119\NuGet.targets" 파일에 있는 "_GenerateDotnetCliToolReferenceSpecs" 대상("_GenerateRestoreGraphProjectEntry" 대상이 종속됨):
       "C:\Program Files\dotnet\sdk\10.0.200-preview.0.26103.119\NuGet.Build.Tasks.dll" 어셈블리에서 "GetRestoreDotnetCliToolsTask" 작업을 사용합니다.
       "GetRestoreDotnetCliToolsTask" 작업
       "GetRestoreDotnetCliToolsTask" 작업을 실행했습니다.
   1:5>"Shared.vbproj" 프로젝트에 "_GenerateDotnetCliToolReferenceSpecs" 대상을 빌드했습니다.
   1:5>"e:\2026\infra\Shared\Shared.vbproj" 프로젝트의 "C:\Program Files\dotnet\sdk\10.0.200-preview.0.26103.119\NuGet.targets" 파일에 있는 "_GenerateRestoreGraphProjectEntry" 대상(진입점):
   1:5>"Shared.vbproj" 프로젝트에 "_GenerateRestoreGraphProjectEntry" 대상을 빌드했습니다.
   1:5>"e:\2026\infra\Shared\Shared.vbproj" 프로젝트를 빌드했습니다(_GenerateRestoreGraphProjectEntry 대상).
     1>"MSBuild" 작업을 실행했습니다.
       "MSBuild" 작업
         전역 속성:
           ExcludeRestorePackageImports=true
     1>"e:\2026\infra\Shared\Shared.vbproj"(1) 프로젝트가 1 노드에서 "e:\2026\infra\Shared\Shared.vbproj"(1:6)을(를) 빌드하고 있습니다(_GenerateProjectRestoreGraph 대상).
   1:6>"_GetRestoreProjectStyle" 대상을 건너뜁니다. 이전에 빌드되었습니다.
       "_GetRestoreProjectStyle" 대상을 건너뜁니다. 이전에 빌드되었습니다.
       "_GetRestoreProjectStyle" 대상을 건너뜁니다. 이전에 빌드되었습니다.
   1:6>"e:\2026\infra\Shared\Shared.vbproj" 프로젝트의 "C:\Program Files\dotnet\sdk\10.0.200-preview.0.26103.119\NuGet.targets" 파일에 있는 "_GetRestoreTargetFrameworkOverride" 대상("_GetRestoreTargetFrameworksOutput" 대상이 종속됨):
   1:6>"Shared.vbproj" 프로젝트에 "_GetRestoreTargetFrameworkOverride" 대상을 빌드했습니다.
   1:6>"e:\2026\infra\Shared\Shared.vbproj" 프로젝트의 "C:\Program Files\dotnet\sdk\10.0.200-preview.0.26103.119\NuGet.targets" 파일에 있는 "_GetRestoreTargetFrameworksOutput" 대상("_GenerateRestoreProjectSpec" 대상이 종속됨):
       "C:\Program Files\dotnet\sdk\10.0.200-preview.0.26103.119\NuGet.Build.Tasks.dll" 어셈블리에서 "GetProjectTargetFrameworksTask" 작업을 사용합니다.
       "GetProjectTargetFrameworksTask" 작업
       "GetProjectTargetFrameworksTask" 작업을 실행했습니다.
   1:6>"Shared.vbproj" 프로젝트에 "_GetRestoreTargetFrameworksOutput" 대상을 빌드했습니다.
       "_GetRestoreSettings" 대상을 건너뜁니다. 이전에 빌드되었습니다.
   1:6>"e:\2026\infra\Shared\Shared.vbproj" 프로젝트의 "C:\Program Files\dotnet\sdk\10.0.200-preview.0.26103.119\NuGet.targets" 파일에 있는 "_GenerateRestoreProjectSpec" 대상("_GenerateProjectRestoreGraph" 대상이 종속됨):
       "ConvertToAbsolutePath" 작업
       "ConvertToAbsolutePath" 작업을 실행했습니다.
   1:6>"Shared.vbproj" 프로젝트에 "_GenerateRestoreProjectSpec" 대상을 빌드했습니다.
       "_GetRestoreProjectStyle" 대상을 건너뜁니다. 이전에 빌드되었습니다.
       "CollectPackageReferences" 대상을 건너뜁니다. 이전에 빌드되었습니다.
   1:6>"e:\2026\infra\Shared\Shared.vbproj" 프로젝트의 "C:\Program Files\dotnet\sdk\10.0.200-preview.0.26103.119\NuGet.targets" 파일에 있는 "CollectPackageDownloads" 대상("_CollectRestoreInputs" 대상이 종속됨):
       "CheckForDuplicateNuGetItemsTask" 작업
       "CheckForDuplicateNuGetItemsTask" 작업을 실행했습니다.
   1:6>"Shared.vbproj" 프로젝트에 "CollectPackageDownloads" 대상을 빌드했습니다.
   1:6>"e:\2026\infra\Shared\Shared.vbproj" 프로젝트의 "C:\Program Files\dotnet\sdk\10.0.200-preview.0.26103.119\NuGet.targets" 파일에 있는 "CollectFrameworkReferences" 대상("_CollectRestoreInputs" 대상이 종속됨):
   1:6>"Shared.vbproj" 프로젝트에 "CollectFrameworkReferences" 대상을 빌드했습니다.
   1:6>"e:\2026\infra\Shared\Shared.vbproj" 프로젝트의 "C:\Program Files\dotnet\sdk\10.0.200-preview.0.26103.119\NuGet.targets" 파일에 있는 "CollectCentralPackageVersions" 대상("_CollectRestoreInputs" 대상이 종속됨):
       "CheckForDuplicateNuGetItemsTask" 작업
       "CheckForDuplicateNuGetItemsTask" 작업을 실행했습니다.
   1:6>"Shared.vbproj" 프로젝트에 "CollectCentralPackageVersions" 대상을 빌드했습니다.
   1:6>"e:\2026\infra\Shared\Shared.vbproj" 프로젝트의 "C:\Program Files\dotnet\sdk\10.0.200-preview.0.26103.119\NuGet.targets" 파일에 있는 "CollectNuGetAuditSuppressions" 대상("_CollectRestoreInputs" 대상이 종속됨):
       "CheckForDuplicateNuGetItemsTask" 작업
       "CheckForDuplicateNuGetItemsTask" 작업을 실행했습니다.
   1:6>"Shared.vbproj" 프로젝트에 "CollectNuGetAuditSuppressions" 대상을 빌드했습니다.
   1:6>"e:\2026\infra\Shared\Shared.vbproj" 프로젝트의 "C:\Program Files\dotnet\sdk\10.0.200-preview.0.26103.119\NuGet.targets" 파일에 있는 "CollectPrunePackageReferences" 대상("_CollectRestoreInputs" 대상이 종속됨):
       "CheckForDuplicateNuGetItemsTask" 작업
       "CheckForDuplicateNuGetItemsTask" 작업을 실행했습니다.
   1:6>"Shared.vbproj" 프로젝트에 "CollectPrunePackageReferences" 대상을 빌드했습니다.
   1:6>"e:\2026\infra\Shared\Shared.vbproj" 프로젝트의 "C:\Program Files\dotnet\sdk\10.0.200-preview.0.26103.119\NuGet.targets" 파일에 있는 "_CollectRestoreInputs" 대상("_GenerateProjectRestoreGraphPerFramework" 대상이 종속됨):
   1:6>"Shared.vbproj" 프로젝트에 "_CollectRestoreInputs" 대상을 빌드했습니다.
   1:6>"e:\2026\infra\Shared\Shared.vbproj" 프로젝트의 "C:\Program Files\dotnet\sdk\10.0.200-preview.0.26103.119\NuGet.targets" 파일에 있는 "_GenerateProjectRestoreGraphPerFramework" 대상("_GenerateProjectRestoreGraphCurrentProject" 대상이 종속됨):
       "C:\Program Files\dotnet\sdk\10.0.200-preview.0.26103.119\NuGet.Build.Tasks.dll" 어셈블리에서 "GetRestoreProjectReferencesTask" 작업을 사용합니다.
       "GetRestoreProjectReferencesTask" 작업
       "GetRestoreProjectReferencesTask" 작업을 실행했습니다.
       "C:\Program Files\dotnet\sdk\10.0.200-preview.0.26103.119\NuGet.Build.Tasks.dll" 어셈블리에서 "GetRestorePackageReferencesTask" 작업을 사용합니다.
       "GetRestorePackageReferencesTask" 작업
       "GetRestorePackageReferencesTask" 작업을 실행했습니다.
       "C:\Program Files\dotnet\sdk\10.0.200-preview.0.26103.119\NuGet.Build.Tasks.dll" 어셈블리에서 "GetRestorePackageDownloadsTask" 작업을 사용합니다.
       "GetRestorePackageDownloadsTask" 작업
       "GetRestorePackageDownloadsTask" 작업을 실행했습니다.
       "C:\Program Files\dotnet\sdk\10.0.200-preview.0.26103.119\NuGet.Build.Tasks.dll" 어셈블리에서 "GetRestoreFrameworkReferencesTask" 작업을 사용합니다.
       "GetRestoreFrameworkReferencesTask" 작업
       "GetRestoreFrameworkReferencesTask" 작업을 실행했습니다.
       "C:\Program Files\dotnet\sdk\10.0.200-preview.0.26103.119\NuGet.Build.Tasks.dll" 어셈블리에서 "GetRestoreNuGetAuditSuppressionsTask" 작업을 사용합니다.
       "GetRestoreNuGetAuditSuppressionsTask" 작업
       "GetRestoreNuGetAuditSuppressionsTask" 작업을 실행했습니다.
       "C:\Program Files\dotnet\sdk\10.0.200-preview.0.26103.119\NuGet.Build.Tasks.dll" 어셈블리에서 "GetRestorePrunePackageReferencesTask" 작업을 사용합니다.
       "GetRestorePrunePackageReferencesTask" 작업
       "GetRestorePrunePackageReferencesTask" 작업을 실행했습니다.
   1:6>"Shared.vbproj" 프로젝트에 "_GenerateProjectRestoreGraphPerFramework" 대상을 빌드했습니다.
   1:6>"e:\2026\infra\Shared\Shared.vbproj" 프로젝트의 "C:\Program Files\dotnet\sdk\10.0.200-preview.0.26103.119\NuGet.targets" 파일에 있는 "_GenerateProjectRestoreGraphCurrentProject" 대상("_GenerateRestoreDependencies" 대상이 종속됨):
   1:6>"Shared.vbproj" 프로젝트에 "_GenerateProjectRestoreGraphCurrentProject" 대상을 빌드했습니다.
   1:6>"e:\2026\infra\Shared\Shared.vbproj" 프로젝트의 "C:\Program Files\dotnet\sdk\10.0.200-preview.0.26103.119\NuGet.targets" 파일에 있는 "_GenerateRestoreDependencies" 대상("_GenerateProjectRestoreGraph" 대상이 종속됨):
   1:6>"Shared.vbproj" 프로젝트에 "_GenerateRestoreDependencies" 대상을 빌드했습니다.
   1:6>"e:\2026\infra\Shared\Shared.vbproj" 프로젝트의 "C:\Program Files\dotnet\sdk\10.0.200-preview.0.26103.119\NuGet.targets" 파일에 있는 "_GenerateProjectRestoreGraph" 대상(진입점):
   1:6>"Shared.vbproj" 프로젝트에 "_GenerateProjectRestoreGraph" 대상을 빌드했습니다.
   1:6>"e:\2026\infra\Shared\Shared.vbproj" 프로젝트를 빌드했습니다(_GenerateProjectRestoreGraph 대상).
     1>"MSBuild" 작업을 실행했습니다.
     1>"Shared.vbproj" 프로젝트에 "_GenerateRestoreGraph" 대상을 빌드했습니다.
     1>"e:\2026\infra\Shared\Shared.vbproj" 프로젝트의 "C:\Program Files\dotnet\sdk\10.0.200-preview.0.26103.119\Sdks\Microsoft.NET.Sdk\targets\Microsoft.NET.TargetFrameworkInference.targets" 파일에 있는 "_CollectTargetFrameworkForTelemetry" 대상("Restore" 대상이 종속됨):
       "C:\Program Files\dotnet\sdk\10.0.200-preview.0.26103.119\Sdks\Microsoft.NET.Sdk\targets\..\tools\net10.0\Microsoft.NET.Build.Tasks.dll" 어셈블리에서 "AllowEmptyTelemetry" 작업을 사용합니다.
       "AllowEmptyTelemetry" 작업
       "AllowEmptyTelemetry" 작업을 실행했습니다.
     1>"Shared.vbproj" 프로젝트에 "_CollectTargetFrameworkForTelemetry" 대상을 빌드했습니다.
     1>"e:\2026\infra\Shared\Shared.vbproj" 프로젝트의 "C:\Program Files\dotnet\sdk\10.0.200-preview.0.26103.119\Sdks\Microsoft.NET.Sdk\targets\Microsoft.NET.TargetFrameworkInference.targets" 파일에 있는 "_CheckForUnsupportedCppNETCoreVersion" 대상("Restore" 대상이 종속됨):
     1>"Shared.vbproj" 프로젝트에 "_CheckForUnsupportedCppNETCoreVersion" 대상을 빌드했습니다.
     1>"e:\2026\infra\Shared\Shared.vbproj" 프로젝트의 "C:\Program Files\dotnet\sdk\10.0.200-preview.0.26103.119\Sdks\Microsoft.NET.Sdk\targets\Microsoft.NET.TargetFrameworkInference.targets" 파일에 있는 "_CheckForUnsupportedTargetFrameworkAndFeatureCombination" 대상("Restore" 대상이 종속됨):
     1>"Shared.vbproj" 프로젝트에 "_CheckForUnsupportedTargetFrameworkAndFeatureCombination" 대상을 빌드했습니다.
     1>"e:\2026\infra\Shared\Shared.vbproj" 프로젝트의 "C:\Program Files\dotnet\sdk\10.0.200-preview.0.26103.119\NuGet.targets" 파일에 있는 "Restore" 대상(진입점):
       "RemoveDuplicates" 작업
       "RemoveDuplicates" 작업을 실행했습니다.
       "C:\Program Files\dotnet\sdk\10.0.200-preview.0.26103.119\NuGet.Build.Tasks.dll" 어셈블리에서 "RestoreTask" 작업을 사용합니다.
       "RestoreTask" 작업
         TaskRun (NuGet.Build.Tasks.RestoreTask) 동안 로드된 어셈블리: NuGet.Packaging, Version=7.3.0.0, Culture=neutral, PublicKeyToken=31bf3856ad364e35(위치: C:\Program Files\dotnet\sdk\10.0.200-preview.0.26103.119\NuGet.Packaging.dll, MVID: 6b8dbf2f-45b5-4954-bd5d-17b0a4dd7059, AssemblyLoadContext: MSBuild plugin C:\Program Files\dotnet\sdk\10.0.200-preview.0.26103.119\NuGet.Build.Tasks.dll)
         TaskRun (NuGet.Build.Tasks.RestoreTask) 동안 로드된 어셈블리: NuGet.Versioning, Version=7.3.0.0, Culture=neutral, PublicKeyToken=31bf3856ad364e35(위치: C:\Program Files\dotnet\sdk\10.0.200-preview.0.26103.119\NuGet.Versioning.dll, MVID: 6d8bee0e-80a2-4290-b6f9-1615ab37da0e, AssemblyLoadContext: MSBuild plugin C:\Program Files\dotnet\sdk\10.0.200-preview.0.26103.119\NuGet.Build.Tasks.dll)
         TaskRun (NuGet.Build.Tasks.RestoreTask) 동안 로드된 어셈블리: NuGet.Frameworks, Version=7.3.0.0, Culture=neutral, PublicKeyToken=31bf3856ad364e35(위치: C:\Program Files\dotnet\sdk\10.0.200-preview.0.26103.119\NuGet.Frameworks.dll, MVID: c1641cc8-c077-4b73-ab8e-f1dfbd43c8d9, AssemblyLoadContext: MSBuild plugin C:\Program Files\dotnet\sdk\10.0.200-preview.0.26103.119\NuGet.Build.Tasks.dll)
         TaskRun (NuGet.Build.Tasks.RestoreTask) 동안 로드된 어셈블리: NuGet.LibraryModel, Version=7.3.0.0, Culture=neutral, PublicKeyToken=31bf3856ad364e35(위치: C:\Program Files\dotnet\sdk\10.0.200-preview.0.26103.119\NuGet.LibraryModel.dll, MVID: 2cf4fcd3-844f-4d1c-a19c-a93444113c29, AssemblyLoadContext: MSBuild plugin C:\Program Files\dotnet\sdk\10.0.200-preview.0.26103.119\NuGet.Build.Tasks.dll)
         TaskRun (NuGet.Build.Tasks.RestoreTask) 동안 로드된 어셈블리: NuGet.Protocol, Version=7.3.0.0, Culture=neutral, PublicKeyToken=31bf3856ad364e35(위치: C:\Program Files\dotnet\sdk\10.0.200-preview.0.26103.119\NuGet.Protocol.dll, MVID: 276d0f00-63c4-4029-be62-2f9a662f3022, AssemblyLoadContext: MSBuild plugin C:\Program Files\dotnet\sdk\10.0.200-preview.0.26103.119\NuGet.Build.Tasks.dll)
         TaskRun (NuGet.Build.Tasks.RestoreTask) 동안 로드된 어셈블리: NuGet.Credentials, Version=7.3.0.0, Culture=neutral, PublicKeyToken=31bf3856ad364e35(위치: C:\Program Files\dotnet\sdk\10.0.200-preview.0.26103.119\NuGet.Credentials.dll, MVID: 3c8abc61-7fa5-43a1-ba16-239d4f273162, AssemblyLoadContext: MSBuild plugin C:\Program Files\dotnet\sdk\10.0.200-preview.0.26103.119\NuGet.Build.Tasks.dll)
         TaskRun (NuGet.Build.Tasks.RestoreTask) 동안 로드된 어셈블리: System.Collections.NonGeneric, Version=10.0.0.0, Culture=neutral, PublicKeyToken=b03f5f7f11d50a3a(위치: C:\Program Files\dotnet\shared\Microsoft.NETCore.App\10.0.2\System.Collections.NonGeneric.dll, MVID: 93f61b3b-397e-41d1-a23f-d3c8c69deefe, AssemblyLoadContext: Default)
         TaskRun (NuGet.Build.Tasks.RestoreTask) 동안 로드된 어셈블리: NuGet.Packaging.resources, Version=7.3.0.0, Culture=ko, PublicKeyToken=31bf3856ad364e35(위치: C:\Program Files\dotnet\sdk\10.0.200-preview.0.26103.119\ko\NuGet.Packaging.resources.dll, MVID: ac947b4e-861b-4513-baaf-a9a589109a6e, AssemblyLoadContext: MSBuild plugin C:\Program Files\dotnet\sdk\10.0.200-preview.0.26103.119\NuGet.Build.Tasks.dll)
         X.509 인증서 체인 유효성 검사는 코드 서명에 .NET에서 선택한 기본 신뢰 저장소를 사용합니다.
         X.509 인증서 체인 유효성 검사는 타임스탬프에 .NET에서 선택한 기본 신뢰 저장소를 사용합니다.
         TaskRun (NuGet.Build.Tasks.RestoreTask) 동안 로드된 어셈블리: NuGet.DependencyResolver.Core, Version=7.3.0.0, Culture=neutral, PublicKeyToken=31bf3856ad364e35(위치: C:\Program Files\dotnet\sdk\10.0.200-preview.0.26103.119\NuGet.DependencyResolver.Core.dll, MVID: 905992b4-12df-491d-86a2-c3db8aecfda4, AssemblyLoadContext: MSBuild plugin C:\Program Files\dotnet\sdk\10.0.200-preview.0.26103.119\NuGet.Build.Tasks.dll)
         TaskRun (NuGet.Build.Tasks.RestoreTask) 동안 로드된 어셈블리: NuGet.Commands.resources, Version=7.3.0.0, Culture=ko, PublicKeyToken=31bf3856ad364e35(위치: C:\Program Files\dotnet\sdk\10.0.200-preview.0.26103.119\ko\NuGet.Commands.resources.dll, MVID: aa4238a5-158b-4315-b07b-b0a80a125ac9, AssemblyLoadContext: MSBuild plugin C:\Program Files\dotnet\sdk\10.0.200-preview.0.26103.119\NuGet.Build.Tasks.dll)
         32개 동시 작업에서 복원을 실행하는 중입니다.
         프로젝트 파일 e:\2026\infra\Shared\Shared.vbproj을(를) 읽는 중입니다.
         TaskRun (NuGet.Build.Tasks.RestoreTask) 동안 로드된 어셈블리: Newtonsoft.Json, Version=13.0.0.0, Culture=neutral, PublicKeyToken=30ad4fe6b2a6aeed(위치: C:\Program Files\dotnet\sdk\10.0.200-preview.0.26103.119\Newtonsoft.Json.dll, MVID: 7e62198b-eab2-4380-bbac-29171862d1d8, AssemblyLoadContext: MSBuild plugin C:\Program Files\dotnet\sdk\10.0.200-preview.0.26103.119\NuGet.Build.Tasks.dll)
         TaskRun (NuGet.Build.Tasks.RestoreTask) 동안 로드된 어셈블리: System.Runtime.Serialization.Primitives, Version=10.0.0.0, Culture=neutral, PublicKeyToken=b03f5f7f11d50a3a(위치: C:\Program Files\dotnet\shared\Microsoft.NETCore.App\10.0.2\System.Runtime.Serialization.Primitives.dll, MVID: c5d73862-c5f5-410d-82d8-2a2f001e103d, AssemblyLoadContext: Default)
         TaskRun (NuGet.Build.Tasks.RestoreTask) 동안 로드된 어셈블리: System.Runtime.Numerics, Version=10.0.0.0, Culture=neutral, PublicKeyToken=b03f5f7f11d50a3a(위치: C:\Program Files\dotnet\shared\Microsoft.NETCore.App\10.0.2\System.Runtime.Numerics.dll, MVID: 9d46277f-a883-4562-9353-6e7e48d190e7, AssemblyLoadContext: Default)
         TaskRun (NuGet.Build.Tasks.RestoreTask) 동안 로드된 어셈블리: System.Text.Encodings.Web, Version=10.0.0.0, Culture=neutral, PublicKeyToken=cc7b13ffcd2ddd51(위치: C:\Program Files\dotnet\shared\Microsoft.NETCore.App\10.0.2\System.Text.Encodings.Web.dll, MVID: 0acf3f4d-a24d-4dbf-9c72-fe4d6e49d1db, AssemblyLoadContext: Default)
         TaskRun (NuGet.Build.Tasks.RestoreTask) 동안 로드된 어셈블리: System.Reflection.Emit.Lightweight, Version=10.0.0.0, Culture=neutral, PublicKeyToken=b03f5f7f11d50a3a(위치: C:\Program Files\dotnet\shared\Microsoft.NETCore.App\10.0.2\System.Reflection.Emit.Lightweight.dll, MVID: 9bbb747d-52fb-45a7-b271-33c2e2094b3f, AssemblyLoadContext: Default)
         TaskRun (NuGet.Build.Tasks.RestoreTask) 동안 로드된 어셈블리: System.Reflection.Primitives, Version=10.0.0.0, Culture=neutral, PublicKeyToken=b03f5f7f11d50a3a(위치: C:\Program Files\dotnet\shared\Microsoft.NETCore.App\10.0.2\System.Reflection.Primitives.dll, MVID: 905eb30a-0bf0-4941-8702-69eeb0663af9, AssemblyLoadContext: Default)
         TaskRun (NuGet.Build.Tasks.RestoreTask) 동안 로드된 어셈블리: System.Reflection.Emit.ILGeneration, Version=10.0.0.0, Culture=neutral, PublicKeyToken=b03f5f7f11d50a3a(위치: C:\Program Files\dotnet\shared\Microsoft.NETCore.App\10.0.2\System.Reflection.Emit.ILGeneration.dll, MVID: 204a9b3b-e58d-400c-9636-75a77a17e670, AssemblyLoadContext: Default)
         'Shared'에 대한 복원 입력이 변경되었습니다. 복원을 계속합니다.
         e:\2026\infra\Shared\Shared.vbproj의 패키지를 복원하는 중...
         모든 패키지와 프로젝트가 net481과(와) 호환됩니다.
         복원을 커밋하는 중...
         자산 파일이 변경되지 않았습니다. 자산 파일 쓰기를 건너뜁니다. 경로: e:\2026\infra\Shared\obj\project.assets.json
         캐시 파일을 디스크에 쓰는 중입니다. 경로: e:\2026\infra\Shared\obj\project.nuget.cache
         TaskRun (NuGet.Build.Tasks.RestoreTask) 동안 로드된 어셈블리: System.IO.Pipelines, Version=10.0.0.0, Culture=neutral, PublicKeyToken=cc7b13ffcd2ddd51(위치: C:\Program Files\dotnet\shared\Microsoft.NETCore.App\10.0.2\System.IO.Pipelines.dll, MVID: 6364ad47-1c12-4293-b71f-2e86a37ba80e, AssemblyLoadContext: Default)
         Persisting dg to e:\2026\infra\Shared\obj\Shared.vbproj.nuget.dgspec.json
         TaskRun (NuGet.Build.Tasks.RestoreTask) 동안 로드된 어셈블리: NuGet.Common.resources, Version=7.3.0.0, Culture=ko, PublicKeyToken=31bf3856ad364e35(위치: C:\Program Files\dotnet\sdk\10.0.200-preview.0.26103.119\ko\NuGet.Common.resources.dll, MVID: 678c9704-265d-485d-ae40-5cc1c1fc4daf, AssemblyLoadContext: MSBuild plugin C:\Program Files\dotnet\sdk\10.0.200-preview.0.26103.119\NuGet.Build.Tasks.dll)
         e:\2026\infra\Shared\Shared.vbproj을(를) 181밀리초 동안 복원했습니다.
         
         사용된 NuGet Config 파일:
             C:\Users\haoru\AppData\Roaming\NuGet\NuGet.Config
             C:\Program Files (x86)\NuGet\Config\Microsoft.VisualStudio.FallbackLocation.config
             C:\Program Files (x86)\NuGet\Config\Microsoft.VisualStudio.Offline.config
         
         사용된 피드:
             https://api.nuget.org/v3/index.json
             C:\Program Files (x86)\Microsoft SDKs\NuGetPackages\
       "RestoreTask" 작업을 실행했습니다.
     1>"Shared.vbproj" 프로젝트에 "Restore" 대상을 빌드했습니다.
     1>"e:\2026\infra\Shared\Shared.vbproj" 프로젝트를 빌드했습니다(Restore 대상).
     0>SDK "Microsoft.NET.Sdk"이(가) "DefaultSdkResolver" 확인자에 의해 "C:\Program Files\dotnet\sdk\10.0.200-preview.0.26103.119\Sdks\Microsoft.NET.Sdk\Sdk" 위치 및 "" 버전으로 확인되었습니다.
       C:\Program Files\dotnet\sdk\10.0.200-preview.0.26103.119\Sdks\Microsoft.NET.Sdk\Sdk\Sdk.props(49,11): message : 환경에서 값이 'MSBuildExtensionsPath'인 속성 'C:\Program Files\dotnet\sdk\10.0.200-preview.0.26103.119\'이(가) 확장되었습니다.
       C:\Program Files\dotnet\sdk\10.0.200-preview.0.26103.119\Current\Microsoft.Common.props(60,5): message : 속성 재할당: $(MSBuildProjectExtensionsPath)=C:\Program Files\dotnet\sdk\10.0.200-preview.0.26103.119\Current\Microsoft.Common.props (60,5)의 "e:\2026\infra\Shared\obj\"(이전 값: "obj\")
       e:\2026\infra\Shared\obj\Shared.vbproj.nuget.g.props(7,5): message : 환경에서 값이 'USERPROFILE'인 속성 'C:\Users\haoru'이(가) 확장되었습니다.
       C:\Program Files\dotnet\sdk\10.0.200-preview.0.26103.119\Current\Microsoft.Common.props(84,119): message : 환경에서 값이 'MSBuildUserExtensionsPath'인 속성 'C:\Users\haoru\AppData\Local\Microsoft\MSBuild'이(가) 확장되었습니다.
       C:\Program Files\dotnet\sdk\10.0.200-preview.0.26103.119\Sdks\Microsoft.NET.Sdk\targets\Microsoft.NET.Sdk.props(90,5): message : 속성 재할당: $(AssemblySearchPaths)=C:\Program Files\dotnet\sdk\10.0.200-preview.0.26103.119\Sdks\Microsoft.NET.Sdk\targets\Microsoft.NET.Sdk.props (90,5)의 "{CandidateAssemblyFiles};{HintPathFromItem}"(이전 값: "{CandidateAssemblyFiles}")
       C:\Program Files\dotnet\sdk\10.0.200-preview.0.26103.119\Sdks\Microsoft.NET.Sdk\targets\Microsoft.NET.Sdk.props(91,5): message : 속성 재할당: $(AssemblySearchPaths)=C:\Program Files\dotnet\sdk\10.0.200-preview.0.26103.119\Sdks\Microsoft.NET.Sdk\targets\Microsoft.NET.Sdk.props (91,5)의 "{CandidateAssemblyFiles};{HintPathFromItem};{TargetFrameworkDirectory}"(이전 값: "{CandidateAssemblyFiles};{HintPathFromItem}")
       C:\Program Files\dotnet\sdk\10.0.200-preview.0.26103.119\Sdks\Microsoft.NET.Sdk\targets\Microsoft.NET.Sdk.props(92,5): message : 속성 재할당: $(AssemblySearchPaths)=C:\Program Files\dotnet\sdk\10.0.200-preview.0.26103.119\Sdks\Microsoft.NET.Sdk\targets\Microsoft.NET.Sdk.props (92,5)의 "{CandidateAssemblyFiles};{HintPathFromItem};{TargetFrameworkDirectory};{RawFileName}"(이전 값: "{CandidateAssemblyFiles};{HintPathFromItem};{TargetFrameworkDirectory}")
       "DefaultSdkResolver" 확인자가 SDK "Microsoft.NET.SDK.WorkloadAutoImportPropsLocator"을(를) 확인하려고 했습니다.
       경고: null
       오류: MSB4276: 디렉터리 "Microsoft.NET.SDK.WorkloadAutoImportPropsLocator"이(가) 없으므로 기본 SDK 확인자가 SDK "C:\Program Files\dotnet\sdk\10.0.200-preview.0.26103.119\Sdks\Microsoft.NET.SDK.WorkloadAutoImportPropsLocator\Sdk"을(를) 확인하지 못했습니다.
       SDK "Microsoft.NET.SDK.WorkloadAutoImportPropsLocator"이(가) "Microsoft.DotNet.MSBuildWorkloadSdkResolver" 확인자에 의해 "null" 위치 및 "null" 버전으로 확인되었습니다.
       e:\2026\infra\Shared\Shared.vbproj(4,5): message : 속성 재할당: $(Platforms)=e:\2026\infra\Shared\Shared.vbproj (4,5)의 "AnyCPU;x64"(이전 값: "AnyCPU")
       C:\Program Files\dotnet\sdk\10.0.200-preview.0.26103.119\Sdks\Microsoft.NET.Sdk\targets\Microsoft.NET.Sdk.ImportPublishProfile.targets(28,5): message : 속성 재할당: $(PublishProfileImported)=C:\Program Files\dotnet\sdk\10.0.200-preview.0.26103.119\Sdks\Microsoft.NET.Sdk\targets\Microsoft.NET.Sdk.ImportPublishProfile.targets (28,5)의 "false"(이전 값: "true")
       C:\Program Files\dotnet\sdk\10.0.200-preview.0.26103.119\Sdks\Microsoft.NET.Sdk\targets\Microsoft.NET.TargetFrameworkInference.targets(81,5): message : 속성 재할당: $(TargetPlatformVersion)=C:\Program Files\dotnet\sdk\10.0.200-preview.0.26103.119\Sdks\Microsoft.NET.Sdk\targets\Microsoft.NET.TargetFrameworkInference.targets (81,5)의 ""(이전 값: "0.0")
       C:\Program Files\dotnet\sdk\10.0.200-preview.0.26103.119\Sdks\Microsoft.NET.Sdk\targets\Microsoft.NET.DefaultOutputPaths.targets(127,5): message : 속성 재할당: $(DefaultItemExcludes)=C:\Program Files\dotnet\sdk\10.0.200-preview.0.26103.119\Sdks\Microsoft.NET.Sdk\targets\Microsoft.NET.DefaultOutputPaths.targets (127,5)의 ";bin\Debug\/**;obj\Debug\/**"(이전 값: ";bin\Debug\/**")
       C:\Program Files\dotnet\sdk\10.0.200-preview.0.26103.119\Sdks\Microsoft.NET.Sdk\targets\Microsoft.NET.DefaultOutputPaths.targets(142,5): message : 속성 재할당: $(OutputPath)=C:\Program Files\dotnet\sdk\10.0.200-preview.0.26103.119\Sdks\Microsoft.NET.Sdk\targets\Microsoft.NET.DefaultOutputPaths.targets (142,5)의 "bin\Debug\net481\"(이전 값: "bin\Debug\")
       C:\Program Files\dotnet\sdk\10.0.200-preview.0.26103.119\Sdks\Microsoft.NET.Sdk\targets\Microsoft.NET.DefaultOutputPaths.targets(147,5): message : 속성 재할당: $(IntermediateOutputPath)=C:\Program Files\dotnet\sdk\10.0.200-preview.0.26103.119\Sdks\Microsoft.NET.Sdk\targets\Microsoft.NET.DefaultOutputPaths.targets (147,5)의 "obj\Debug\net481\"(이전 값: "obj\Debug\")
       "DefaultSdkResolver" 확인자가 SDK "Microsoft.NET.SDK.WorkloadManifestTargetsLocator"을(를) 확인하려고 했습니다.
       경고: null
       오류: MSB4276: 디렉터리 "Microsoft.NET.SDK.WorkloadManifestTargetsLocator"이(가) 없으므로 기본 SDK 확인자가 SDK "C:\Program Files\dotnet\sdk\10.0.200-preview.0.26103.119\Sdks\Microsoft.NET.SDK.WorkloadManifestTargetsLocator\Sdk"을(를) 확인하지 못했습니다.
       SDK "Microsoft.NET.SDK.WorkloadManifestTargetsLocator"이(가) "Microsoft.DotNet.MSBuildWorkloadSdkResolver" 확인자에 의해 "C:\Program Files\dotnet\sdk-manifests\10.0.100\microsoft.net.sdk.android\36.1.30" 위치 및 "null" 버전으로 확인되었습니다.
       C:\Program Files\dotnet\sdk\10.0.200-preview.0.26103.119\Sdks\Microsoft.NET.Sdk\targets\Microsoft.NET.Sdk.BeforeCommon.targets(379,5): message : 속성 재할당: $(RoslynTargetsPath)=C:\Program Files\dotnet\sdk\10.0.200-preview.0.26103.119\Sdks\Microsoft.NET.Sdk\targets\Microsoft.NET.Sdk.BeforeCommon.targets (379,5)의 "C:\Program Files\dotnet\sdk\10.0.200-preview.0.26103.119\Sdks\Microsoft.NET.Sdk\targets\..\..\..\Roslyn"(이전 값: "C:\Program Files\dotnet\sdk\10.0.200-preview.0.26103.119\Roslyn")
       C:\Program Files\dotnet\sdk\10.0.200-preview.0.26103.119\Microsoft.VisualBasic.CurrentVersion.targets(140,9): message : 속성 재할당: $(FinalDefineConstants)=C:\Program Files\dotnet\sdk\10.0.200-preview.0.26103.119\Microsoft.VisualBasic.CurrentVersion.targets (140,9)의 "CONFIG="Debug",DEBUG=-1"(이전 값: "CONFIG="Debug"")
       C:\Program Files\dotnet\sdk\10.0.200-preview.0.26103.119\Microsoft.VisualBasic.CurrentVersion.targets(141,9): message : 속성 재할당: $(FinalDefineConstants)=C:\Program Files\dotnet\sdk\10.0.200-preview.0.26103.119\Microsoft.VisualBasic.CurrentVersion.targets (141,9)의 "CONFIG="Debug",DEBUG=-1,TRACE=-1"(이전 값: "CONFIG="Debug",DEBUG=-1")
       C:\Program Files\dotnet\sdk\10.0.200-preview.0.26103.119\Microsoft.VisualBasic.CurrentVersion.targets(143,9): message : 속성 재할당: $(FinalDefineConstants)=C:\Program Files\dotnet\sdk\10.0.200-preview.0.26103.119\Microsoft.VisualBasic.CurrentVersion.targets (143,9)의 "CONFIG="Debug",DEBUG=-1,TRACE=-1,PLATFORM="AnyCPU""(이전 값: "CONFIG="Debug",DEBUG=-1,TRACE=-1")
       C:\Program Files\dotnet\sdk\10.0.200-preview.0.26103.119\Roslyn\Microsoft.Managed.Core.targets(6,5): message : 속성 재할당: $(_BuildTasksDirectory)=C:\Program Files\dotnet\sdk\10.0.200-preview.0.26103.119\Roslyn\Microsoft.Managed.Core.targets (6,5)의 "C:\Program Files\dotnet\sdk\10.0.200-preview.0.26103.119\Sdks\Microsoft.NET.Sdk\targets\..\..\..\Roslyn\"(이전 값: "C:\Program Files\dotnet\sdk\10.0.200-preview.0.26103.119\Roslyn\")
       C:\Program Files\dotnet\sdk\10.0.200-preview.0.26103.119\Roslyn\Microsoft.VisualBasic.Core.targets(170,5): message : 속성 재할당: $(CommandLineArgsForDesignTimeEvaluation)=C:\Program Files\dotnet\sdk\10.0.200-preview.0.26103.119\Roslyn\Microsoft.VisualBasic.Core.targets (170,5)의 "-langversion: -define:CONFIG="Debug",DEBUG=-1,TRACE=-1,PLATFORM="AnyCPU""(이전 값: "-langversion:")
       C:\Program Files\dotnet\sdk\10.0.200-preview.0.26103.119\Microsoft.NETFramework.CurrentVersion.props(117,5): message : 속성 재할당: $(AvailablePlatforms)=C:\Program Files\dotnet\sdk\10.0.200-preview.0.26103.119\Microsoft.NETFramework.CurrentVersion.props (117,5)의 "Any CPU,x86,x64,ARM64"(이전 값: "Any CPU,x86,x64")
       C:\Program Files\dotnet\sdk\10.0.200-preview.0.26103.119\Microsoft.Common.CurrentVersion.targets(89,5): message : 속성 재할당: $(TargetPlatformIdentifier)=C:\Program Files\dotnet\sdk\10.0.200-preview.0.26103.119\Microsoft.Common.CurrentVersion.targets (89,5)의 "Windows"(이전 값: "")
       C:\Program Files\dotnet\sdk\10.0.200-preview.0.26103.119\Microsoft.Common.CurrentVersion.targets(90,5): message : 속성 재할당: $(TargetPlatformVersion)=C:\Program Files\dotnet\sdk\10.0.200-preview.0.26103.119\Microsoft.Common.CurrentVersion.targets (90,5)의 "7.0"(이전 값: "")
       C:\Program Files\dotnet\sdk\10.0.200-preview.0.26103.119\Microsoft.Common.CurrentVersion.targets(175,5): message : 속성 재할당: $(_DebugSymbolsProduced)=C:\Program Files\dotnet\sdk\10.0.200-preview.0.26103.119\Microsoft.Common.CurrentVersion.targets (175,5)의 "true"(이전 값: "false")
       C:\Program Files\dotnet\sdk\10.0.200-preview.0.26103.119\Microsoft.Common.CurrentVersion.targets(185,5): message : 속성 재할당: $(_DocumentationFileProduced)=C:\Program Files\dotnet\sdk\10.0.200-preview.0.26103.119\Microsoft.Common.CurrentVersion.targets (185,5)의 "false"(이전 값: "true")
       C:\Program Files\dotnet\sdk\10.0.200-preview.0.26103.119\Microsoft.Common.CurrentVersion.targets(393,5): message : 속성 재할당: $(MSBuildCopyMarkerName)=C:\Program Files\dotnet\sdk\10.0.200-preview.0.26103.119\Microsoft.Common.CurrentVersion.targets (393,5)의 "Shared.vbproj.Up2Date"(이전 값: "Shared.vbproj")
       C:\Program Files\dotnet\sdk\10.0.200-preview.0.26103.119\Microsoft.Common.CurrentVersion.targets(541,5): message : 속성 재할당: $(ProcessorArchitecture)=C:\Program Files\dotnet\sdk\10.0.200-preview.0.26103.119\Microsoft.Common.CurrentVersion.targets (541,5)의 "msil"(이전 값: "")
       C:\Program Files\dotnet\sdk\10.0.200-preview.0.26103.119\Microsoft.Common.CurrentVersion.targets(580,5): message : 속성 재할당: $(DelaySign)=C:\Program Files\dotnet\sdk\10.0.200-preview.0.26103.119\Microsoft.Common.CurrentVersion.targets (580,5)의 ""(이전 값: "false")
       C:\Program Files\dotnet\sdk\10.0.200-preview.0.26103.119\Microsoft.Common.CurrentVersion.targets(2620,5): message : 환경에서 값이 'LOCALAPPDATA'인 속성 'C:\Users\haoru\AppData\Local'이(가) 확장되었습니다.
       C:\Program Files\dotnet\sdk\10.0.200-preview.0.26103.119\Microsoft.Common.CurrentVersion.targets(3948,5): message : 속성 재할당: $(_SGenGenerateSerializationAssembliesConfig)=C:\Program Files\dotnet\sdk\10.0.200-preview.0.26103.119\Microsoft.Common.CurrentVersion.targets (3948,5)의 "Auto"(이전 값: "")
       C:\Program Files\dotnet\sdk\10.0.200-preview.0.26103.119\Microsoft.Common.CurrentVersion.targets(3949,5): message : 속성 재할당: $(_SGenGenerateSerializationAssembliesConfig)=C:\Program Files\dotnet\sdk\10.0.200-preview.0.26103.119\Microsoft.Common.CurrentVersion.targets (3949,5)의 "Off"(이전 값: "Auto")
       C:\Program Files\dotnet\sdk\10.0.200-preview.0.26103.119\Microsoft.Common.CurrentVersion.targets(5160,5): message : 속성 재할당: $(_TargetsThatPrepareProjectReferences)=C:\Program Files\dotnet\sdk\10.0.200-preview.0.26103.119\Microsoft.Common.CurrentVersion.targets (5160,5)의 "
       C:\Program Files\dotnet\sdk\10.0.200-preview.0.26103.119\Microsoft.Common.CurrentVersion.targets(5160,5): message :       AssignProjectConfiguration;
       C:\Program Files\dotnet\sdk\10.0.200-preview.0.26103.119\Microsoft.Common.CurrentVersion.targets(5160,5): message :       _SplitProjectReferencesByFileExistence
       C:\Program Files\dotnet\sdk\10.0.200-preview.0.26103.119\Microsoft.Common.CurrentVersion.targets(5160,5): message :     "(이전 값: "_SplitProjectReferencesByFileExistence")
       C:\Program Files\dotnet\sdk\10.0.200-preview.0.26103.119\Microsoft.Common.CurrentVersion.targets(6973,5): message : 환경에서 값이 'MSBuildExtensionsPath32'인 속성 'C:\Program Files\dotnet\sdk\10.0.200-preview.0.26103.119'이(가) 확장되었습니다.
       C:\Program Files\dotnet\sdk\10.0.200-preview.0.26103.119\Microsoft.NETFramework.CurrentVersion.targets(74,5): message : 속성 재할당: $(ResolveReferencesDependsOn)=C:\Program Files\dotnet\sdk\10.0.200-preview.0.26103.119\Microsoft.NETFramework.CurrentVersion.targets (74,5)의 "
       C:\Program Files\dotnet\sdk\10.0.200-preview.0.26103.119\Microsoft.NETFramework.CurrentVersion.targets(74,5): message :       
       C:\Program Files\dotnet\sdk\10.0.200-preview.0.26103.119\Microsoft.NETFramework.CurrentVersion.targets(74,5): message :       BeforeResolveReferences;
       C:\Program Files\dotnet\sdk\10.0.200-preview.0.26103.119\Microsoft.NETFramework.CurrentVersion.targets(74,5): message :       AssignProjectConfiguration;
       C:\Program Files\dotnet\sdk\10.0.200-preview.0.26103.119\Microsoft.NETFramework.CurrentVersion.targets(74,5): message :       ResolveProjectReferences;
       C:\Program Files\dotnet\sdk\10.0.200-preview.0.26103.119\Microsoft.NETFramework.CurrentVersion.targets(74,5): message :       FindInvalidProjectReferences;
       C:\Program Files\dotnet\sdk\10.0.200-preview.0.26103.119\Microsoft.NETFramework.CurrentVersion.targets(74,5): message :       ResolveNativeReferences;
       C:\Program Files\dotnet\sdk\10.0.200-preview.0.26103.119\Microsoft.NETFramework.CurrentVersion.targets(74,5): message :       ResolveAssemblyReferences;
       C:\Program Files\dotnet\sdk\10.0.200-preview.0.26103.119\Microsoft.NETFramework.CurrentVersion.targets(74,5): message :       GenerateBindingRedirects;
       C:\Program Files\dotnet\sdk\10.0.200-preview.0.26103.119\Microsoft.NETFramework.CurrentVersion.targets(74,5): message :       GenerateBindingRedirectsUpdateAppConfig;
       C:\Program Files\dotnet\sdk\10.0.200-preview.0.26103.119\Microsoft.NETFramework.CurrentVersion.targets(74,5): message :       ResolveComReferences;
       C:\Program Files\dotnet\sdk\10.0.200-preview.0.26103.119\Microsoft.NETFramework.CurrentVersion.targets(74,5): message :       AfterResolveReferences
       C:\Program Files\dotnet\sdk\10.0.200-preview.0.26103.119\Microsoft.NETFramework.CurrentVersion.targets(74,5): message :     ;
       C:\Program Files\dotnet\sdk\10.0.200-preview.0.26103.119\Microsoft.NETFramework.CurrentVersion.targets(74,5): message :       ImplicitlyExpandDesignTimeFacades
       C:\Program Files\dotnet\sdk\10.0.200-preview.0.26103.119\Microsoft.NETFramework.CurrentVersion.targets(74,5): message :     "(이전 값: "
       C:\Program Files\dotnet\sdk\10.0.200-preview.0.26103.119\Microsoft.NETFramework.CurrentVersion.targets(74,5): message :       BeforeResolveReferences;
       C:\Program Files\dotnet\sdk\10.0.200-preview.0.26103.119\Microsoft.NETFramework.CurrentVersion.targets(74,5): message :       AssignProjectConfiguration;
       C:\Program Files\dotnet\sdk\10.0.200-preview.0.26103.119\Microsoft.NETFramework.CurrentVersion.targets(74,5): message :       ResolveProjectReferences;
       C:\Program Files\dotnet\sdk\10.0.200-preview.0.26103.119\Microsoft.NETFramework.CurrentVersion.targets(74,5): message :       FindInvalidProjectReferences;
       C:\Program Files\dotnet\sdk\10.0.200-preview.0.26103.119\Microsoft.NETFramework.CurrentVersion.targets(74,5): message :       ResolveNativeReferences;
       C:\Program Files\dotnet\sdk\10.0.200-preview.0.26103.119\Microsoft.NETFramework.CurrentVersion.targets(74,5): message :       ResolveAssemblyReferences;
       C:\Program Files\dotnet\sdk\10.0.200-preview.0.26103.119\Microsoft.NETFramework.CurrentVersion.targets(74,5): message :       GenerateBindingRedirects;
       C:\Program Files\dotnet\sdk\10.0.200-preview.0.26103.119\Microsoft.NETFramework.CurrentVersion.targets(74,5): message :       GenerateBindingRedirectsUpdateAppConfig;
       C:\Program Files\dotnet\sdk\10.0.200-preview.0.26103.119\Microsoft.NETFramework.CurrentVersion.targets(74,5): message :       ResolveComReferences;
       C:\Program Files\dotnet\sdk\10.0.200-preview.0.26103.119\Microsoft.NETFramework.CurrentVersion.targets(74,5): message :       AfterResolveReferences
       C:\Program Files\dotnet\sdk\10.0.200-preview.0.26103.119\Microsoft.NETFramework.CurrentVersion.targets(74,5): message :     ")
       "NuGetInteractive" 속성은 전역 속성이므로 수정할 수 없습니다.
       C:\Program Files\dotnet\sdk\10.0.200-preview.0.26103.119\Sdks\Microsoft.NET.Sdk\targets\Microsoft.PackageDependencyResolution.targets(29,5): message : 속성 재할당: $(ProjectAssetsCacheFile)=C:\Program Files\dotnet\sdk\10.0.200-preview.0.26103.119\Sdks\Microsoft.NET.Sdk\targets\Microsoft.PackageDependencyResolution.targets (29,5)의 "e:\2026\infra\Shared\obj\Debug\net481\Shared.assets.cache"(이전 값: "obj\Debug\net481\Shared.assets.cache")
       C:\Program Files\dotnet\sdk\10.0.200-preview.0.26103.119\Sdks\Microsoft.NET.Sdk\targets\Microsoft.PackageDependencyResolution.targets(80,5): message : 속성 재할당: $(ResolveAssemblyReferencesDependsOn)=C:\Program Files\dotnet\sdk\10.0.200-preview.0.26103.119\Sdks\Microsoft.NET.Sdk\targets\Microsoft.PackageDependencyResolution.targets (80,5)의 "
       C:\Program Files\dotnet\sdk\10.0.200-preview.0.26103.119\Sdks\Microsoft.NET.Sdk\targets\Microsoft.PackageDependencyResolution.targets(80,5): message :       
       C:\Program Files\dotnet\sdk\10.0.200-preview.0.26103.119\Sdks\Microsoft.NET.Sdk\targets\Microsoft.PackageDependencyResolution.targets(80,5): message :       ResolveProjectReferences;
       C:\Program Files\dotnet\sdk\10.0.200-preview.0.26103.119\Sdks\Microsoft.NET.Sdk\targets\Microsoft.PackageDependencyResolution.targets(80,5): message :       FindInvalidProjectReferences;
       C:\Program Files\dotnet\sdk\10.0.200-preview.0.26103.119\Sdks\Microsoft.NET.Sdk\targets\Microsoft.PackageDependencyResolution.targets(80,5): message :       GetFrameworkPaths;
       C:\Program Files\dotnet\sdk\10.0.200-preview.0.26103.119\Sdks\Microsoft.NET.Sdk\targets\Microsoft.PackageDependencyResolution.targets(80,5): message :       GetReferenceAssemblyPaths;
       C:\Program Files\dotnet\sdk\10.0.200-preview.0.26103.119\Sdks\Microsoft.NET.Sdk\targets\Microsoft.PackageDependencyResolution.targets(80,5): message :       PrepareForBuild;
       C:\Program Files\dotnet\sdk\10.0.200-preview.0.26103.119\Sdks\Microsoft.NET.Sdk\targets\Microsoft.PackageDependencyResolution.targets(80,5): message :       ResolveSDKReferences;
       C:\Program Files\dotnet\sdk\10.0.200-preview.0.26103.119\Sdks\Microsoft.NET.Sdk\targets\Microsoft.PackageDependencyResolution.targets(80,5): message :       ExpandSDKReferences;
       C:\Program Files\dotnet\sdk\10.0.200-preview.0.26103.119\Sdks\Microsoft.NET.Sdk\targets\Microsoft.PackageDependencyResolution.targets(80,5): message :     ;
       C:\Program Files\dotnet\sdk\10.0.200-preview.0.26103.119\Sdks\Microsoft.NET.Sdk\targets\Microsoft.PackageDependencyResolution.targets(80,5): message :       ResolvePackageDependenciesForBuild;
       C:\Program Files\dotnet\sdk\10.0.200-preview.0.26103.119\Sdks\Microsoft.NET.Sdk\targets\Microsoft.PackageDependencyResolution.targets(80,5): message :       _HandlePackageFileConflicts;
       C:\Program Files\dotnet\sdk\10.0.200-preview.0.26103.119\Sdks\Microsoft.NET.Sdk\targets\Microsoft.PackageDependencyResolution.targets(80,5): message :     "(이전 값: "
       C:\Program Files\dotnet\sdk\10.0.200-preview.0.26103.119\Sdks\Microsoft.NET.Sdk\targets\Microsoft.PackageDependencyResolution.targets(80,5): message :       ResolveProjectReferences;
       C:\Program Files\dotnet\sdk\10.0.200-preview.0.26103.119\Sdks\Microsoft.NET.Sdk\targets\Microsoft.PackageDependencyResolution.targets(80,5): message :       FindInvalidProjectReferences;
       C:\Program Files\dotnet\sdk\10.0.200-preview.0.26103.119\Sdks\Microsoft.NET.Sdk\targets\Microsoft.PackageDependencyResolution.targets(80,5): message :       GetFrameworkPaths;
       C:\Program Files\dotnet\sdk\10.0.200-preview.0.26103.119\Sdks\Microsoft.NET.Sdk\targets\Microsoft.PackageDependencyResolution.targets(80,5): message :       GetReferenceAssemblyPaths;
       C:\Program Files\dotnet\sdk\10.0.200-preview.0.26103.119\Sdks\Microsoft.NET.Sdk\targets\Microsoft.PackageDependencyResolution.targets(80,5): message :       PrepareForBuild;
       C:\Program Files\dotnet\sdk\10.0.200-preview.0.26103.119\Sdks\Microsoft.NET.Sdk\targets\Microsoft.PackageDependencyResolution.targets(80,5): message :       ResolveSDKReferences;
       C:\Program Files\dotnet\sdk\10.0.200-preview.0.26103.119\Sdks\Microsoft.NET.Sdk\targets\Microsoft.PackageDependencyResolution.targets(80,5): message :       ExpandSDKReferences;
       C:\Program Files\dotnet\sdk\10.0.200-preview.0.26103.119\Sdks\Microsoft.NET.Sdk\targets\Microsoft.PackageDependencyResolution.targets(80,5): message :     ")
       C:\Program Files\dotnet\sdk\10.0.200-preview.0.26103.119\Sdks\Microsoft.NET.Sdk\targets\Microsoft.PackageDependencyResolution.targets(86,5): message : 속성 재할당: $(PrepareResourcesDependsOn)=C:\Program Files\dotnet\sdk\10.0.200-preview.0.26103.119\Sdks\Microsoft.NET.Sdk\targets\Microsoft.PackageDependencyResolution.targets (86,5)의 "
       C:\Program Files\dotnet\sdk\10.0.200-preview.0.26103.119\Sdks\Microsoft.NET.Sdk\targets\Microsoft.PackageDependencyResolution.targets(86,5): message :       ResolvePackageDependenciesForBuild;
       C:\Program Files\dotnet\sdk\10.0.200-preview.0.26103.119\Sdks\Microsoft.NET.Sdk\targets\Microsoft.PackageDependencyResolution.targets(86,5): message :       _HandlePackageFileConflicts;
       C:\Program Files\dotnet\sdk\10.0.200-preview.0.26103.119\Sdks\Microsoft.NET.Sdk\targets\Microsoft.PackageDependencyResolution.targets(86,5): message :       
       C:\Program Files\dotnet\sdk\10.0.200-preview.0.26103.119\Sdks\Microsoft.NET.Sdk\targets\Microsoft.PackageDependencyResolution.targets(86,5): message :       ;
       C:\Program Files\dotnet\sdk\10.0.200-preview.0.26103.119\Sdks\Microsoft.NET.Sdk\targets\Microsoft.PackageDependencyResolution.targets(86,5): message :       PrepareResourceNames;
       C:\Program Files\dotnet\sdk\10.0.200-preview.0.26103.119\Sdks\Microsoft.NET.Sdk\targets\Microsoft.PackageDependencyResolution.targets(86,5): message :       ResGen;
       C:\Program Files\dotnet\sdk\10.0.200-preview.0.26103.119\Sdks\Microsoft.NET.Sdk\targets\Microsoft.PackageDependencyResolution.targets(86,5): message :       CompileLicxFiles
       C:\Program Files\dotnet\sdk\10.0.200-preview.0.26103.119\Sdks\Microsoft.NET.Sdk\targets\Microsoft.PackageDependencyResolution.targets(86,5): message :     
       C:\Program Files\dotnet\sdk\10.0.200-preview.0.26103.119\Sdks\Microsoft.NET.Sdk\targets\Microsoft.PackageDependencyResolution.targets(86,5): message :     "(이전 값: "
       C:\Program Files\dotnet\sdk\10.0.200-preview.0.26103.119\Sdks\Microsoft.NET.Sdk\targets\Microsoft.PackageDependencyResolution.targets(86,5): message :       ;
       C:\Program Files\dotnet\sdk\10.0.200-preview.0.26103.119\Sdks\Microsoft.NET.Sdk\targets\Microsoft.PackageDependencyResolution.targets(86,5): message :       PrepareResourceNames;
       C:\Program Files\dotnet\sdk\10.0.200-preview.0.26103.119\Sdks\Microsoft.NET.Sdk\targets\Microsoft.PackageDependencyResolution.targets(86,5): message :       ResGen;
       C:\Program Files\dotnet\sdk\10.0.200-preview.0.26103.119\Sdks\Microsoft.NET.Sdk\targets\Microsoft.PackageDependencyResolution.targets(86,5): message :       CompileLicxFiles
       C:\Program Files\dotnet\sdk\10.0.200-preview.0.26103.119\Sdks\Microsoft.NET.Sdk\targets\Microsoft.PackageDependencyResolution.targets(86,5): message :     ")
       C:\Program Files\dotnet\sdk\10.0.200-preview.0.26103.119\Sdks\Microsoft.NET.Sdk\targets\Microsoft.NET.Sdk.DefaultItems.targets(35,5): message : 속성 재할당: $(DefaultItemExcludes)=C:\Program Files\dotnet\sdk\10.0.200-preview.0.26103.119\Sdks\Microsoft.NET.Sdk\targets\Microsoft.NET.Sdk.DefaultItems.targets (35,5)의 ";bin\Debug\/**;obj\Debug\/**;bin\/**"(이전 값: ";bin\Debug\/**;obj\Debug\/**")
       C:\Program Files\dotnet\sdk\10.0.200-preview.0.26103.119\Sdks\Microsoft.NET.Sdk\targets\Microsoft.NET.Sdk.DefaultItems.targets(37,5): message : 속성 재할당: $(DefaultItemExcludes)=C:\Program Files\dotnet\sdk\10.0.200-preview.0.26103.119\Sdks\Microsoft.NET.Sdk\targets\Microsoft.NET.Sdk.DefaultItems.targets (37,5)의 ";bin\Debug\/**;obj\Debug\/**;bin\/**;obj\/**"(이전 값: ";bin\Debug\/**;obj\Debug\/**;bin\/**")
       C:\Program Files\dotnet\sdk\10.0.200-preview.0.26103.119\Sdks\Microsoft.NET.Sdk\targets\Microsoft.NET.Sdk.DefaultItems.targets(41,5): message : 속성 재할당: $(DefaultItemExcludes)=C:\Program Files\dotnet\sdk\10.0.200-preview.0.26103.119\Sdks\Microsoft.NET.Sdk\targets\Microsoft.NET.Sdk.DefaultItems.targets (41,5)의 ";bin\Debug\/**;obj\Debug\/**;bin\/**;obj\/**;bin\Debug\net481\publish\/**"(이전 값: ";bin\Debug\/**;obj\Debug\/**;bin\/**;obj\/**")
       C:\Program Files\dotnet\sdk\10.0.200-preview.0.26103.119\Sdks\Microsoft.NET.Sdk\targets\Microsoft.NET.Sdk.DefaultItems.targets(44,5): message : 속성 재할당: $(DefaultItemExcludes)=C:\Program Files\dotnet\sdk\10.0.200-preview.0.26103.119\Sdks\Microsoft.NET.Sdk\targets\Microsoft.NET.Sdk.DefaultItems.targets (44,5)의 ";bin\Debug\/**;obj\Debug\/**;bin\/**;obj\/**;bin\Debug\net481\publish\/**;**/*.user"(이전 값: ";bin\Debug\/**;obj\Debug\/**;bin\/**;obj\/**;bin\Debug\net481\publish\/**")
       C:\Program Files\dotnet\sdk\10.0.200-preview.0.26103.119\Sdks\Microsoft.NET.Sdk\targets\Microsoft.NET.Sdk.DefaultItems.targets(45,5): message : 속성 재할당: $(DefaultItemExcludes)=C:\Program Files\dotnet\sdk\10.0.200-preview.0.26103.119\Sdks\Microsoft.NET.Sdk\targets\Microsoft.NET.Sdk.DefaultItems.targets (45,5)의 ";bin\Debug\/**;obj\Debug\/**;bin\/**;obj\/**;bin\Debug\net481\publish\/**;**/*.user;**/*.*proj"(이전 값: ";bin\Debug\/**;obj\Debug\/**;bin\/**;obj\/**;bin\Debug\net481\publish\/**;**/*.user")
       C:\Program Files\dotnet\sdk\10.0.200-preview.0.26103.119\Sdks\Microsoft.NET.Sdk\targets\Microsoft.NET.Sdk.DefaultItems.targets(46,5): message : 속성 재할당: $(DefaultItemExcludes)=C:\Program Files\dotnet\sdk\10.0.200-preview.0.26103.119\Sdks\Microsoft.NET.Sdk\targets\Microsoft.NET.Sdk.DefaultItems.targets (46,5)의 ";bin\Debug\/**;obj\Debug\/**;bin\/**;obj\/**;bin\Debug\net481\publish\/**;**/*.user;**/*.*proj;**/*.sln"(이전 값: ";bin\Debug\/**;obj\Debug\/**;bin\/**;obj\/**;bin\Debug\net481\publish\/**;**/*.user;**/*.*proj")
       C:\Program Files\dotnet\sdk\10.0.200-preview.0.26103.119\Sdks\Microsoft.NET.Sdk\targets\Microsoft.NET.Sdk.DefaultItems.targets(47,5): message : 속성 재할당: $(DefaultItemExcludes)=C:\Program Files\dotnet\sdk\10.0.200-preview.0.26103.119\Sdks\Microsoft.NET.Sdk\targets\Microsoft.NET.Sdk.DefaultItems.targets (47,5)의 ";bin\Debug\/**;obj\Debug\/**;bin\/**;obj\/**;bin\Debug\net481\publish\/**;**/*.user;**/*.*proj;**/*.sln;**/*.slnx"(이전 값: ";bin\Debug\/**;obj\Debug\/**;bin\/**;obj\/**;bin\Debug\net481\publish\/**;**/*.user;**/*.*proj;**/*.sln")
       C:\Program Files\dotnet\sdk\10.0.200-preview.0.26103.119\Sdks\Microsoft.NET.Sdk\targets\Microsoft.NET.Sdk.DefaultItems.targets(48,5): message : 속성 재할당: $(DefaultItemExcludes)=C:\Program Files\dotnet\sdk\10.0.200-preview.0.26103.119\Sdks\Microsoft.NET.Sdk\targets\Microsoft.NET.Sdk.DefaultItems.targets (48,5)의 ";bin\Debug\/**;obj\Debug\/**;bin\/**;obj\/**;bin\Debug\net481\publish\/**;**/*.user;**/*.*proj;**/*.sln;**/*.slnx;**/*.vssscc"(이전 값: ";bin\Debug\/**;obj\Debug\/**;bin\/**;obj\/**;bin\Debug\net481\publish\/**;**/*.user;**/*.*proj;**/*.sln;**/*.slnx")
       C:\Program Files\dotnet\sdk\10.0.200-preview.0.26103.119\Sdks\Microsoft.NET.Sdk\targets\Microsoft.NET.Sdk.DefaultItems.targets(49,5): message : 속성 재할당: $(DefaultItemExcludes)=C:\Program Files\dotnet\sdk\10.0.200-preview.0.26103.119\Sdks\Microsoft.NET.Sdk\targets\Microsoft.NET.Sdk.DefaultItems.targets (49,5)의 ";bin\Debug\/**;obj\Debug\/**;bin\/**;obj\/**;bin\Debug\net481\publish\/**;**/*.user;**/*.*proj;**/*.sln;**/*.slnx;**/*.vssscc;**/.DS_Store"(이전 값: ";bin\Debug\/**;obj\Debug\/**;bin\/**;obj\/**;bin\Debug\net481\publish\/**;**/*.user;**/*.*proj;**/*.sln;**/*.slnx;**/*.vssscc")
       C:\Program Files\dotnet\sdk\10.0.200-preview.0.26103.119\Sdks\Microsoft.NET.Sdk\targets\Microsoft.NET.Sdk.FrameworkReferenceResolution.targets(14,5): message : 속성 재할당: $(ResolveAssemblyReferencesDependsOn)=C:\Program Files\dotnet\sdk\10.0.200-preview.0.26103.119\Sdks\Microsoft.NET.Sdk\targets\Microsoft.NET.Sdk.FrameworkReferenceResolution.targets (14,5)의 "
       C:\Program Files\dotnet\sdk\10.0.200-preview.0.26103.119\Sdks\Microsoft.NET.Sdk\targets\Microsoft.NET.Sdk.FrameworkReferenceResolution.targets(14,5): message :       
       C:\Program Files\dotnet\sdk\10.0.200-preview.0.26103.119\Sdks\Microsoft.NET.Sdk\targets\Microsoft.NET.Sdk.FrameworkReferenceResolution.targets(14,5): message :       
       C:\Program Files\dotnet\sdk\10.0.200-preview.0.26103.119\Sdks\Microsoft.NET.Sdk\targets\Microsoft.NET.Sdk.FrameworkReferenceResolution.targets(14,5): message :       ResolveProjectReferences;
       C:\Program Files\dotnet\sdk\10.0.200-preview.0.26103.119\Sdks\Microsoft.NET.Sdk\targets\Microsoft.NET.Sdk.FrameworkReferenceResolution.targets(14,5): message :       FindInvalidProjectReferences;
       C:\Program Files\dotnet\sdk\10.0.200-preview.0.26103.119\Sdks\Microsoft.NET.Sdk\targets\Microsoft.NET.Sdk.FrameworkReferenceResolution.targets(14,5): message :       GetFrameworkPaths;
       C:\Program Files\dotnet\sdk\10.0.200-preview.0.26103.119\Sdks\Microsoft.NET.Sdk\targets\Microsoft.NET.Sdk.FrameworkReferenceResolution.targets(14,5): message :       GetReferenceAssemblyPaths;
       C:\Program Files\dotnet\sdk\10.0.200-preview.0.26103.119\Sdks\Microsoft.NET.Sdk\targets\Microsoft.NET.Sdk.FrameworkReferenceResolution.targets(14,5): message :       PrepareForBuild;
       C:\Program Files\dotnet\sdk\10.0.200-preview.0.26103.119\Sdks\Microsoft.NET.Sdk\targets\Microsoft.NET.Sdk.FrameworkReferenceResolution.targets(14,5): message :       ResolveSDKReferences;
       C:\Program Files\dotnet\sdk\10.0.200-preview.0.26103.119\Sdks\Microsoft.NET.Sdk\targets\Microsoft.NET.Sdk.FrameworkReferenceResolution.targets(14,5): message :       ExpandSDKReferences;
       C:\Program Files\dotnet\sdk\10.0.200-preview.0.26103.119\Sdks\Microsoft.NET.Sdk\targets\Microsoft.NET.Sdk.FrameworkReferenceResolution.targets(14,5): message :     ;
       C:\Program Files\dotnet\sdk\10.0.200-preview.0.26103.119\Sdks\Microsoft.NET.Sdk\targets\Microsoft.NET.Sdk.FrameworkReferenceResolution.targets(14,5): message :       ResolvePackageDependenciesForBuild;
       C:\Program Files\dotnet\sdk\10.0.200-preview.0.26103.119\Sdks\Microsoft.NET.Sdk\targets\Microsoft.NET.Sdk.FrameworkReferenceResolution.targets(14,5): message :       _HandlePackageFileConflicts;
       C:\Program Files\dotnet\sdk\10.0.200-preview.0.26103.119\Sdks\Microsoft.NET.Sdk\targets\Microsoft.NET.Sdk.FrameworkReferenceResolution.targets(14,5): message :     ;
       C:\Program Files\dotnet\sdk\10.0.200-preview.0.26103.119\Sdks\Microsoft.NET.Sdk\targets\Microsoft.NET.Sdk.FrameworkReferenceResolution.targets(14,5): message :       ResolveTargetingPackAssets;
       C:\Program Files\dotnet\sdk\10.0.200-preview.0.26103.119\Sdks\Microsoft.NET.Sdk\targets\Microsoft.NET.Sdk.FrameworkReferenceResolution.targets(14,5): message :     "(이전 값: "
       C:\Program Files\dotnet\sdk\10.0.200-preview.0.26103.119\Sdks\Microsoft.NET.Sdk\targets\Microsoft.NET.Sdk.FrameworkReferenceResolution.targets(14,5): message :       
       C:\Program Files\dotnet\sdk\10.0.200-preview.0.26103.119\Sdks\Microsoft.NET.Sdk\targets\Microsoft.NET.Sdk.FrameworkReferenceResolution.targets(14,5): message :       ResolveProjectReferences;
       C:\Program Files\dotnet\sdk\10.0.200-preview.0.26103.119\Sdks\Microsoft.NET.Sdk\targets\Microsoft.NET.Sdk.FrameworkReferenceResolution.targets(14,5): message :       FindInvalidProjectReferences;
       C:\Program Files\dotnet\sdk\10.0.200-preview.0.26103.119\Sdks\Microsoft.NET.Sdk\targets\Microsoft.NET.Sdk.FrameworkReferenceResolution.targets(14,5): message :       GetFrameworkPaths;
       C:\Program Files\dotnet\sdk\10.0.200-preview.0.26103.119\Sdks\Microsoft.NET.Sdk\targets\Microsoft.NET.Sdk.FrameworkReferenceResolution.targets(14,5): message :       GetReferenceAssemblyPaths;
       C:\Program Files\dotnet\sdk\10.0.200-preview.0.26103.119\Sdks\Microsoft.NET.Sdk\targets\Microsoft.NET.Sdk.FrameworkReferenceResolution.targets(14,5): message :       PrepareForBuild;
       C:\Program Files\dotnet\sdk\10.0.200-preview.0.26103.119\Sdks\Microsoft.NET.Sdk\targets\Microsoft.NET.Sdk.FrameworkReferenceResolution.targets(14,5): message :       ResolveSDKReferences;
       C:\Program Files\dotnet\sdk\10.0.200-preview.0.26103.119\Sdks\Microsoft.NET.Sdk\targets\Microsoft.NET.Sdk.FrameworkReferenceResolution.targets(14,5): message :       ExpandSDKReferences;
       C:\Program Files\dotnet\sdk\10.0.200-preview.0.26103.119\Sdks\Microsoft.NET.Sdk\targets\Microsoft.NET.Sdk.FrameworkReferenceResolution.targets(14,5): message :     ;
       C:\Program Files\dotnet\sdk\10.0.200-preview.0.26103.119\Sdks\Microsoft.NET.Sdk\targets\Microsoft.NET.Sdk.FrameworkReferenceResolution.targets(14,5): message :       ResolvePackageDependenciesForBuild;
       C:\Program Files\dotnet\sdk\10.0.200-preview.0.26103.119\Sdks\Microsoft.NET.Sdk\targets\Microsoft.NET.Sdk.FrameworkReferenceResolution.targets(14,5): message :       _HandlePackageFileConflicts;
       C:\Program Files\dotnet\sdk\10.0.200-preview.0.26103.119\Sdks\Microsoft.NET.Sdk\targets\Microsoft.NET.Sdk.FrameworkReferenceResolution.targets(14,5): message :     ")
       C:\Program Files\dotnet\sdk\10.0.200-preview.0.26103.119\Sdks\Microsoft.NET.Sdk\targets\Microsoft.NET.Sdk.targets(44,5): message : 속성 재할당: $(_GenerateRuntimeConfigurationPropertyInputsCache)=C:\Program Files\dotnet\sdk\10.0.200-preview.0.26103.119\Sdks\Microsoft.NET.Sdk\targets\Microsoft.NET.Sdk.targets (44,5)의 "e:\2026\infra\Shared\obj\Debug\net481\Shared.genruntimeconfig.cache"(이전 값: "obj\Debug\net481\Shared.genruntimeconfig.cache")
       C:\Program Files\dotnet\sdk\10.0.200-preview.0.26103.119\Sdks\Microsoft.NET.Sdk\targets\Microsoft.NET.Sdk.targets(46,5): message : 속성 재할당: $(_GeneratePublishDependencyFilePropertyInputsCache)=C:\Program Files\dotnet\sdk\10.0.200-preview.0.26103.119\Sdks\Microsoft.NET.Sdk\targets\Microsoft.NET.Sdk.targets (46,5)의 "e:\2026\infra\Shared\obj\Debug\net481\Shared.genpublishdeps.cache"(이전 값: "obj\Debug\net481\Shared.genpublishdeps.cache")
       C:\Program Files\dotnet\sdk\10.0.200-preview.0.26103.119\Sdks\Microsoft.NET.Sdk\targets\Microsoft.NET.Sdk.targets(48,5): message : 속성 재할당: $(_GenerateSingleFileBundlePropertyInputsCache)=C:\Program Files\dotnet\sdk\10.0.200-preview.0.26103.119\Sdks\Microsoft.NET.Sdk\targets\Microsoft.NET.Sdk.targets (48,5)의 "e:\2026\infra\Shared\obj\Debug\net481\Shared.genbundle.cache"(이전 값: "obj\Debug\net481\Shared.genbundle.cache")
       C:\Program Files\dotnet\sdk\10.0.200-preview.0.26103.119\Sdks\Microsoft.NET.Sdk\targets\Microsoft.NET.Sdk.targets(98,5): message : 속성 재할당: $(_DefaultUserProfileRuntimeStorePath)=C:\Program Files\dotnet\sdk\10.0.200-preview.0.26103.119\Sdks\Microsoft.NET.Sdk\targets\Microsoft.NET.Sdk.targets (98,5)의 "C:\Users\haoru"(이전 값: "")
       C:\Program Files\dotnet\sdk\10.0.200-preview.0.26103.119\Sdks\Microsoft.NET.Sdk\targets\Microsoft.NET.Sdk.targets(99,5): message : 속성 재할당: $(_DefaultUserProfileRuntimeStorePath)=C:\Program Files\dotnet\sdk\10.0.200-preview.0.26103.119\Sdks\Microsoft.NET.Sdk\targets\Microsoft.NET.Sdk.targets (99,5)의 "C:\Users\haoru\.dotnet\store"(이전 값: "C:\Users\haoru")
       C:\Program Files\dotnet\sdk\10.0.200-preview.0.26103.119\Sdks\Microsoft.NET.Sdk\targets\Microsoft.NET.Sdk.targets(152,5): message : 속성 재할당: $(AvailablePlatforms)=C:\Program Files\dotnet\sdk\10.0.200-preview.0.26103.119\Sdks\Microsoft.NET.Sdk\targets\Microsoft.NET.Sdk.targets (152,5)의 "Any CPU,x86,x64,ARM64,ARM64"(이전 값: "Any CPU,x86,x64,ARM64")
       C:\Program Files\dotnet\sdk\10.0.200-preview.0.26103.119\Sdks\Microsoft.NET.Sdk\targets\Microsoft.NET.Sdk.targets(204,5): message : 속성 재할당: $(CoreBuildDependsOn)=C:\Program Files\dotnet\sdk\10.0.200-preview.0.26103.119\Sdks\Microsoft.NET.Sdk\targets\Microsoft.NET.Sdk.targets (204,5)의 "
       C:\Program Files\dotnet\sdk\10.0.200-preview.0.26103.119\Sdks\Microsoft.NET.Sdk\targets\Microsoft.NET.Sdk.targets(204,5): message :       _CheckForBuildWithNoBuild;
       C:\Program Files\dotnet\sdk\10.0.200-preview.0.26103.119\Sdks\Microsoft.NET.Sdk\targets\Microsoft.NET.Sdk.targets(204,5): message :       
       C:\Program Files\dotnet\sdk\10.0.200-preview.0.26103.119\Sdks\Microsoft.NET.Sdk\targets\Microsoft.NET.Sdk.targets(204,5): message :       BuildOnlySettings;
       C:\Program Files\dotnet\sdk\10.0.200-preview.0.26103.119\Sdks\Microsoft.NET.Sdk\targets\Microsoft.NET.Sdk.targets(204,5): message :       PrepareForBuild;
       C:\Program Files\dotnet\sdk\10.0.200-preview.0.26103.119\Sdks\Microsoft.NET.Sdk\targets\Microsoft.NET.Sdk.targets(204,5): message :       PreBuildEvent;
       C:\Program Files\dotnet\sdk\10.0.200-preview.0.26103.119\Sdks\Microsoft.NET.Sdk\targets\Microsoft.NET.Sdk.targets(204,5): message :       ResolveReferences;
       C:\Program Files\dotnet\sdk\10.0.200-preview.0.26103.119\Sdks\Microsoft.NET.Sdk\targets\Microsoft.NET.Sdk.targets(204,5): message :       PrepareResources;
       C:\Program Files\dotnet\sdk\10.0.200-preview.0.26103.119\Sdks\Microsoft.NET.Sdk\targets\Microsoft.NET.Sdk.targets(204,5): message :       ResolveKeySource;
       C:\Program Files\dotnet\sdk\10.0.200-preview.0.26103.119\Sdks\Microsoft.NET.Sdk\targets\Microsoft.NET.Sdk.targets(204,5): message :       Compile;
       C:\Program Files\dotnet\sdk\10.0.200-preview.0.26103.119\Sdks\Microsoft.NET.Sdk\targets\Microsoft.NET.Sdk.targets(204,5): message :       ExportWindowsMDFile;
       C:\Program Files\dotnet\sdk\10.0.200-preview.0.26103.119\Sdks\Microsoft.NET.Sdk\targets\Microsoft.NET.Sdk.targets(204,5): message :       UnmanagedUnregistration;
       C:\Program Files\dotnet\sdk\10.0.200-preview.0.26103.119\Sdks\Microsoft.NET.Sdk\targets\Microsoft.NET.Sdk.targets(204,5): message :       GenerateSerializationAssemblies;
       C:\Program Files\dotnet\sdk\10.0.200-preview.0.26103.119\Sdks\Microsoft.NET.Sdk\targets\Microsoft.NET.Sdk.targets(204,5): message :       CreateSatelliteAssemblies;
       C:\Program Files\dotnet\sdk\10.0.200-preview.0.26103.119\Sdks\Microsoft.NET.Sdk\targets\Microsoft.NET.Sdk.targets(204,5): message :       GenerateManifests;
       C:\Program Files\dotnet\sdk\10.0.200-preview.0.26103.119\Sdks\Microsoft.NET.Sdk\targets\Microsoft.NET.Sdk.targets(204,5): message :       GetTargetPath;
       C:\Program Files\dotnet\sdk\10.0.200-preview.0.26103.119\Sdks\Microsoft.NET.Sdk\targets\Microsoft.NET.Sdk.targets(204,5): message :       PrepareForRun;
       C:\Program Files\dotnet\sdk\10.0.200-preview.0.26103.119\Sdks\Microsoft.NET.Sdk\targets\Microsoft.NET.Sdk.targets(204,5): message :       UnmanagedRegistration;
       C:\Program Files\dotnet\sdk\10.0.200-preview.0.26103.119\Sdks\Microsoft.NET.Sdk\targets\Microsoft.NET.Sdk.targets(204,5): message :       IncrementalClean;
       C:\Program Files\dotnet\sdk\10.0.200-preview.0.26103.119\Sdks\Microsoft.NET.Sdk\targets\Microsoft.NET.Sdk.targets(204,5): message :       PostBuildEvent
       C:\Program Files\dotnet\sdk\10.0.200-preview.0.26103.119\Sdks\Microsoft.NET.Sdk\targets\Microsoft.NET.Sdk.targets(204,5): message :     ;
       C:\Program Files\dotnet\sdk\10.0.200-preview.0.26103.119\Sdks\Microsoft.NET.Sdk\targets\Microsoft.NET.Sdk.targets(204,5): message :       GenerateBuildDependencyFile;
       C:\Program Files\dotnet\sdk\10.0.200-preview.0.26103.119\Sdks\Microsoft.NET.Sdk\targets\Microsoft.NET.Sdk.targets(204,5): message :       GenerateBuildRuntimeConfigurationFiles
       C:\Program Files\dotnet\sdk\10.0.200-preview.0.26103.119\Sdks\Microsoft.NET.Sdk\targets\Microsoft.NET.Sdk.targets(204,5): message :     "(이전 값: "
       C:\Program Files\dotnet\sdk\10.0.200-preview.0.26103.119\Sdks\Microsoft.NET.Sdk\targets\Microsoft.NET.Sdk.targets(204,5): message :       BuildOnlySettings;
       C:\Program Files\dotnet\sdk\10.0.200-preview.0.26103.119\Sdks\Microsoft.NET.Sdk\targets\Microsoft.NET.Sdk.targets(204,5): message :       PrepareForBuild;
       C:\Program Files\dotnet\sdk\10.0.200-preview.0.26103.119\Sdks\Microsoft.NET.Sdk\targets\Microsoft.NET.Sdk.targets(204,5): message :       PreBuildEvent;
       C:\Program Files\dotnet\sdk\10.0.200-preview.0.26103.119\Sdks\Microsoft.NET.Sdk\targets\Microsoft.NET.Sdk.targets(204,5): message :       ResolveReferences;
       C:\Program Files\dotnet\sdk\10.0.200-preview.0.26103.119\Sdks\Microsoft.NET.Sdk\targets\Microsoft.NET.Sdk.targets(204,5): message :       PrepareResources;
       C:\Program Files\dotnet\sdk\10.0.200-preview.0.26103.119\Sdks\Microsoft.NET.Sdk\targets\Microsoft.NET.Sdk.targets(204,5): message :       ResolveKeySource;
       C:\Program Files\dotnet\sdk\10.0.200-preview.0.26103.119\Sdks\Microsoft.NET.Sdk\targets\Microsoft.NET.Sdk.targets(204,5): message :       Compile;
       C:\Program Files\dotnet\sdk\10.0.200-preview.0.26103.119\Sdks\Microsoft.NET.Sdk\targets\Microsoft.NET.Sdk.targets(204,5): message :       ExportWindowsMDFile;
       C:\Program Files\dotnet\sdk\10.0.200-preview.0.26103.119\Sdks\Microsoft.NET.Sdk\targets\Microsoft.NET.Sdk.targets(204,5): message :       UnmanagedUnregistration;
       C:\Program Files\dotnet\sdk\10.0.200-preview.0.26103.119\Sdks\Microsoft.NET.Sdk\targets\Microsoft.NET.Sdk.targets(204,5): message :       GenerateSerializationAssemblies;
       C:\Program Files\dotnet\sdk\10.0.200-preview.0.26103.119\Sdks\Microsoft.NET.Sdk\targets\Microsoft.NET.Sdk.targets(204,5): message :       CreateSatelliteAssemblies;
       C:\Program Files\dotnet\sdk\10.0.200-preview.0.26103.119\Sdks\Microsoft.NET.Sdk\targets\Microsoft.NET.Sdk.targets(204,5): message :       GenerateManifests;
       C:\Program Files\dotnet\sdk\10.0.200-preview.0.26103.119\Sdks\Microsoft.NET.Sdk\targets\Microsoft.NET.Sdk.targets(204,5): message :       GetTargetPath;
       C:\Program Files\dotnet\sdk\10.0.200-preview.0.26103.119\Sdks\Microsoft.NET.Sdk\targets\Microsoft.NET.Sdk.targets(204,5): message :       PrepareForRun;
       C:\Program Files\dotnet\sdk\10.0.200-preview.0.26103.119\Sdks\Microsoft.NET.Sdk\targets\Microsoft.NET.Sdk.targets(204,5): message :       UnmanagedRegistration;
       C:\Program Files\dotnet\sdk\10.0.200-preview.0.26103.119\Sdks\Microsoft.NET.Sdk\targets\Microsoft.NET.Sdk.targets(204,5): message :       IncrementalClean;
       C:\Program Files\dotnet\sdk\10.0.200-preview.0.26103.119\Sdks\Microsoft.NET.Sdk\targets\Microsoft.NET.Sdk.targets(204,5): message :       PostBuildEvent
       C:\Program Files\dotnet\sdk\10.0.200-preview.0.26103.119\Sdks\Microsoft.NET.Sdk\targets\Microsoft.NET.Sdk.targets(204,5): message :     ")
       C:\Program Files\dotnet\sdk\10.0.200-preview.0.26103.119\Sdks\Microsoft.NET.Sdk\targets\Microsoft.NET.Sdk.targets(213,5): message : 속성 재할당: $(CoreCleanDependsOn)=C:\Program Files\dotnet\sdk\10.0.200-preview.0.26103.119\Sdks\Microsoft.NET.Sdk\targets\Microsoft.NET.Sdk.targets (213,5)의 "
       C:\Program Files\dotnet\sdk\10.0.200-preview.0.26103.119\Sdks\Microsoft.NET.Sdk\targets\Microsoft.NET.Sdk.targets(213,5): message :       _SdkBeforeClean;
       C:\Program Files\dotnet\sdk\10.0.200-preview.0.26103.119\Sdks\Microsoft.NET.Sdk\targets\Microsoft.NET.Sdk.targets(213,5): message :       
       C:\Program Files\dotnet\sdk\10.0.200-preview.0.26103.119\Sdks\Microsoft.NET.Sdk\targets\Microsoft.NET.Sdk.targets(213,5): message :     "(이전 값: "")
       C:\Program Files\dotnet\sdk\10.0.200-preview.0.26103.119\Sdks\Microsoft.NET.Sdk\targets\Microsoft.NET.Sdk.targets(220,5): message : 속성 재할당: $(RebuildDependsOn)=C:\Program Files\dotnet\sdk\10.0.200-preview.0.26103.119\Sdks\Microsoft.NET.Sdk\targets\Microsoft.NET.Sdk.targets (220,5)의 "
       C:\Program Files\dotnet\sdk\10.0.200-preview.0.26103.119\Sdks\Microsoft.NET.Sdk\targets\Microsoft.NET.Sdk.targets(220,5): message :       _SdkBeforeRebuild;
       C:\Program Files\dotnet\sdk\10.0.200-preview.0.26103.119\Sdks\Microsoft.NET.Sdk\targets\Microsoft.NET.Sdk.targets(220,5): message :       
       C:\Program Files\dotnet\sdk\10.0.200-preview.0.26103.119\Sdks\Microsoft.NET.Sdk\targets\Microsoft.NET.Sdk.targets(220,5): message :       BeforeRebuild;
       C:\Program Files\dotnet\sdk\10.0.200-preview.0.26103.119\Sdks\Microsoft.NET.Sdk\targets\Microsoft.NET.Sdk.targets(220,5): message :       Clean;
       C:\Program Files\dotnet\sdk\10.0.200-preview.0.26103.119\Sdks\Microsoft.NET.Sdk\targets\Microsoft.NET.Sdk.targets(220,5): message :       Build;
       C:\Program Files\dotnet\sdk\10.0.200-preview.0.26103.119\Sdks\Microsoft.NET.Sdk\targets\Microsoft.NET.Sdk.targets(220,5): message :       AfterRebuild;
       C:\Program Files\dotnet\sdk\10.0.200-preview.0.26103.119\Sdks\Microsoft.NET.Sdk\targets\Microsoft.NET.Sdk.targets(220,5): message :     
       C:\Program Files\dotnet\sdk\10.0.200-preview.0.26103.119\Sdks\Microsoft.NET.Sdk\targets\Microsoft.NET.Sdk.targets(220,5): message :     "(이전 값: "
       C:\Program Files\dotnet\sdk\10.0.200-preview.0.26103.119\Sdks\Microsoft.NET.Sdk\targets\Microsoft.NET.Sdk.targets(220,5): message :       BeforeRebuild;
       C:\Program Files\dotnet\sdk\10.0.200-preview.0.26103.119\Sdks\Microsoft.NET.Sdk\targets\Microsoft.NET.Sdk.targets(220,5): message :       Clean;
       C:\Program Files\dotnet\sdk\10.0.200-preview.0.26103.119\Sdks\Microsoft.NET.Sdk\targets\Microsoft.NET.Sdk.targets(220,5): message :       Build;
       C:\Program Files\dotnet\sdk\10.0.200-preview.0.26103.119\Sdks\Microsoft.NET.Sdk\targets\Microsoft.NET.Sdk.targets(220,5): message :       AfterRebuild;
       C:\Program Files\dotnet\sdk\10.0.200-preview.0.26103.119\Sdks\Microsoft.NET.Sdk\targets\Microsoft.NET.Sdk.targets(220,5): message :     ")
       C:\Program Files\dotnet\sdk\10.0.200-preview.0.26103.119\Sdks\Microsoft.NET.Sdk\targets\Microsoft.NET.Sdk.targets(799,5): message : 속성 재할당: $(CompileDependsOn)=C:\Program Files\dotnet\sdk\10.0.200-preview.0.26103.119\Sdks\Microsoft.NET.Sdk\targets\Microsoft.NET.Sdk.targets (799,5)의 "
       C:\Program Files\dotnet\sdk\10.0.200-preview.0.26103.119\Sdks\Microsoft.NET.Sdk\targets\Microsoft.NET.Sdk.targets(799,5): message :       
       C:\Program Files\dotnet\sdk\10.0.200-preview.0.26103.119\Sdks\Microsoft.NET.Sdk\targets\Microsoft.NET.Sdk.targets(799,5): message :       ResolveReferences;
       C:\Program Files\dotnet\sdk\10.0.200-preview.0.26103.119\Sdks\Microsoft.NET.Sdk\targets\Microsoft.NET.Sdk.targets(799,5): message :       ResolveKeySource;
       C:\Program Files\dotnet\sdk\10.0.200-preview.0.26103.119\Sdks\Microsoft.NET.Sdk\targets\Microsoft.NET.Sdk.targets(799,5): message :       SetWin32ManifestProperties;
       C:\Program Files\dotnet\sdk\10.0.200-preview.0.26103.119\Sdks\Microsoft.NET.Sdk\targets\Microsoft.NET.Sdk.targets(799,5): message :       _SetPreferNativeArm64Win32ManifestProperties;
       C:\Program Files\dotnet\sdk\10.0.200-preview.0.26103.119\Sdks\Microsoft.NET.Sdk\targets\Microsoft.NET.Sdk.targets(799,5): message :       FindReferenceAssembliesForReferences;
       C:\Program Files\dotnet\sdk\10.0.200-preview.0.26103.119\Sdks\Microsoft.NET.Sdk\targets\Microsoft.NET.Sdk.targets(799,5): message :       _GenerateCompileInputs;
       C:\Program Files\dotnet\sdk\10.0.200-preview.0.26103.119\Sdks\Microsoft.NET.Sdk\targets\Microsoft.NET.Sdk.targets(799,5): message :       BeforeCompile;
       C:\Program Files\dotnet\sdk\10.0.200-preview.0.26103.119\Sdks\Microsoft.NET.Sdk\targets\Microsoft.NET.Sdk.targets(799,5): message :       _TimeStampBeforeCompile;
       C:\Program Files\dotnet\sdk\10.0.200-preview.0.26103.119\Sdks\Microsoft.NET.Sdk\targets\Microsoft.NET.Sdk.targets(799,5): message :       _GenerateCompileDependencyCache;
       C:\Program Files\dotnet\sdk\10.0.200-preview.0.26103.119\Sdks\Microsoft.NET.Sdk\targets\Microsoft.NET.Sdk.targets(799,5): message :       CoreCompile;
       C:\Program Files\dotnet\sdk\10.0.200-preview.0.26103.119\Sdks\Microsoft.NET.Sdk\targets\Microsoft.NET.Sdk.targets(799,5): message :       _TimeStampAfterCompile;
       C:\Program Files\dotnet\sdk\10.0.200-preview.0.26103.119\Sdks\Microsoft.NET.Sdk\targets\Microsoft.NET.Sdk.targets(799,5): message :       AfterCompile;
       C:\Program Files\dotnet\sdk\10.0.200-preview.0.26103.119\Sdks\Microsoft.NET.Sdk\targets\Microsoft.NET.Sdk.targets(799,5): message :     ;
       C:\Program Files\dotnet\sdk\10.0.200-preview.0.26103.119\Sdks\Microsoft.NET.Sdk\targets\Microsoft.NET.Sdk.targets(799,5): message :       _CreateAppHost;
       C:\Program Files\dotnet\sdk\10.0.200-preview.0.26103.119\Sdks\Microsoft.NET.Sdk\targets\Microsoft.NET.Sdk.targets(799,5): message :       _CreateComHost;
       C:\Program Files\dotnet\sdk\10.0.200-preview.0.26103.119\Sdks\Microsoft.NET.Sdk\targets\Microsoft.NET.Sdk.targets(799,5): message :       _GetIjwHostPaths;
       C:\Program Files\dotnet\sdk\10.0.200-preview.0.26103.119\Sdks\Microsoft.NET.Sdk\targets\Microsoft.NET.Sdk.targets(799,5): message :     "(이전 값: "
       C:\Program Files\dotnet\sdk\10.0.200-preview.0.26103.119\Sdks\Microsoft.NET.Sdk\targets\Microsoft.NET.Sdk.targets(799,5): message :       ResolveReferences;
       C:\Program Files\dotnet\sdk\10.0.200-preview.0.26103.119\Sdks\Microsoft.NET.Sdk\targets\Microsoft.NET.Sdk.targets(799,5): message :       ResolveKeySource;
       C:\Program Files\dotnet\sdk\10.0.200-preview.0.26103.119\Sdks\Microsoft.NET.Sdk\targets\Microsoft.NET.Sdk.targets(799,5): message :       SetWin32ManifestProperties;
       C:\Program Files\dotnet\sdk\10.0.200-preview.0.26103.119\Sdks\Microsoft.NET.Sdk\targets\Microsoft.NET.Sdk.targets(799,5): message :       _SetPreferNativeArm64Win32ManifestProperties;
       C:\Program Files\dotnet\sdk\10.0.200-preview.0.26103.119\Sdks\Microsoft.NET.Sdk\targets\Microsoft.NET.Sdk.targets(799,5): message :       FindReferenceAssembliesForReferences;
       C:\Program Files\dotnet\sdk\10.0.200-preview.0.26103.119\Sdks\Microsoft.NET.Sdk\targets\Microsoft.NET.Sdk.targets(799,5): message :       _GenerateCompileInputs;
       C:\Program Files\dotnet\sdk\10.0.200-preview.0.26103.119\Sdks\Microsoft.NET.Sdk\targets\Microsoft.NET.Sdk.targets(799,5): message :       BeforeCompile;
       C:\Program Files\dotnet\sdk\10.0.200-preview.0.26103.119\Sdks\Microsoft.NET.Sdk\targets\Microsoft.NET.Sdk.targets(799,5): message :       _TimeStampBeforeCompile;
       C:\Program Files\dotnet\sdk\10.0.200-preview.0.26103.119\Sdks\Microsoft.NET.Sdk\targets\Microsoft.NET.Sdk.targets(799,5): message :       _GenerateCompileDependencyCache;
       C:\Program Files\dotnet\sdk\10.0.200-preview.0.26103.119\Sdks\Microsoft.NET.Sdk\targets\Microsoft.NET.Sdk.targets(799,5): message :       CoreCompile;
       C:\Program Files\dotnet\sdk\10.0.200-preview.0.26103.119\Sdks\Microsoft.NET.Sdk\targets\Microsoft.NET.Sdk.targets(799,5): message :       _TimeStampAfterCompile;
       C:\Program Files\dotnet\sdk\10.0.200-preview.0.26103.119\Sdks\Microsoft.NET.Sdk\targets\Microsoft.NET.Sdk.targets(799,5): message :       AfterCompile;
       C:\Program Files\dotnet\sdk\10.0.200-preview.0.26103.119\Sdks\Microsoft.NET.Sdk\targets\Microsoft.NET.Sdk.targets(799,5): message :     ")
       C:\Program Files\dotnet\sdk\10.0.200-preview.0.26103.119\Sdks\Microsoft.NET.Sdk\targets\Microsoft.NET.Sdk.targets(1131,5): message : 속성 재할당: $(CreateSatelliteAssembliesDependsOn)=C:\Program Files\dotnet\sdk\10.0.200-preview.0.26103.119\Sdks\Microsoft.NET.Sdk\targets\Microsoft.NET.Sdk.targets (1131,5)의 "
       C:\Program Files\dotnet\sdk\10.0.200-preview.0.26103.119\Sdks\Microsoft.NET.Sdk\targets\Microsoft.NET.Sdk.targets(1131,5): message :       
       C:\Program Files\dotnet\sdk\10.0.200-preview.0.26103.119\Sdks\Microsoft.NET.Sdk\targets\Microsoft.NET.Sdk.targets(1131,5): message :       ;
       C:\Program Files\dotnet\sdk\10.0.200-preview.0.26103.119\Sdks\Microsoft.NET.Sdk\targets\Microsoft.NET.Sdk.targets(1131,5): message :       _GenerateSatelliteAssemblyInputs;
       C:\Program Files\dotnet\sdk\10.0.200-preview.0.26103.119\Sdks\Microsoft.NET.Sdk\targets\Microsoft.NET.Sdk.targets(1131,5): message :       ComputeIntermediateSatelliteAssemblies;
       C:\Program Files\dotnet\sdk\10.0.200-preview.0.26103.119\Sdks\Microsoft.NET.Sdk\targets\Microsoft.NET.Sdk.targets(1131,5): message :       GenerateSatelliteAssemblies
       C:\Program Files\dotnet\sdk\10.0.200-preview.0.26103.119\Sdks\Microsoft.NET.Sdk\targets\Microsoft.NET.Sdk.targets(1131,5): message :     ;
       C:\Program Files\dotnet\sdk\10.0.200-preview.0.26103.119\Sdks\Microsoft.NET.Sdk\targets\Microsoft.NET.Sdk.targets(1131,5): message :       CoreGenerateSatelliteAssemblies
       C:\Program Files\dotnet\sdk\10.0.200-preview.0.26103.119\Sdks\Microsoft.NET.Sdk\targets\Microsoft.NET.Sdk.targets(1131,5): message :     "(이전 값: "
       C:\Program Files\dotnet\sdk\10.0.200-preview.0.26103.119\Sdks\Microsoft.NET.Sdk\targets\Microsoft.NET.Sdk.targets(1131,5): message :       ;
       C:\Program Files\dotnet\sdk\10.0.200-preview.0.26103.119\Sdks\Microsoft.NET.Sdk\targets\Microsoft.NET.Sdk.targets(1131,5): message :       _GenerateSatelliteAssemblyInputs;
       C:\Program Files\dotnet\sdk\10.0.200-preview.0.26103.119\Sdks\Microsoft.NET.Sdk\targets\Microsoft.NET.Sdk.targets(1131,5): message :       ComputeIntermediateSatelliteAssemblies;
       C:\Program Files\dotnet\sdk\10.0.200-preview.0.26103.119\Sdks\Microsoft.NET.Sdk\targets\Microsoft.NET.Sdk.targets(1131,5): message :       GenerateSatelliteAssemblies
       C:\Program Files\dotnet\sdk\10.0.200-preview.0.26103.119\Sdks\Microsoft.NET.Sdk\targets\Microsoft.NET.Sdk.targets(1131,5): message :     ")
       C:\Program Files\dotnet\sdk\10.0.200-preview.0.26103.119\Sdks\Microsoft.SourceLink.GitLab\build\Microsoft.SourceLink.GitLab.targets(12,5): message : 속성 재할당: $(SourceLinkUrlInitializerTargets)=C:\Program Files\dotnet\sdk\10.0.200-preview.0.26103.119\Sdks\Microsoft.SourceLink.GitLab\build\Microsoft.SourceLink.GitLab.targets (12,5)의 ";_InitializeGitHubSourceLinkUrl;_InitializeGitLabSourceLinkUrl"(이전 값: ";_InitializeGitHubSourceLinkUrl")
       C:\Program Files\dotnet\sdk\10.0.200-preview.0.26103.119\Sdks\Microsoft.SourceLink.GitLab\build\Microsoft.SourceLink.GitLab.targets(13,5): message : 속성 재할당: $(SourceControlManagerUrlTranslationTargets)=C:\Program Files\dotnet\sdk\10.0.200-preview.0.26103.119\Sdks\Microsoft.SourceLink.GitLab\build\Microsoft.SourceLink.GitLab.targets (13,5)의 ";TranslateGitHubUrlsInSourceControlInformation;TranslateGitLabUrlsInSourceControlInformation"(이전 값: ";TranslateGitHubUrlsInSourceControlInformation")
       C:\Program Files\dotnet\sdk\10.0.200-preview.0.26103.119\Sdks\Microsoft.SourceLink.AzureRepos.Git\build\Microsoft.SourceLink.AzureRepos.Git.targets(12,5): message : 속성 재할당: $(SourceLinkUrlInitializerTargets)=C:\Program Files\dotnet\sdk\10.0.200-preview.0.26103.119\Sdks\Microsoft.SourceLink.AzureRepos.Git\build\Microsoft.SourceLink.AzureRepos.Git.targets (12,5)의 ";_InitializeGitHubSourceLinkUrl;_InitializeGitLabSourceLinkUrl;_InitializeAzureReposGitSourceLinkUrl"(이전 값: ";_InitializeGitHubSourceLinkUrl;_InitializeGitLabSourceLinkUrl")
       C:\Program Files\dotnet\sdk\10.0.200-preview.0.26103.119\Sdks\Microsoft.SourceLink.AzureRepos.Git\build\Microsoft.SourceLink.AzureRepos.Git.targets(13,5): message : 속성 재할당: $(SourceControlManagerUrlTranslationTargets)=C:\Program Files\dotnet\sdk\10.0.200-preview.0.26103.119\Sdks\Microsoft.SourceLink.AzureRepos.Git\build\Microsoft.SourceLink.AzureRepos.Git.targets (13,5)의 ";TranslateGitHubUrlsInSourceControlInformation;TranslateGitLabUrlsInSourceControlInformation;TranslateAzureReposGitUrlsInSourceControlInformation"(이전 값: ";TranslateGitHubUrlsInSourceControlInformation;TranslateGitLabUrlsInSourceControlInformation")
       C:\Program Files\dotnet\sdk\10.0.200-preview.0.26103.119\Sdks\Microsoft.SourceLink.Bitbucket.Git\build\Microsoft.SourceLink.Bitbucket.Git.targets(12,5): message : 속성 재할당: $(SourceLinkUrlInitializerTargets)=C:\Program Files\dotnet\sdk\10.0.200-preview.0.26103.119\Sdks\Microsoft.SourceLink.Bitbucket.Git\build\Microsoft.SourceLink.Bitbucket.Git.targets (12,5)의 ";_InitializeGitHubSourceLinkUrl;_InitializeGitLabSourceLinkUrl;_InitializeAzureReposGitSourceLinkUrl;_InitializeBitbucketGitSourceLinkUrl"(이전 값: ";_InitializeGitHubSourceLinkUrl;_InitializeGitLabSourceLinkUrl;_InitializeAzureReposGitSourceLinkUrl")
       C:\Program Files\dotnet\sdk\10.0.200-preview.0.26103.119\Sdks\Microsoft.SourceLink.Bitbucket.Git\build\Microsoft.SourceLink.Bitbucket.Git.targets(13,5): message : 속성 재할당: $(SourceControlManagerUrlTranslationTargets)=C:\Program Files\dotnet\sdk\10.0.200-preview.0.26103.119\Sdks\Microsoft.SourceLink.Bitbucket.Git\build\Microsoft.SourceLink.Bitbucket.Git.targets (13,5)의 ";TranslateGitHubUrlsInSourceControlInformation;TranslateGitLabUrlsInSourceControlInformation;TranslateAzureReposGitUrlsInSourceControlInformation;TranslateBitbucketGitUrlsInSourceControlInformation"(이전 값: ";TranslateGitHubUrlsInSourceControlInformation;TranslateGitLabUrlsInSourceControlInformation;TranslateAzureReposGitUrlsInSourceControlInformation")
       C:\Program Files\dotnet\sdk\10.0.200-preview.0.26103.119\Sdks\Microsoft.NET.Sdk\targets\Microsoft.NET.DesignerSupport.targets(21,5): message : 속성 재할당: $(DesignerRuntimeImplementationProjectOutputGroupDependsOn)=C:\Program Files\dotnet\sdk\10.0.200-preview.0.26103.119\Sdks\Microsoft.NET.Sdk\targets\Microsoft.NET.DesignerSupport.targets (21,5)의 "
       C:\Program Files\dotnet\sdk\10.0.200-preview.0.26103.119\Sdks\Microsoft.NET.Sdk\targets\Microsoft.NET.DesignerSupport.targets(21,5): message :       
       C:\Program Files\dotnet\sdk\10.0.200-preview.0.26103.119\Sdks\Microsoft.NET.Sdk\targets\Microsoft.NET.DesignerSupport.targets(21,5): message :       ;
       C:\Program Files\dotnet\sdk\10.0.200-preview.0.26103.119\Sdks\Microsoft.NET.Sdk\targets\Microsoft.NET.DesignerSupport.targets(21,5): message :       
       C:\Program Files\dotnet\sdk\10.0.200-preview.0.26103.119\Sdks\Microsoft.NET.Sdk\targets\Microsoft.NET.DesignerSupport.targets(21,5): message :       ;
       C:\Program Files\dotnet\sdk\10.0.200-preview.0.26103.119\Sdks\Microsoft.NET.Sdk\targets\Microsoft.NET.DesignerSupport.targets(21,5): message :       BuildOnlySettings;
       C:\Program Files\dotnet\sdk\10.0.200-preview.0.26103.119\Sdks\Microsoft.NET.Sdk\targets\Microsoft.NET.DesignerSupport.targets(21,5): message :       PrepareForBuild;
       C:\Program Files\dotnet\sdk\10.0.200-preview.0.26103.119\Sdks\Microsoft.NET.Sdk\targets\Microsoft.NET.DesignerSupport.targets(21,5): message :       AssignTargetPaths;
       C:\Program Files\dotnet\sdk\10.0.200-preview.0.26103.119\Sdks\Microsoft.NET.Sdk\targets\Microsoft.NET.DesignerSupport.targets(21,5): message :       ResolveReferences
       C:\Program Files\dotnet\sdk\10.0.200-preview.0.26103.119\Sdks\Microsoft.NET.Sdk\targets\Microsoft.NET.DesignerSupport.targets(21,5): message :     
       C:\Program Files\dotnet\sdk\10.0.200-preview.0.26103.119\Sdks\Microsoft.NET.Sdk\targets\Microsoft.NET.DesignerSupport.targets(21,5): message :     ;
       C:\Program Files\dotnet\sdk\10.0.200-preview.0.26103.119\Sdks\Microsoft.NET.Sdk\targets\Microsoft.NET.DesignerSupport.targets(21,5): message :       _GenerateDesignerDepsFile;
       C:\Program Files\dotnet\sdk\10.0.200-preview.0.26103.119\Sdks\Microsoft.NET.Sdk\targets\Microsoft.NET.DesignerSupport.targets(21,5): message :       _GenerateDesignerRuntimeConfigFile;
       C:\Program Files\dotnet\sdk\10.0.200-preview.0.26103.119\Sdks\Microsoft.NET.Sdk\targets\Microsoft.NET.DesignerSupport.targets(21,5): message :       GetCopyToOutputDirectoryItems;
       C:\Program Files\dotnet\sdk\10.0.200-preview.0.26103.119\Sdks\Microsoft.NET.Sdk\targets\Microsoft.NET.DesignerSupport.targets(21,5): message :       _GatherDesignerShadowCopyFiles;
       C:\Program Files\dotnet\sdk\10.0.200-preview.0.26103.119\Sdks\Microsoft.NET.Sdk\targets\Microsoft.NET.DesignerSupport.targets(21,5): message :     "(이전 값: "
       C:\Program Files\dotnet\sdk\10.0.200-preview.0.26103.119\Sdks\Microsoft.NET.Sdk\targets\Microsoft.NET.DesignerSupport.targets(21,5): message :       ;
       C:\Program Files\dotnet\sdk\10.0.200-preview.0.26103.119\Sdks\Microsoft.NET.Sdk\targets\Microsoft.NET.DesignerSupport.targets(21,5): message :       
       C:\Program Files\dotnet\sdk\10.0.200-preview.0.26103.119\Sdks\Microsoft.NET.Sdk\targets\Microsoft.NET.DesignerSupport.targets(21,5): message :       ;
       C:\Program Files\dotnet\sdk\10.0.200-preview.0.26103.119\Sdks\Microsoft.NET.Sdk\targets\Microsoft.NET.DesignerSupport.targets(21,5): message :       BuildOnlySettings;
       C:\Program Files\dotnet\sdk\10.0.200-preview.0.26103.119\Sdks\Microsoft.NET.Sdk\targets\Microsoft.NET.DesignerSupport.targets(21,5): message :       PrepareForBuild;
       C:\Program Files\dotnet\sdk\10.0.200-preview.0.26103.119\Sdks\Microsoft.NET.Sdk\targets\Microsoft.NET.DesignerSupport.targets(21,5): message :       AssignTargetPaths;
       C:\Program Files\dotnet\sdk\10.0.200-preview.0.26103.119\Sdks\Microsoft.NET.Sdk\targets\Microsoft.NET.DesignerSupport.targets(21,5): message :       ResolveReferences
       C:\Program Files\dotnet\sdk\10.0.200-preview.0.26103.119\Sdks\Microsoft.NET.Sdk\targets\Microsoft.NET.DesignerSupport.targets(21,5): message :     
       C:\Program Files\dotnet\sdk\10.0.200-preview.0.26103.119\Sdks\Microsoft.NET.Sdk\targets\Microsoft.NET.DesignerSupport.targets(21,5): message :     ")
       C:\Program Files\dotnet\sdk\10.0.200-preview.0.26103.119\Sdks\Microsoft.NET.Sdk\targets\Microsoft.NET.Windows.targets(44,5): message : 속성 재할당: $(EffectiveTargetPlatformVersion)=C:\Program Files\dotnet\sdk\10.0.200-preview.0.26103.119\Sdks\Microsoft.NET.Sdk\targets\Microsoft.NET.Windows.targets (44,5)의 "7.0"(이전 값: "")
       C:\Program Files\dotnet\sdk\10.0.200-preview.0.26103.119\Sdks\Microsoft.NET.Sdk\targets\Microsoft.NET.Windows.targets(60,5): message : 속성 재할당: $(SupportedOSPlatformVersion)=C:\Program Files\dotnet\sdk\10.0.200-preview.0.26103.119\Sdks\Microsoft.NET.Sdk\targets\Microsoft.NET.Windows.targets (60,5)의 "7.0"(이전 값: "")
       C:\Program Files\dotnet\sdk\10.0.200-preview.0.26103.119\Sdks\Microsoft.NET.Sdk\targets\Microsoft.NET.Windows.targets(61,5): message : 속성 재할당: $(TargetPlatformMinVersion)=C:\Program Files\dotnet\sdk\10.0.200-preview.0.26103.119\Sdks\Microsoft.NET.Sdk\targets\Microsoft.NET.Windows.targets (61,5)의 "7.0"(이전 값: "")
       C:\Program Files\dotnet\sdk\10.0.200-preview.0.26103.119\Sdks\Microsoft.NET.Sdk\targets\Microsoft.NET.Windows.targets(239,5): message : 속성 재할당: $(_RunCsWinRTGeneratorPropertyInputsCachePath)=C:\Program Files\dotnet\sdk\10.0.200-preview.0.26103.119\Sdks\Microsoft.NET.Sdk\targets\Microsoft.NET.Windows.targets (239,5)의 "e:\2026\infra\Shared\obj\Debug\net481\Shared.cswinrtgen.cache"(이전 값: "obj\Debug\net481\Shared.cswinrtgen.cache")
       C:\Program Files\dotnet\sdk\10.0.200-preview.0.26103.119\NuGet.Build.Tasks.Pack.targets(34,5): message : 속성 재할당: $(PackageDescription)=C:\Program Files\dotnet\sdk\10.0.200-preview.0.26103.119\NuGet.Build.Tasks.Pack.targets (34,5)의 "Package Description"(이전 값: "")
       C:\Program Files\dotnet\sdk\10.0.200-preview.0.26103.119\NuGet.Build.Tasks.Pack.targets(59,5): message : 속성 재할당: $(GenerateNuspecDependsOn)=C:\Program Files\dotnet\sdk\10.0.200-preview.0.26103.119\NuGet.Build.Tasks.Pack.targets (59,5)의 "Build;_LoadPackInputItems; _GetTargetFrameworksOutput; _WalkEachTargetPerFramework; _GetPackageFiles; "(이전 값: "_LoadPackInputItems; _GetTargetFrameworksOutput; _WalkEachTargetPerFramework; _GetPackageFiles; ")
       C:\Program Files\dotnet\sdk\10.0.200-preview.0.26103.119\Sdks\Microsoft.NET.Sdk\Sdk\Sdk.targets(59,5): message : 속성 재할당: $(_IsNotSetContainersTargetsDir)=C:\Program Files\dotnet\sdk\10.0.200-preview.0.26103.119\Sdks\Microsoft.NET.Sdk\Sdk\Sdk.targets (59,5)의 "true"(이전 값: "false")
       C:\Program Files\dotnet\sdk\10.0.200-preview.0.26103.119\Containers\build\Microsoft.NET.Build.Containers.targets(5,5): message : 속성 재할당: $(_IsSDKContainerAllowedVersion)=C:\Program Files\dotnet\sdk\10.0.200-preview.0.26103.119\Containers\build\Microsoft.NET.Build.Containers.targets (5,5)의 "true"(이전 값: "false")
       "C:\Program Files\dotnet\sdk\10.0.200-preview.0.26103.119\Microsoft.Common.CurrentVersion.targets" 프로젝트의 "GetFrameworkPaths" 대상을 "C:\Program Files\dotnet\sdk\10.0.200-preview.0.26103.119\Microsoft.NETFramework.CurrentVersion.targets" 프로젝트의 "GetFrameworkPaths" 대상으로 재정의하고 있습니다.
       "C:\Program Files\dotnet\sdk\10.0.200-preview.0.26103.119\Microsoft.Common.CurrentVersion.targets" 프로젝트의 "ResolveFrameworkReferences" 대상을 "C:\Program Files\dotnet\sdk\10.0.200-preview.0.26103.119\Sdks\Microsoft.NET.Sdk\targets\Microsoft.NET.Sdk.FrameworkReferenceResolution.targets" 프로젝트의 "ResolveFrameworkReferences" 대상으로 재정의하고 있습니다.
       "C:\Program Files\dotnet\sdk\10.0.200-preview.0.26103.119\Microsoft.Common.CurrentVersion.targets" 프로젝트의 "GenerateSupportedTargetFrameworkAlias" 대상을 "C:\Program Files\dotnet\sdk\10.0.200-preview.0.26103.119\Sdks\Microsoft.NET.Sdk\targets\Microsoft.NET.Sdk.targets" 프로젝트의 "GenerateSupportedTargetFrameworkAlias" 대상으로 재정의하고 있습니다.
       "C:\Program Files\dotnet\sdk\10.0.200-preview.0.26103.119\Microsoft.Common.CurrentVersion.targets" 프로젝트의 "DesignerRuntimeImplementationProjectOutputGroup" 대상을 "C:\Program Files\dotnet\sdk\10.0.200-preview.0.26103.119\Sdks\Microsoft.NET.Sdk\targets\Microsoft.NET.DesignerSupport.targets" 프로젝트의 "DesignerRuntimeImplementationProjectOutputGroup" 대상으로 재정의하고 있습니다.
       "C:\Program Files\dotnet\sdk\10.0.200-preview.0.26103.119\Microsoft.Common.CurrentVersion.targets" 프로젝트의 "Publish" 대상을 "C:\Program Files\dotnet\sdk\10.0.200-preview.0.26103.119\Sdks\Microsoft.NET.Sdk\targets\Microsoft.NET.Publish.targets" 프로젝트의 "Publish" 대상으로 재정의하고 있습니다.
       "C:\Program Files\dotnet\sdk\10.0.200-preview.0.26103.119\Sdks\Microsoft.NET.Sdk\targets\Microsoft.NET.CrossGen.targets" 프로젝트의 "ResolveReadyToRunCompilers" 대상을 "C:\Program Files\dotnet\sdk\10.0.200-preview.0.26103.119\Sdks\Microsoft.NET.Sdk\targets\Microsoft.NET.Publish.targets" 프로젝트의 "ResolveReadyToRunCompilers" 대상으로 재정의하고 있습니다.
       "C:\Program Files\dotnet\sdk\10.0.200-preview.0.26103.119\Microsoft.Common.CurrentVersion.targets" 프로젝트의 "GetCopyToPublishDirectoryItems" 대상을 "C:\Program Files\dotnet\sdk\10.0.200-preview.0.26103.119\Sdks\Microsoft.NET.Sdk\targets\Microsoft.NET.Publish.targets" 프로젝트의 "GetCopyToPublishDirectoryItems" 대상으로 재정의하고 있습니다.
       "C:\Program Files\dotnet\sdk\10.0.200-preview.0.26103.119\Microsoft.Common.CurrentVersion.targets" 프로젝트의 "Run" 대상을 "C:\Program Files\dotnet\sdk\10.0.200-preview.0.26103.119\Sdks\Microsoft.NET.Sdk\targets\Microsoft.NET.Sdk.targets" 프로젝트의 "Run" 대상으로 재정의하고 있습니다.
   1:7>1 노드의 "e:\2026\infra\Shared\Shared.vbproj" 프로젝트(기본 대상)입니다.
   1:7>"e:\2026\infra\Shared\Shared.vbproj" 프로젝트의 "C:\Program Files\dotnet\sdk\10.0.200-preview.0.26103.119\Sdks\Microsoft.NET.Sdk\targets\Microsoft.NET.TargetFrameworkInference.targets" 파일에 있는 "_CollectTargetFrameworkForTelemetry" 대상("_CheckForInvalidConfigurationAndPlatform" 대상이 종속됨):
   1:7>"C:\Program Files\dotnet\sdk\10.0.200-preview.0.26103.119\Sdks\Microsoft.NET.Sdk\targets\..\tools\net10.0\Microsoft.NET.Build.Tasks.dll" 어셈블리에서 "AllowEmptyTelemetry" 작업을 사용합니다.
       "AllowEmptyTelemetry" 작업
       "AllowEmptyTelemetry" 작업을 실행했습니다.
   1:7>"Shared.vbproj" 프로젝트에 "_CollectTargetFrameworkForTelemetry" 대상을 빌드했습니다.
   1:7>"e:\2026\infra\Shared\Shared.vbproj" 프로젝트의 "C:\Program Files\dotnet\sdk\10.0.200-preview.0.26103.119\Sdks\Microsoft.NET.Sdk\targets\Microsoft.NET.TargetFrameworkInference.targets" 파일에 있는 "_CheckForUnsupportedCppNETCoreVersion" 대상("_CheckForInvalidConfigurationAndPlatform" 대상이 종속됨):
   1:7>"Shared.vbproj" 프로젝트에 "_CheckForUnsupportedCppNETCoreVersion" 대상을 빌드했습니다.
   1:7>"e:\2026\infra\Shared\Shared.vbproj" 프로젝트의 "C:\Program Files\dotnet\sdk\10.0.200-preview.0.26103.119\Sdks\Microsoft.NET.Sdk\targets\Microsoft.NET.TargetFrameworkInference.targets" 파일에 있는 "_CheckForUnsupportedTargetFrameworkAndFeatureCombination" 대상("_CheckForInvalidConfigurationAndPlatform" 대상이 종속됨):
   1:7>"Shared.vbproj" 프로젝트에 "_CheckForUnsupportedTargetFrameworkAndFeatureCombination" 대상을 빌드했습니다.
   1:7>"e:\2026\infra\Shared\Shared.vbproj" 프로젝트의 "C:\Program Files\dotnet\sdk\10.0.200-preview.0.26103.119\Sdks\Microsoft.NET.Sdk\targets\Microsoft.NET.DefaultOutputPaths.targets" 파일에 있는 "_CheckForUnsupportedArtifactsPath" 대상("_CheckForInvalidConfigurationAndPlatform" 대상이 종속됨):
   1:7>"Shared.vbproj" 프로젝트에 "_CheckForUnsupportedArtifactsPath" 대상을 빌드했습니다.
   1:7>"e:\2026\infra\Shared\Shared.vbproj" 프로젝트의 "C:\Program Files\dotnet\sdk\10.0.200-preview.0.26103.119\Sdks\Microsoft.NET.Sdk\targets\Microsoft.NET.RuntimeIdentifierInference.targets" 파일에 있는 "_CheckForLanguageAndFeatureCombinationSupport" 대상("_CheckForInvalidConfigurationAndPlatform" 대상이 종속됨):
   1:7>"Shared.vbproj" 프로젝트에 "_CheckForLanguageAndFeatureCombinationSupport" 대상을 빌드했습니다.
   1:7>"e:\2026\infra\Shared\Shared.vbproj" 프로젝트의 "C:\Program Files\dotnet\sdk\10.0.200-preview.0.26103.119\Sdks\Microsoft.NET.Sdk\targets\Microsoft.NET.RuntimeIdentifierInference.targets" 파일에 있는 "_CheckForNETCoreSdkIsPreview" 대상("_CheckForInvalidConfigurationAndPlatform" 대상이 종속됨):
       "C:\Program Files\dotnet\sdk\10.0.200-preview.0.26103.119\Sdks\Microsoft.NET.Sdk\targets\..\tools\net10.0\Microsoft.NET.Build.Tasks.dll" 어셈블리에서 "ShowPreviewMessage" 작업을 사용합니다.
       "ShowPreviewMessage" 작업
       C:\Program Files\dotnet\sdk\10.0.200-preview.0.26103.119\Sdks\Microsoft.NET.Sdk\targets\Microsoft.NET.RuntimeIdentifierInference.targets(383,5): message NETSDK1057: .NET의 미리 보기 버전을 사용하고 있습니다. 참조: https://aka.ms/dotnet-support-policy [e:\2026\infra\Shared\Shared.vbproj]
       "ShowPreviewMessage" 작업을 실행했습니다.
   1:7>"Shared.vbproj" 프로젝트에 "_CheckForNETCoreSdkIsPreview" 대상을 빌드했습니다.
   1:7>"e:\2026\infra\Shared\Shared.vbproj" 프로젝트의 "C:\Program Files\dotnet\sdk\10.0.200-preview.0.26103.119\Sdks\Microsoft.NET.Sdk\targets\Microsoft.NET.Sdk.FrameworkReferenceResolution.targets" 파일에 있는 "IncludeTargetingPackReference" 대상("CheckForImplicitPackageReferenceOverrides" 대상이 종속됨):
       "GetReferenceAssemblyPaths" 작업
       "GetReferenceAssemblyPaths" 작업을 실행했습니다.
   1:7>"Shared.vbproj" 프로젝트에 "IncludeTargetingPackReference" 대상을 빌드했습니다.
   1:7>"e:\2026\infra\Shared\Shared.vbproj" 프로젝트의 "C:\Program Files\dotnet\sdk\10.0.200-preview.0.26103.119\Sdks\Microsoft.NET.Sdk\targets\Microsoft.NET.Sdk.DefaultItems.Shared.targets" 파일에 있는 "CheckForImplicitPackageReferenceOverrides" 대상("CollectPackageReferences" 대상이 종속됨):
       "C:\Program Files\dotnet\sdk\10.0.200-preview.0.26103.119\Sdks\Microsoft.NET.Sdk\targets\..\tools\net10.0\Microsoft.NET.Build.Tasks.dll" 어셈블리에서 "CheckForImplicitPackageReferenceOverrides" 작업을 사용합니다.
       "CheckForImplicitPackageReferenceOverrides" 작업
       "CheckForImplicitPackageReferenceOverrides" 작업을 실행했습니다.
   1:7>"Shared.vbproj" 프로젝트에 "CheckForImplicitPackageReferenceOverrides" 대상을 빌드했습니다.
   1:7>"e:\2026\infra\Shared\Shared.vbproj" 프로젝트의 "C:\Program Files\dotnet\sdk\10.0.200-preview.0.26103.119\Sdks\Microsoft.NET.Sdk\targets\Microsoft.NET.Publish.targets" 파일에 있는 "_ComputeToolPackInputsToProcessFrameworkReferences" 대상("ProcessFrameworkReferences" 대상이 종속됨):
   1:7>"Shared.vbproj" 프로젝트에 "_ComputeToolPackInputsToProcessFrameworkReferences" 대상을 빌드했습니다.
       "IncludeTargetingPackReference" 대상을 건너뜁니다. 이전에 빌드되었습니다.
   1:7>"e:\2026\infra\Shared\Shared.vbproj" 프로젝트의 "C:\Program Files\dotnet\sdk\10.0.200-preview.0.26103.119\Sdks\Microsoft.NET.Sdk\targets\Microsoft.NET.ObsoleteReferences.targets" 파일에 있는 "_CheckForObsoleteDotNetCliToolReferences" 대상("CollectPackageReferences" 대상이 종속됨):
   1:7>"Shared.vbproj" 프로젝트에 "_CheckForObsoleteDotNetCliToolReferences" 대상을 빌드했습니다.
   1:7>"e:\2026\infra\Shared\Shared.vbproj" 프로젝트의 "C:\Program Files\dotnet\sdk\10.0.200-preview.0.26103.119\NuGet.targets" 파일에 있는 "CollectPackageReferences" 대상("_GetRestoreProjectStyle" 대상이 종속됨):
       "C:\Program Files\dotnet\sdk\10.0.200-preview.0.26103.119\NuGet.Build.Tasks.dll" 어셈블리에서 "CheckForDuplicateNuGetItemsTask" 작업을 사용합니다.
       "CheckForDuplicateNuGetItemsTask" 작업
       "CheckForDuplicateNuGetItemsTask" 작업을 실행했습니다.
   1:7>"Shared.vbproj" 프로젝트에 "CollectPackageReferences" 대상을 빌드했습니다.
   1:7>"e:\2026\infra\Shared\Shared.vbproj" 프로젝트의 "C:\Program Files\dotnet\sdk\10.0.200-preview.0.26103.119\NuGet.targets" 파일에 있는 "_GetRestoreProjectStyle" 대상("EnableIntermediateOutputPathMismatchWarning" 대상이 종속됨):
       "C:\Program Files\dotnet\sdk\10.0.200-preview.0.26103.119\NuGet.Build.Tasks.dll" 어셈블리에서 "GetRestoreProjectStyleTask" 작업을 사용합니다.
       "GetRestoreProjectStyleTask" 작업
       "GetRestoreProjectStyleTask" 작업을 실행했습니다.
   1:7>"Shared.vbproj" 프로젝트에 "_GetRestoreProjectStyle" 대상을 빌드했습니다.
   1:7>"e:\2026\infra\Shared\Shared.vbproj" 프로젝트의 "C:\Program Files\dotnet\sdk\10.0.200-preview.0.26103.119\NuGet.targets" 파일에 있는 "EnableIntermediateOutputPathMismatchWarning" 대상("_CheckForInvalidConfigurationAndPlatform" 대상이 종속됨):
   1:7>"Shared.vbproj" 프로젝트에 "EnableIntermediateOutputPathMismatchWarning" 대상을 빌드했습니다.
       "CheckForImplicitPackageReferenceOverrides" 대상을 건너뜁니다. 이전에 빌드되었습니다.
   1:7>"e:\2026\infra\Shared\Shared.vbproj" 프로젝트의 "C:\Program Files\dotnet\sdk\10.0.200-preview.0.26103.119\Sdks\Microsoft.NET.Sdk\targets\Microsoft.NET.Sdk.DefaultItems.Shared.targets" 파일에 있는 "CheckForDuplicateItems" 대상("_CheckForInvalidConfigurationAndPlatform" 대상이 종속됨):
       "C:\Program Files\dotnet\sdk\10.0.200-preview.0.26103.119\Sdks\Microsoft.NET.Sdk\targets\..\tools\net10.0\Microsoft.NET.Build.Tasks.dll" 어셈블리에서 "CheckForDuplicateItems" 작업을 사용합니다.
       "CheckForDuplicateItems" 작업
       "CheckForDuplicateItems" 작업을 실행했습니다.
       "CheckForDuplicateItems" 작업
       "CheckForDuplicateItems" 작업을 실행했습니다.
       "CheckForDuplicateItems" 작업
       "CheckForDuplicateItems" 작업을 실행했습니다.
   1:7>"Shared.vbproj" 프로젝트에 "CheckForDuplicateItems" 대상을 빌드했습니다.
       "IncludeTargetingPackReference" 대상을 건너뜁니다. 이전에 빌드되었습니다.
   1:7>"e:\2026\infra\Shared\Shared.vbproj" 프로젝트의 "C:\Program Files\dotnet\sdk\10.0.200-preview.0.26103.119\Microsoft.Common.CurrentVersion.targets" 파일에 있는 "_CheckForInvalidConfigurationAndPlatform" 대상("BeforeBuild" 대상이 종속됨):
       "Message" 작업
         Configuration=Debug
       "Message" 작업을 실행했습니다.
       "Message" 작업
         Platform=AnyCPU
       "Message" 작업을 실행했습니다.
   1:7>"Shared.vbproj" 프로젝트에 "_CheckForInvalidConfigurationAndPlatform" 대상을 빌드했습니다.
   1:7>"e:\2026\infra\Shared\Shared.vbproj" 프로젝트의 "C:\Program Files\dotnet\sdk\10.0.200-preview.0.26103.119\Sdks\Microsoft.NET.Sdk\targets\Microsoft.NET.Sdk.targets" 파일에 있는 "ValidateCommandLineProperties" 대상("BeforeBuild" 대상이 종속됨):
   1:7>"Shared.vbproj" 프로젝트에 "ValidateCommandLineProperties" 대상을 빌드했습니다.
   1:7>"e:\2026\infra\Shared\Shared.vbproj" 프로젝트의 "C:\Program Files\dotnet\sdk\10.0.200-preview.0.26103.119\Microsoft.Common.CurrentVersion.targets" 파일에 있는 "BeforeBuild" 대상("Build" 대상이 종속됨):
   1:7>"Shared.vbproj" 프로젝트에 "BeforeBuild" 대상을 빌드했습니다.
   1:7>"e:\2026\infra\Shared\Shared.vbproj" 프로젝트의 "C:\Program Files\dotnet\sdk\10.0.200-preview.0.26103.119\Microsoft.Common.CurrentVersion.targets" 파일에 있는 "BuildOnlySettings" 대상("CoreBuild" 대상이 종속됨):
       C:\Program Files\dotnet\sdk\10.0.200-preview.0.26103.119\Microsoft.Common.CurrentVersion.targets(1168,7): message : 속성 재할당: $(BuildingProject)=C:\Program Files\dotnet\sdk\10.0.200-preview.0.26103.119\Microsoft.Common.CurrentVersion.targets (1168,7)의 "true"(이전 값: "false") [e:\2026\infra\Shared\Shared.vbproj]
   1:7>"Shared.vbproj" 프로젝트에 "BuildOnlySettings" 대상을 빌드했습니다.
   1:7>"e:\2026\infra\Shared\Shared.vbproj" 프로젝트의 "C:\Program Files\dotnet\sdk\10.0.200-preview.0.26103.119\Microsoft.NETFramework.CurrentVersion.targets" 파일에 있는 "GetFrameworkPaths" 대상("PrepareForBuild" 대상이 종속됨):
   1:7>"Shared.vbproj" 프로젝트에 "GetFrameworkPaths" 대상을 빌드했습니다.
       "GetFrameworkPaths" 대상을 건너뜁니다. 이전에 빌드되었습니다.
   1:7>"e:\2026\infra\Shared\Shared.vbproj" 프로젝트의 "C:\Program Files\dotnet\sdk\10.0.200-preview.0.26103.119\Microsoft.Common.CurrentVersion.targets" 파일에 있는 "GetReferenceAssemblyPaths" 대상("PrepareForBuild" 대상이 종속됨):
       C:\Program Files\dotnet\sdk\10.0.200-preview.0.26103.119\Microsoft.Common.CurrentVersion.targets(1255,7): message : 속성 재할당: $(TargetFrameworkDirectory)=C:\Program Files\dotnet\sdk\10.0.200-preview.0.26103.119\Microsoft.Common.CurrentVersion.targets (1255,7)의 ""(이전 값: "v4.0.30319") [e:\2026\infra\Shared\Shared.vbproj]
       "GetReferenceAssemblyPaths" 작업
       C:\Program Files\dotnet\sdk\10.0.200-preview.0.26103.119\Microsoft.Common.CurrentVersion.targets(1267,7): message : 속성 재할당: $(_FullFrameworkReferenceAssemblyPaths)=C:\Program Files\dotnet\sdk\10.0.200-preview.0.26103.119\Microsoft.Common.CurrentVersion.targets (1267,7)의 "C:\Program Files %28x86%29\Reference Assemblies\Microsoft\Framework\.NETFramework\v4.8.1\"(이전 값: "C:\Program Files (x86)\Reference Assemblies\Microsoft\Framework\.NETFramework\v4.8.1\") [e:\2026\infra\Shared\Shared.vbproj]
       "GetReferenceAssemblyPaths" 작업을 실행했습니다.
       C:\Program Files\dotnet\sdk\10.0.200-preview.0.26103.119\Microsoft.Common.CurrentVersion.targets(1272,7): message : 속성 재할당: $(TargetFrameworkDirectory)=C:\Program Files\dotnet\sdk\10.0.200-preview.0.26103.119\Microsoft.Common.CurrentVersion.targets (1272,7)의 "C:\Program Files %28x86%29\Reference Assemblies\Microsoft\Framework\.NETFramework\v4.8.1\;;"(이전 값: "v4.0.30319") [e:\2026\infra\Shared\Shared.vbproj]
       C:\Program Files\dotnet\sdk\10.0.200-preview.0.26103.119\Microsoft.Common.CurrentVersion.targets(1293,7): message : 속성 재할당: $(TargetFrameworkDirectory)=C:\Program Files\dotnet\sdk\10.0.200-preview.0.26103.119\Microsoft.Common.CurrentVersion.targets (1293,7)의 "C:\Program Files %28x86%29\Reference Assemblies\Microsoft\Framework\.NETFramework\v4.8.1\;;;C:\Program Files %28x86%29\Reference Assemblies\Microsoft\Framework\.NETFramework\v4.8.1\Facades\"(이전 값: "v4.0.30319") [e:\2026\infra\Shared\Shared.vbproj]
   1:7>"Shared.vbproj" 프로젝트에 "GetReferenceAssemblyPaths" 대상을 빌드했습니다.
   1:7>"e:\2026\infra\Shared\Shared.vbproj" 프로젝트의 "C:\Program Files\dotnet\sdk\10.0.200-preview.0.26103.119\Microsoft.Common.CurrentVersion.targets" 파일에 있는 "PrepareForBuild" 대상("CoreBuild" 대상이 종속됨):
       "Microsoft.Build.Tasks.Core, Version=15.1.0.0, Culture=neutral, PublicKeyToken=b03f5f7f11d50a3a" 어셈블리에서 "FindAppConfigFile" 작업을 사용합니다.
       "FindAppConfigFile" 작업
       "FindAppConfigFile" 작업을 실행했습니다.
       "Microsoft.Build.Tasks.Core, Version=15.1.0.0, Culture=neutral, PublicKeyToken=b03f5f7f11d50a3a" 어셈블리에서 "MakeDir" 작업을 사용합니다.
       "MakeDir" 작업
       "MakeDir" 작업을 실행했습니다.
   1:7>"Shared.vbproj" 프로젝트에 "PrepareForBuild" 대상을 빌드했습니다.
   1:7>"e:\2026\infra\Shared\Shared.vbproj" 프로젝트의 "C:\Program Files\dotnet\sdk\10.0.200-preview.0.26103.119\Sdks\Microsoft.NET.Sdk\targets\Microsoft.NET.Sdk.BeforeCommon.targets" 파일에 있는 "GenerateTargetFrameworkDefineConstants" 대상("AddImplicitDefineConstants" 대상이 종속됨):
   1:7>"Shared.vbproj" 프로젝트에 "GenerateTargetFrameworkDefineConstants" 대상을 빌드했습니다.
   1:7>"e:\2026\infra\Shared\Shared.vbproj" 프로젝트의 "C:\Program Files\dotnet\sdk\10.0.200-preview.0.26103.119\Sdks\Microsoft.NET.Sdk\targets\Microsoft.NET.Sdk.BeforeCommon.targets" 파일에 있는 "GenerateNETCompatibleDefineConstants" 대상("AddImplicitDefineConstants" 대상이 종속됨):
   1:7>"Shared.vbproj" 프로젝트에 "GenerateNETCompatibleDefineConstants" 대상을 빌드했습니다.
   1:7>"e:\2026\infra\Shared\Shared.vbproj" 프로젝트의 "C:\Program Files\dotnet\sdk\10.0.200-preview.0.26103.119\Sdks\Microsoft.NET.Sdk\targets\Microsoft.NET.Sdk.BeforeCommon.targets" 파일에 있는 "AddImplicitDefineConstants" 대상("CoreBuild" 대상이 종속됨):
       C:\Program Files\dotnet\sdk\10.0.200-preview.0.26103.119\Sdks\Microsoft.NET.Sdk\targets\Microsoft.NET.Sdk.BeforeCommon.targets(296,7): message : 속성 재할당: $(FinalDefineConstants)=C:\Program Files\dotnet\sdk\10.0.200-preview.0.26103.119\Sdks\Microsoft.NET.Sdk\targets\Microsoft.NET.Sdk.BeforeCommon.targets (296,7)의 "CONFIG="Debug",DEBUG=-1,TRACE=-1,PLATFORM="AnyCPU",NETFRAMEWORK=-1,NET481=-1,NET20_OR_GREATER=-1,NET30_OR_GREATER=-1,NET35_OR_GREATER=-1,NET40_OR_GREATER=-1,NET45_OR_GREATER=-1,NET451_OR_GREATER=-1,NET452_OR_GREATER=-1,NET46_OR_GREATER=-1,NET461_OR_GREATER=-1,NET462_OR_GREATER=-1,NET47_OR_GREATER=-1,NET471_OR_GREATER=-1,NET472_OR_GREATER=-1,NET48_OR_GREATER=-1,NET481_OR_GREATER=-1"(이전 값: "CONFIG="Debug",DEBUG=-1,TRACE=-1,PLATFORM="AnyCPU"") [e:\2026\infra\Shared\Shared.vbproj]
   1:7>"Shared.vbproj" 프로젝트에 "AddImplicitDefineConstants" 대상을 빌드했습니다.
   1:7>"e:\2026\infra\Shared\Shared.vbproj" 프로젝트의 "C:\Program Files\dotnet\sdk\10.0.200-preview.0.26103.119\Microsoft.Common.CurrentVersion.targets" 파일에 있는 "BeforeResolveReferences" 대상("ResolveReferences" 대상이 종속됨):
   1:7>"Shared.vbproj" 프로젝트에 "BeforeResolveReferences" 대상을 빌드했습니다.
   1:7>"e:\2026\infra\Shared\Shared.vbproj" 프로젝트의 "C:\Program Files\dotnet\sdk\10.0.200-preview.0.26103.119\Microsoft.Common.CurrentVersion.targets" 파일에 있는 "IgnoreJavaScriptOutputAssembly" 대상("AssignProjectConfiguration" 대상이 종속됨):
   1:7>"Shared.vbproj" 프로젝트에 "IgnoreJavaScriptOutputAssembly" 대상을 빌드했습니다.
   1:7>"e:\2026\infra\Shared\Shared.vbproj" 프로젝트의 "C:\Program Files\dotnet\sdk\10.0.200-preview.0.26103.119\Sdks\Microsoft.NET.Sdk\targets\Microsoft.NET.Sdk.Shared.targets" 파일에 있는 "_DefaultMicrosoftNETPlatformLibrary" 대상("ResolvePackageAssets" 대상이 종속됨):
   1:7>"Shared.vbproj" 프로젝트에 "_DefaultMicrosoftNETPlatformLibrary" 대상을 빌드했습니다.
   1:7>"e:\2026\infra\Shared\Shared.vbproj" 프로젝트의 "C:\Program Files\dotnet\sdk\10.0.200-preview.0.26103.119\Sdks\Microsoft.NET.Sdk\targets\Microsoft.NET.Sdk.Shared.targets" 파일에 있는 "_ComputePackageReferencePublish" 대상("ResolvePackageAssets" 대상이 종속됨):
   1:7>"Shared.vbproj" 프로젝트에 "_ComputePackageReferencePublish" 대상을 빌드했습니다.
   1:7>"e:\2026\infra\Shared\Shared.vbproj" 프로젝트의 "C:\Program Files\dotnet\sdk\10.0.200-preview.0.26103.119\Sdks\Microsoft.NET.Sdk\targets\Microsoft.PackageDependencyResolution.targets" 파일에 있는 "ResolvePackageAssets" 대상("ResolveLockFileReferences" 대상이 종속됨):
       "C:\Program Files\dotnet\sdk\10.0.200-preview.0.26103.119\Sdks\Microsoft.NET.Sdk\targets\..\tools\net10.0\Microsoft.NET.Build.Tasks.dll" 어셈블리에서 "ResolvePackageAssets" 작업을 사용합니다.
       "ResolvePackageAssets" 작업
       "ResolvePackageAssets" 작업을 실행했습니다.
   1:7>"Shared.vbproj" 프로젝트에 "ResolvePackageAssets" 대상을 빌드했습니다.
   1:7>"e:\2026\infra\Shared\Shared.vbproj" 프로젝트의 "C:\Program Files\dotnet\sdk\10.0.200-preview.0.26103.119\Sdks\Microsoft.NET.Sdk\targets\Microsoft.PackageDependencyResolution.targets" 파일에 있는 "ResolveLockFileReferences" 대상("ResolvePackageDependenciesForBuild" 대상이 종속됨):
       "C:\Program Files\dotnet\sdk\10.0.200-preview.0.26103.119\Sdks\Microsoft.NET.Sdk\targets\..\tools\net10.0\Microsoft.NET.Build.Tasks.dll" 어셈블리에서 "JoinItems" 작업을 사용합니다.
       "JoinItems" 작업
       "JoinItems" 작업을 실행했습니다.
   1:7>"Shared.vbproj" 프로젝트에 "ResolveLockFileReferences" 대상을 빌드했습니다.
       "ResolvePackageAssets" 대상을 건너뜁니다. 이전에 빌드되었습니다.
   1:7>"e:\2026\infra\Shared\Shared.vbproj" 프로젝트의 "C:\Program Files\dotnet\sdk\10.0.200-preview.0.26103.119\Sdks\Microsoft.NET.Sdk\targets\Microsoft.PackageDependencyResolution.targets" 파일에 있는 "ResolveLockFileAnalyzers" 대상("ResolvePackageDependenciesForBuild" 대상이 종속됨):
   1:7>"Shared.vbproj" 프로젝트에 "ResolveLockFileAnalyzers" 대상을 빌드했습니다.
       "ResolvePackageAssets" 대상을 건너뜁니다. 이전에 빌드되었습니다.
   1:7>"e:\2026\infra\Shared\Shared.vbproj" 프로젝트의 "C:\Program Files\dotnet\sdk\10.0.200-preview.0.26103.119\Sdks\Microsoft.NET.Sdk\targets\Microsoft.PackageDependencyResolution.targets" 파일에 있는 "ResolveLockFileCopyLocalFiles" 대상("ResolvePackageDependenciesForBuild" 대상이 종속됨):
   1:7>"Shared.vbproj" 프로젝트에 "ResolveLockFileCopyLocalFiles" 대상을 빌드했습니다.
       "ResolvePackageAssets" 대상을 건너뜁니다. 이전에 빌드되었습니다.
   1:7>"e:\2026\infra\Shared\Shared.vbproj" 프로젝트의 "C:\Program Files\dotnet\sdk\10.0.200-preview.0.26103.119\Sdks\Microsoft.NET.Sdk\targets\Microsoft.PackageDependencyResolution.targets" 파일에 있는 "IncludeTransitiveProjectReferences" 대상("ResolvePackageDependenciesForBuild" 대상이 종속됨):
   1:7>"Shared.vbproj" 프로젝트에 "IncludeTransitiveProjectReferences" 대상을 빌드했습니다.
   1:7>"e:\2026\infra\Shared\Shared.vbproj" 프로젝트의 "C:\Program Files\dotnet\sdk\10.0.200-preview.0.26103.119\Sdks\Microsoft.NET.Sdk\targets\Microsoft.PackageDependencyResolution.targets" 파일에 있는 "ResolvePackageDependenciesForBuild" 대상("AssignProjectConfiguration" 대상이 종속됨):
   1:7>"Shared.vbproj" 프로젝트에 "ResolvePackageDependenciesForBuild" 대상을 빌드했습니다.
   1:7>"e:\2026\infra\Shared\Shared.vbproj" 프로젝트의 "C:\Program Files\dotnet\sdk\10.0.200-preview.0.26103.119\Microsoft.Common.CurrentVersion.targets" 파일에 있는 "_SplitProjectReferencesByFileExistence" 대상("PrepareProjectReferences" 대상이 종속됨):
   1:7>"Shared.vbproj" 프로젝트에 "_SplitProjectReferencesByFileExistence" 대상을 빌드했습니다.
   1:7>"e:\2026\infra\Shared\Shared.vbproj" 프로젝트의 "C:\Program Files\dotnet\sdk\10.0.200-preview.0.26103.119\Microsoft.Common.CurrentVersion.targets" 파일에 있는 "_AddOutputPathToGlobalPropertiesToRemove" 대상("_GetProjectReferenceTargetFrameworkProperties" 대상이 종속됨):
   1:7>"Shared.vbproj" 프로젝트에 "_AddOutputPathToGlobalPropertiesToRemove" 대상을 빌드했습니다.
   1:7>"e:\2026\infra\Shared\Shared.vbproj" 프로젝트의 "C:\Program Files\dotnet\sdk\10.0.200-preview.0.26103.119\Microsoft.Common.CurrentVersion.targets" 파일에 있는 "_GetProjectReferenceTargetFrameworkProperties" 대상("PrepareProjectReferences" 대상이 종속됨):
       "MSBuild" 작업
       "MSBuild" 작업을 실행했습니다.
       "Microsoft.Build.Tasks.Core, Version=15.1.0.0, Culture=neutral, PublicKeyToken=b03f5f7f11d50a3a" 어셈블리에서 "SetRidAgnosticValueForProjects" 작업을 사용합니다.
       "SetRidAgnosticValueForProjects" 작업
       "SetRidAgnosticValueForProjects" 작업을 실행했습니다.
   1:7>"Shared.vbproj" 프로젝트에 "_GetProjectReferenceTargetFrameworkProperties" 대상을 빌드했습니다.
   1:7>"e:\2026\infra\Shared\Shared.vbproj" 프로젝트의 "C:\Program Files\dotnet\sdk\10.0.200-preview.0.26103.119\Sdks\Microsoft.NET.Sdk\targets\Microsoft.NET.Sdk.targets" 파일에 있는 "_CalculateIsVSTestTestProject" 대상("ValidateExecutableReferences" 대상이 종속됨):
   1:7>"Shared.vbproj" 프로젝트에 "_CalculateIsVSTestTestProject" 대상을 빌드했습니다.
   1:7>"e:\2026\infra\Shared\Shared.vbproj" 프로젝트의 "C:\Program Files\dotnet\sdk\10.0.200-preview.0.26103.119\Sdks\Microsoft.NET.Sdk\targets\Microsoft.NET.Sdk.targets" 파일에 있는 "ValidateExecutableReferences" 대상("PrepareProjectReferences" 대상이 종속됨):
       "C:\Program Files\dotnet\sdk\10.0.200-preview.0.26103.119\Sdks\Microsoft.NET.Sdk\targets\..\tools\net10.0\Microsoft.NET.Build.Tasks.dll" 어셈블리에서 "ValidateExecutableReferences" 작업을 사용합니다.
       "ValidateExecutableReferences" 작업
       "ValidateExecutableReferences" 작업을 실행했습니다.
   1:7>"Shared.vbproj" 프로젝트에 "ValidateExecutableReferences" 대상을 빌드했습니다.
   1:7>"e:\2026\infra\Shared\Shared.vbproj" 프로젝트의 "C:\Program Files\dotnet\sdk\10.0.200-preview.0.26103.119\Microsoft.Common.CurrentVersion.targets" 파일에 있는 "PrepareProjectReferences" 대상("ResolveProjectReferences" 대상이 종속됨):
   1:7>"Shared.vbproj" 프로젝트에 "PrepareProjectReferences" 대상을 빌드했습니다.
   1:7>"e:\2026\infra\Shared\Shared.vbproj" 프로젝트의 "C:\Program Files\dotnet\sdk\10.0.200-preview.0.26103.119\Microsoft.Common.CurrentVersion.targets" 파일에 있는 "ResolveProjectReferences" 대상("ResolveReferences" 대상이 종속됨):
   1:7>"Shared.vbproj" 프로젝트에 "ResolveProjectReferences" 대상을 빌드했습니다.
   1:7>"e:\2026\infra\Shared\Shared.vbproj" 프로젝트의 "C:\Program Files\dotnet\sdk\10.0.200-preview.0.26103.119\Sdks\Microsoft.NET.Sdk\targets\Microsoft.NET.Windows.targets" 파일에 있는 "RemoveManagedWinRTComponentWinMDReferences" 대상("ResolveReferences" 대상이 종속됨):
   1:7>"Shared.vbproj" 프로젝트에 "RemoveManagedWinRTComponentWinMDReferences" 대상을 빌드했습니다.
       "ResolveProjectReferences" 대상을 건너뜁니다. 이전에 빌드되었습니다.
       "GetFrameworkPaths" 대상을 건너뜁니다. 이전에 빌드되었습니다.
       "GetReferenceAssemblyPaths" 대상을 건너뜁니다. 이전에 빌드되었습니다.
       "PrepareForBuild" 대상을 건너뜁니다. 이전에 빌드되었습니다.
   1:7>"e:\2026\infra\Shared\Shared.vbproj" 프로젝트의 "C:\Program Files\dotnet\sdk\10.0.200-preview.0.26103.119\Microsoft.Common.CurrentVersion.targets" 파일에 있는 "ResolveSDKReferences" 대상("ResolveAssemblyReferences" 대상이 종속됨):
   1:7>"Shared.vbproj" 프로젝트에 "ResolveSDKReferences" 대상을 빌드했습니다.
       "ResolveSDKReferences" 대상을 건너뜁니다. 이전에 빌드되었습니다.
   1:7>"e:\2026\infra\Shared\Shared.vbproj" 프로젝트의 "C:\Program Files\dotnet\sdk\10.0.200-preview.0.26103.119\Microsoft.Common.CurrentVersion.targets" 파일에 있는 "ExpandSDKReferences" 대상("ResolveAssemblyReferences" 대상이 종속됨):
   1:7>"Shared.vbproj" 프로젝트에 "ExpandSDKReferences" 대상을 빌드했습니다.
       "ResolvePackageDependenciesForBuild" 대상을 건너뜁니다. 이전에 빌드되었습니다.
       "GetFrameworkPaths" 대상을 건너뜁니다. 이전에 빌드되었습니다.
       "GetReferenceAssemblyPaths" 대상을 건너뜁니다. 이전에 빌드되었습니다.
   1:7>"e:\2026\infra\Shared\Shared.vbproj" 프로젝트의 "C:\Program Files\dotnet\sdk\10.0.200-preview.0.26103.119\Microsoft\Microsoft.NET.Build.Extensions\Microsoft.NET.Build.Extensions.NETFramework.targets" 파일에 있는 "ImplicitlyExpandNETStandardFacades" 대상("_HandlePackageFileConflicts" 대상이 종속됨):
   1:7>"Shared.vbproj" 프로젝트에 "ImplicitlyExpandNETStandardFacades" 대상을 빌드했습니다.
   1:7>"e:\2026\infra\Shared\Shared.vbproj" 프로젝트의 "C:\Program Files\dotnet\sdk\10.0.200-preview.0.26103.119\Sdks\Microsoft.NET.Sdk\targets\Microsoft.NET.ConflictResolution.targets" 파일에 있는 "_HandlePackageFileConflicts" 대상("ResolveAssemblyReferences" 대상이 종속됨):
       "C:\Program Files\dotnet\sdk\10.0.200-preview.0.26103.119\Sdks\Microsoft.NET.Sdk\targets\..\tools\net10.0\Microsoft.NET.Build.Tasks.dll" 어셈블리에서 "ResolvePackageFileConflicts" 작업을 사용합니다.
       "ResolvePackageFileConflicts" 작업
       "ResolvePackageFileConflicts" 작업을 실행했습니다.
   1:7>"Shared.vbproj" 프로젝트에 "_HandlePackageFileConflicts" 대상을 빌드했습니다.
       "ImplicitlyExpandNETStandardFacades" 대상을 건너뜁니다. 이전에 빌드되었습니다.
   1:7>"e:\2026\infra\Shared\Shared.vbproj" 프로젝트의 "C:\Program Files\dotnet\sdk\10.0.200-preview.0.26103.119\Microsoft.Common.CurrentVersion.targets" 파일에 있는 "ResolveAssemblyReferences" 대상("ResolveReferences" 대상이 종속됨):
       "Microsoft.Build.Tasks.Core, Version=15.1.0.0, Culture=neutral, PublicKeyToken=b03f5f7f11d50a3a" 어셈블리에서 "ResolveAssemblyReference" 작업을 사용합니다.
       "ResolveAssemblyReference" 작업
         TargetFrameworkMoniker:
             .NETFramework,Version=v4.8.1
         TargetFrameworkMonikerDisplayName:
             .NET Framework 4.8.1
         TargetedRuntimeVersion:
             v
         Assemblies:
             System
             System.Data
             System.Drawing
             System.Xml
             System.Core
             System.Runtime.Serialization
             System.Xml.Linq
             System.Numerics
             System.IO.Compression.FileSystem
         AssemblyFiles:
             C:\Program Files (x86)\Reference Assemblies\Microsoft\Framework\.NETFramework\v4.8.1\System.dll
         CandidateAssemblyFiles:
         TargetFrameworkDirectories:
             C:\Program Files (x86)\Reference Assemblies\Microsoft\Framework\.NETFramework\v4.8.1\,C:\Program Files (x86)\Reference Assemblies\Microsoft\Framework\.NETFramework\v4.8.1\Facades\
         NonCultureResourceDirectories:
             
         InstalledAssemblyTables:
         IgnoreInstalledAssemblyTable:
             False
         SearchPaths:
             {CandidateAssemblyFiles}
             {HintPathFromItem}
             {TargetFrameworkDirectory}
             {RawFileName}
         AllowedAssemblyExtensions:
             .winmd
             .dll
             .exe
         AllowedRelatedFileExtensions:
             .pdb
             .xml
             .pri
             .dll.config
             .exe.config
         AppConfigFile:
             
         AutoUnify:
             True
         EnableCustomCulture:
             False
         EnableCustomCulture:
             False
         CopyLocalDependenciesWhenParentReferenceInGac:
             True
         FindDependencies:
             True
         TargetProcessorArchitecture:
             msil
         StateFile:
             obj\Debug\net481\Shared.vbproj.AssemblyReference.cache
         InstalledAssemblySubsetTables:
         IgnoreInstalledAssemblySubsetTable:
             False
         TargetFrameworkSubsets:
         FullTargetFrameworkSubsetNames:
             Full
         ProfileName:
             
         FullFrameworkFolders:
             C:\Program Files (x86)\Reference Assemblies\Microsoft\Framework\.NETFramework\v4.8.1\
         LatestTargetFrameworkDirectories:
         ProfileTablesLocation:
         기본 참조 "System, Version=4.0.0.0, Culture=neutral, PublicKeyToken=b77a5c561934e089"입니다.
             확인된 파일 경로는 "C:\Program Files (x86)\Reference Assemblies\Microsoft\Framework\.NETFramework\v4.8.1\System.dll"입니다.
             검색 경로 위치 "{TargetFrameworkDirectory}"에서 참조를 찾았습니다.
                 SearchPath "{TargetFrameworkDirectory}"에 사용됩니다.
                 "C:\Program Files (x86)\Reference Assemblies\Microsoft\Framework\.NETFramework\v4.8.1\System.winmd"(으)로 간주했지만 존재하지 않습니다.
             이 참조는 필수 파일이므로 "CopyLocal"이 아닙니다.
         기본 참조 "System.Data, Version=4.0.0.0, Culture=neutral, PublicKeyToken=b77a5c561934e089"입니다.
             확인된 파일 경로는 "C:\Program Files (x86)\Reference Assemblies\Microsoft\Framework\.NETFramework\v4.8.1\System.Data.dll"입니다.
             검색 경로 위치 "{TargetFrameworkDirectory}"에서 참조를 찾았습니다.
                 SearchPath "{TargetFrameworkDirectory}"에 사용됩니다.
                 "C:\Program Files (x86)\Reference Assemblies\Microsoft\Framework\.NETFramework\v4.8.1\System.Data.winmd"(으)로 간주했지만 존재하지 않습니다.
             이 참조는 필수 파일이므로 "CopyLocal"이 아닙니다.
         기본 참조 "System.Drawing, Version=4.0.0.0, Culture=neutral, PublicKeyToken=b03f5f7f11d50a3a"입니다.
             확인된 파일 경로는 "C:\Program Files (x86)\Reference Assemblies\Microsoft\Framework\.NETFramework\v4.8.1\System.Drawing.dll"입니다.
             검색 경로 위치 "{TargetFrameworkDirectory}"에서 참조를 찾았습니다.
                 SearchPath "{TargetFrameworkDirectory}"에 사용됩니다.
                 "C:\Program Files (x86)\Reference Assemblies\Microsoft\Framework\.NETFramework\v4.8.1\System.Drawing.winmd"(으)로 간주했지만 존재하지 않습니다.
             이 참조는 필수 파일이므로 "CopyLocal"이 아닙니다.
         기본 참조 "System.Xml, Version=4.0.0.0, Culture=neutral, PublicKeyToken=b77a5c561934e089"입니다.
             확인된 파일 경로는 "C:\Program Files (x86)\Reference Assemblies\Microsoft\Framework\.NETFramework\v4.8.1\System.Xml.dll"입니다.
             검색 경로 위치 "{TargetFrameworkDirectory}"에서 참조를 찾았습니다.
                 SearchPath "{TargetFrameworkDirectory}"에 사용됩니다.
                 "C:\Program Files (x86)\Reference Assemblies\Microsoft\Framework\.NETFramework\v4.8.1\System.Xml.winmd"(으)로 간주했지만 존재하지 않습니다.
             이 참조는 필수 파일이므로 "CopyLocal"이 아닙니다.
         기본 참조 "System.Core, Version=4.0.0.0, Culture=neutral, PublicKeyToken=b77a5c561934e089"입니다.
             확인된 파일 경로는 "C:\Program Files (x86)\Reference Assemblies\Microsoft\Framework\.NETFramework\v4.8.1\System.Core.dll"입니다.
             검색 경로 위치 "{TargetFrameworkDirectory}"에서 참조를 찾았습니다.
                 SearchPath "{TargetFrameworkDirectory}"에 사용됩니다.
                 "C:\Program Files (x86)\Reference Assemblies\Microsoft\Framework\.NETFramework\v4.8.1\System.Core.winmd"(으)로 간주했지만 존재하지 않습니다.
             이 참조는 필수 파일이므로 "CopyLocal"이 아닙니다.
         기본 참조 "System.Runtime.Serialization, Version=4.0.0.0, Culture=neutral, PublicKeyToken=b77a5c561934e089"입니다.
             확인된 파일 경로는 "C:\Program Files (x86)\Reference Assemblies\Microsoft\Framework\.NETFramework\v4.8.1\System.Runtime.Serialization.dll"입니다.
             검색 경로 위치 "{TargetFrameworkDirectory}"에서 참조를 찾았습니다.
                 SearchPath "{TargetFrameworkDirectory}"에 사용됩니다.
                 "C:\Program Files (x86)\Reference Assemblies\Microsoft\Framework\.NETFramework\v4.8.1\System.Runtime.Serialization.winmd"(으)로 간주했지만 존재하지 않습니다.
             이 참조는 필수 파일이므로 "CopyLocal"이 아닙니다.
         기본 참조 "System.Xml.Linq, Version=4.0.0.0, Culture=neutral, PublicKeyToken=b77a5c561934e089"입니다.
             확인된 파일 경로는 "C:\Program Files (x86)\Reference Assemblies\Microsoft\Framework\.NETFramework\v4.8.1\System.Xml.Linq.dll"입니다.
             검색 경로 위치 "{TargetFrameworkDirectory}"에서 참조를 찾았습니다.
                 SearchPath "{TargetFrameworkDirectory}"에 사용됩니다.
                 "C:\Program Files (x86)\Reference Assemblies\Microsoft\Framework\.NETFramework\v4.8.1\System.Xml.Linq.winmd"(으)로 간주했지만 존재하지 않습니다.
             이 참조는 필수 파일이므로 "CopyLocal"이 아닙니다.
         기본 참조 "System.Numerics, Version=4.0.0.0, Culture=neutral, PublicKeyToken=b77a5c561934e089"입니다.
             확인된 파일 경로는 "C:\Program Files (x86)\Reference Assemblies\Microsoft\Framework\.NETFramework\v4.8.1\System.Numerics.dll"입니다.
             검색 경로 위치 "{TargetFrameworkDirectory}"에서 참조를 찾았습니다.
                 SearchPath "{TargetFrameworkDirectory}"에 사용됩니다.
                 "C:\Program Files (x86)\Reference Assemblies\Microsoft\Framework\.NETFramework\v4.8.1\System.Numerics.winmd"(으)로 간주했지만 존재하지 않습니다.
             이 참조는 필수 파일이므로 "CopyLocal"이 아닙니다.
         기본 참조 "System.IO.Compression.FileSystem, Version=4.0.0.0, Culture=neutral, PublicKeyToken=b77a5c561934e089"입니다.
             확인된 파일 경로는 "C:\Program Files (x86)\Reference Assemblies\Microsoft\Framework\.NETFramework\v4.8.1\System.IO.Compression.FileSystem.dll"입니다.
             검색 경로 위치 "{TargetFrameworkDirectory}"에서 참조를 찾았습니다.
                 SearchPath "{TargetFrameworkDirectory}"에 사용됩니다.
                 "C:\Program Files (x86)\Reference Assemblies\Microsoft\Framework\.NETFramework\v4.8.1\System.IO.Compression.FileSystem.winmd"(으)로 간주했지만 존재하지 않습니다.
             이 참조는 필수 파일이므로 "CopyLocal"이 아닙니다.
       "ResolveAssemblyReference" 작업을 실행했습니다.
   1:7>"Shared.vbproj" 프로젝트에 "ResolveAssemblyReferences" 대상을 빌드했습니다.
       "ResolveAssemblyReferences" 대상을 건너뜁니다. 이전에 빌드되었습니다.
   1:7>"e:\2026\infra\Shared\Shared.vbproj" 프로젝트의 "C:\Program Files\dotnet\sdk\10.0.200-preview.0.26103.119\Microsoft\Microsoft.NET.Build.Extensions\Microsoft.NET.Build.Extensions.NETFramework.targets" 파일에 있는 "_RemoveZipFileSuggestedRedirect" 대상("GenerateBindingRedirects" 대상이 종속됨):
   1:7>"Shared.vbproj" 프로젝트에 "_RemoveZipFileSuggestedRedirect" 대상을 빌드했습니다.
   1:7>"e:\2026\infra\Shared\Shared.vbproj" 프로젝트의 "C:\Program Files\dotnet\sdk\10.0.200-preview.0.26103.119\Microsoft.Common.CurrentVersion.targets" 파일에 있는 "AfterResolveReferences" 대상("ResolveReferences" 대상이 종속됨):
   1:7>"Shared.vbproj" 프로젝트에 "AfterResolveReferences" 대상을 빌드했습니다.
       "GetReferenceAssemblyPaths" 대상을 건너뜁니다. 이전에 빌드되었습니다.
   1:7>"e:\2026\infra\Shared\Shared.vbproj" 프로젝트의 "C:\Program Files\dotnet\sdk\10.0.200-preview.0.26103.119\Microsoft.NETFramework.CurrentVersion.targets" 파일에 있는 "ImplicitlyExpandDesignTimeFacades" 대상("ResolveReferences" 대상이 종속됨):
   1:7>"Shared.vbproj" 프로젝트에 "ImplicitlyExpandDesignTimeFacades" 대상을 빌드했습니다.
   1:7>"e:\2026\infra\Shared\Shared.vbproj" 프로젝트의 "C:\Program Files\dotnet\sdk\10.0.200-preview.0.26103.119\Microsoft.Common.CurrentVersion.targets" 파일에 있는 "ResolveReferences" 대상("CoreBuild" 대상이 종속됨):
   1:7>"Shared.vbproj" 프로젝트에 "ResolveReferences" 대상을 빌드했습니다.
       "ResolvePackageDependenciesForBuild" 대상을 건너뜁니다. 이전에 빌드되었습니다.
       "_HandlePackageFileConflicts" 대상을 건너뜁니다. 이전에 빌드되었습니다.
   1:7>"e:\2026\infra\Shared\Shared.vbproj" 프로젝트의 "C:\Program Files\dotnet\sdk\10.0.200-preview.0.26103.119\Roslyn\Microsoft.Managed.Core.targets" 파일에 있는 "CopyAdditionalFiles" 대상("AssignTargetPaths" 대상이 종속됨):
   1:7>"Shared.vbproj" 프로젝트에 "CopyAdditionalFiles" 대상을 빌드했습니다.
   1:7>"e:\2026\infra\Shared\Shared.vbproj" 프로젝트의 "C:\Program Files\dotnet\sdk\10.0.200-preview.0.26103.119\Microsoft.Common.CurrentVersion.targets" 파일에 있는 "AssignTargetPaths" 대상("PrepareResourceNames" 대상이 종속됨):
       "Microsoft.Build.Tasks.Core, Version=15.1.0.0, Culture=neutral, PublicKeyToken=b03f5f7f11d50a3a" 어셈블리에서 "AssignTargetPath" 작업을 사용합니다.
       "AssignTargetPath" 작업
       "AssignTargetPath" 작업을 실행했습니다.
       "AssignTargetPath" 작업
       "AssignTargetPath" 작업을 실행했습니다.
       "AssignTargetPath" 작업
       "AssignTargetPath" 작업을 실행했습니다.
       "AssignTargetPath" 작업
       "AssignTargetPath" 작업을 실행했습니다.
   1:7>"Shared.vbproj" 프로젝트에 "AssignTargetPaths" 대상을 빌드했습니다.
   1:7>"e:\2026\infra\Shared\Shared.vbproj" 프로젝트의 "C:\Program Files\dotnet\sdk\10.0.200-preview.0.26103.119\Sdks\Microsoft.NET.Sdk\targets\Microsoft.NET.Publish.targets" 파일에 있는 "_IncludeContentItemsWithOnlyPublishMetadata" 대상("PrepareResourceNames" 대상이 종속됨):
   1:7>"Shared.vbproj" 프로젝트에 "_IncludeContentItemsWithOnlyPublishMetadata" 대상을 빌드했습니다.
       "AssignTargetPaths" 대상을 건너뜁니다. 이전에 빌드되었습니다.
   1:7>"e:\2026\infra\Shared\Shared.vbproj" 프로젝트의 "C:\Program Files\dotnet\sdk\10.0.200-preview.0.26103.119\Microsoft.Common.CurrentVersion.targets" 파일에 있는 "SplitResourcesByCulture" 대상("PrepareResourceNames" 대상이 종속됨):
       "Microsoft.Build.Tasks.Core, Version=15.1.0.0, Culture=neutral, PublicKeyToken=b03f5f7f11d50a3a" 어셈블리에서 "AssignCulture" 작업을 사용합니다.
       "AssignCulture" 작업
       "AssignCulture" 작업을 실행했습니다.
   1:7>"Shared.vbproj" 프로젝트에 "SplitResourcesByCulture" 대상을 빌드했습니다.
   1:7>"e:\2026\infra\Shared\Shared.vbproj" 프로젝트의 "C:\Program Files\dotnet\sdk\10.0.200-preview.0.26103.119\Microsoft.Common.CurrentVersion.targets" 파일에 있는 "CreateCustomManifestResourceNames" 대상("PrepareResourceNames" 대상이 종속됨):
   1:7>"Shared.vbproj" 프로젝트에 "CreateCustomManifestResourceNames" 대상을 빌드했습니다.
   1:7>"e:\2026\infra\Shared\Shared.vbproj" 프로젝트의 "C:\Program Files\dotnet\sdk\10.0.200-preview.0.26103.119\Microsoft.Common.CurrentVersion.targets" 파일에 있는 "PrepareResourceNames" 대상("PrepareResources" 대상이 종속됨):
   1:7>"Shared.vbproj" 프로젝트에 "PrepareResourceNames" 대상을 빌드했습니다.
       "ResolveAssemblyReferences" 대상을 건너뜁니다. 이전에 빌드되었습니다.
       "SplitResourcesByCulture" 대상을 건너뜁니다. 이전에 빌드되었습니다.
   1:7>"e:\2026\infra\Shared\Shared.vbproj" 프로젝트의 "C:\Program Files\dotnet\sdk\10.0.200-preview.0.26103.119\Microsoft.Common.CurrentVersion.targets" 파일에 있는 "BeforeResGen" 대상("ResGen" 대상이 종속됨):
   1:7>"Shared.vbproj" 프로젝트에 "BeforeResGen" 대상을 빌드했습니다.
       "ResolveReferences" 대상을 건너뜁니다. 이전에 빌드되었습니다.
   1:7>"e:\2026\infra\Shared\Shared.vbproj" 프로젝트의 "C:\Program Files\dotnet\sdk\10.0.200-preview.0.26103.119\Microsoft.Common.CurrentVersion.targets" 파일에 있는 "FindReferenceAssembliesForReferences" 대상("CoreResGen" 대상이 종속됨):
   1:7>"Shared.vbproj" 프로젝트에 "FindReferenceAssembliesForReferences" 대상을 빌드했습니다.
   1:7>"e:\2026\infra\Shared\Shared.vbproj" 프로젝트의 "C:\Program Files\dotnet\sdk\10.0.200-preview.0.26103.119\Microsoft.Common.CurrentVersion.targets" 파일에 있는 "CoreResGen" 대상("ResGen" 대상이 종속됨):
   1:7>"Shared.vbproj" 프로젝트에 "CoreResGen" 대상을 빌드했습니다.
   1:7>"e:\2026\infra\Shared\Shared.vbproj" 프로젝트의 "C:\Program Files\dotnet\sdk\10.0.200-preview.0.26103.119\Microsoft.Common.CurrentVersion.targets" 파일에 있는 "AfterResGen" 대상("ResGen" 대상이 종속됨):
   1:7>"Shared.vbproj" 프로젝트에 "AfterResGen" 대상을 빌드했습니다.
   1:7>"e:\2026\infra\Shared\Shared.vbproj" 프로젝트의 "C:\Program Files\dotnet\sdk\10.0.200-preview.0.26103.119\Microsoft.Common.CurrentVersion.targets" 파일에 있는 "ResGen" 대상("PrepareResources" 대상이 종속됨):
   1:7>"Shared.vbproj" 프로젝트에 "ResGen" 대상을 빌드했습니다.
   1:7>"e:\2026\infra\Shared\Shared.vbproj" 프로젝트의 "C:\Program Files\dotnet\sdk\10.0.200-preview.0.26103.119\Microsoft.Common.CurrentVersion.targets" 파일에 있는 "PrepareResources" 대상("CoreBuild" 대상이 종속됨):
   1:7>"Shared.vbproj" 프로젝트에 "PrepareResources" 대상을 빌드했습니다.
       "ResolveReferences" 대상을 건너뜁니다. 이전에 빌드되었습니다.
   1:7>"e:\2026\infra\Shared\Shared.vbproj" 프로젝트의 "C:\Program Files\dotnet\sdk\10.0.200-preview.0.26103.119\Microsoft.Common.CurrentVersion.targets" 파일에 있는 "_SetEmbeddedWin32ManifestProperties" 대상("SetWin32ManifestProperties" 대상이 종속됨):
       "Microsoft.Build.Tasks.Core, Version=15.1.0.0, Culture=neutral, PublicKeyToken=b03f5f7f11d50a3a" 어셈블리에서 "GetFrameworkPath" 작업을 사용합니다.
       "GetFrameworkPath" 작업
       "GetFrameworkPath" 작업을 실행했습니다.
   1:7>"Shared.vbproj" 프로젝트에 "_SetEmbeddedWin32ManifestProperties" 대상을 빌드했습니다.
   1:7>"e:\2026\infra\Shared\Shared.vbproj" 프로젝트의 "C:\Program Files\dotnet\sdk\10.0.200-preview.0.26103.119\Microsoft.Common.CurrentVersion.targets" 파일에 있는 "SetWin32ManifestProperties" 대상("Compile" 대상이 종속됨):
   1:7>"Shared.vbproj" 프로젝트에 "SetWin32ManifestProperties" 대상을 빌드했습니다.
       "FindReferenceAssembliesForReferences" 대상을 건너뜁니다. 이전에 빌드되었습니다.
   1:7>"e:\2026\infra\Shared\Shared.vbproj" 프로젝트의 "C:\Program Files\dotnet\sdk\10.0.200-preview.0.26103.119\Microsoft.Common.CurrentVersion.targets" 파일에 있는 "_GenerateCompileInputs" 대상("Compile" 대상이 종속됨):
   1:7>"Shared.vbproj" 프로젝트에 "_GenerateCompileInputs" 대상을 빌드했습니다.
       "PrepareForBuild" 대상을 건너뜁니다. 이전에 빌드되었습니다.
   1:7>"e:\2026\infra\Shared\Shared.vbproj" 프로젝트의 "C:\Program Files\dotnet\sdk\10.0.200-preview.0.26103.119\Roslyn\Microsoft.Managed.Core.targets" 파일에 있는 "GenerateMSBuildEditorConfigFileShouldRun" 대상("GenerateMSBuildEditorConfigFile" 대상이 종속됨):
   1:7>"Shared.vbproj" 프로젝트에 "GenerateMSBuildEditorConfigFileShouldRun" 대상을 빌드했습니다.
   1:7>"e:\2026\infra\Shared\Shared.vbproj" 프로젝트의 "C:\Program Files\dotnet\sdk\10.0.200-preview.0.26103.119\Sdks\Microsoft.NET.Sdk\codestyle\vb\build\Microsoft.CodeAnalysis.VisualBasic.CodeStyle.targets" 파일에 있는 "AddGlobalAnalyzerConfigForPackage_MicrosoftCodeAnalysisVisualBasicCodeStyle" 대상("GenerateMSBuildEditorConfigFileCore" 대상이 종속됨):
   1:7>"Shared.vbproj" 프로젝트에 "AddGlobalAnalyzerConfigForPackage_MicrosoftCodeAnalysisVisualBasicCodeStyle" 대상을 빌드했습니다.
   1:7>"e:\2026\infra\Shared\Shared.vbproj" 프로젝트의 "C:\Program Files\dotnet\sdk\10.0.200-preview.0.26103.119\Roslyn\Microsoft.Managed.Core.targets" 파일에 있는 "GenerateMSBuildEditorConfigFileCore" 대상("GenerateMSBuildEditorConfigFile" 대상이 종속됨):
       "GenerateMSBuildEditorConfigFileCore" 대상을 모두 빌드하고 있습니다.
       입력 파일을 지정하지 않았습니다.
       "C:\Program Files\dotnet\sdk\10.0.200-preview.0.26103.119\Sdks\Microsoft.NET.Sdk\targets\..\..\..\Roslyn\Microsoft.Build.Tasks.CodeAnalysis.dll" 어셈블리에서 "GenerateMSBuildEditorConfig" 작업을 사용합니다.
       "GenerateMSBuildEditorConfig" 작업
       "GenerateMSBuildEditorConfig" 작업을 실행했습니다.
   1:7>"Shared.vbproj" 프로젝트에 "GenerateMSBuildEditorConfigFileCore" 대상을 빌드했습니다.
   1:7>"e:\2026\infra\Shared\Shared.vbproj" 프로젝트의 "C:\Program Files\dotnet\sdk\10.0.200-preview.0.26103.119\Roslyn\Microsoft.Managed.Core.targets" 파일에 있는 "GenerateMSBuildEditorConfigFile" 대상("BeforeCompile" 대상이 종속됨):
   1:7>"Shared.vbproj" 프로젝트에 "GenerateMSBuildEditorConfigFile" 대상을 빌드했습니다.
       "PrepareForBuild" 대상을 건너뜁니다. 이전에 빌드되었습니다.
       "GetReferenceAssemblyPaths" 대상을 건너뜁니다. 이전에 빌드되었습니다.
   1:7>"e:\2026\infra\Shared\Shared.vbproj" 프로젝트의 "C:\Program Files\dotnet\sdk\10.0.200-preview.0.26103.119\Microsoft.VisualBasic.CurrentVersion.targets" 파일에 있는 "_SetTargetFrameworkMonikerAttribute" 대상("GenerateTargetFrameworkMonikerAttribute" 대상이 종속됨):
   1:7>"Shared.vbproj" 프로젝트에 "_SetTargetFrameworkMonikerAttribute" 대상을 빌드했습니다.
   1:7>"e:\2026\infra\Shared\Shared.vbproj" 프로젝트의 "C:\Program Files\dotnet\sdk\10.0.200-preview.0.26103.119\Microsoft.Common.CurrentVersion.targets" 파일에 있는 "GenerateTargetFrameworkMonikerAttribute" 대상("BeforeCompile" 대상이 종속됨):
       해당 입력 파일과 비교하여 출력 파일이 모두 최신 파일이므로 "GenerateTargetFrameworkMonikerAttribute" 대상을 건너뜁니다.
       입력 파일: C:\Program Files\dotnet\sdk\10.0.200-preview.0.26103.119\Microsoft.Common.targets
       출력 파일: obj\Debug\net481\.NETFramework,Version=v4.8.1.AssemblyAttributes.vb
   1:7>"Shared.vbproj" 프로젝트에 "GenerateTargetFrameworkMonikerAttribute" 대상을 빌드했습니다.
       "PrepareForBuild" 대상을 건너뜁니다. 이전에 빌드되었습니다.
   1:7>"e:\2026\infra\Shared\Shared.vbproj" 프로젝트의 "C:\Program Files\dotnet\sdk\10.0.200-preview.0.26103.119\Sdks\Microsoft.NET.Sdk\targets\Microsoft.NET.GenerateAssemblyInfo.targets" 파일에 있는 "GetAssemblyVersion" 대상("GetAssemblyAttributes" 대상이 종속됨):
       "C:\Program Files\dotnet\sdk\10.0.200-preview.0.26103.119\Sdks\Microsoft.NET.Sdk\targets\..\tools\net10.0\Microsoft.NET.Build.Tasks.dll" 어셈블리에서 "GetAssemblyVersion" 작업을 사용합니다.
       "GetAssemblyVersion" 작업
       "GetAssemblyVersion" 작업을 실행했습니다.
   1:7>"Shared.vbproj" 프로젝트에 "GetAssemblyVersion" 대상을 빌드했습니다.
   1:7>"e:\2026\infra\Shared\Shared.vbproj" 프로젝트의 "C:\Program Files\dotnet\sdk\10.0.200-preview.0.26103.119\Sdks\Microsoft.Build.Tasks.Git\build\Microsoft.Build.Tasks.Git.targets" 파일에 있는 "InitializeSourceControlInformationFromSourceControlManager" 대상("_InitializeSourceControlInformationFromSourceControlManager" 대상이 종속됨):
       "C:\Program Files\dotnet\sdk\10.0.200-preview.0.26103.119\Sdks\Microsoft.Build.Tasks.Git\build\..\tools\net\Microsoft.Build.Tasks.Git.dll" 어셈블리에서 "Microsoft.Build.Tasks.Git.LocateRepository" 작업을 사용합니다.
       "Microsoft.Build.Tasks.Git.LocateRepository" 작업
       "Microsoft.Build.Tasks.Git.LocateRepository" 작업을 실행했습니다.
   1:7>"Shared.vbproj" 프로젝트에 "InitializeSourceControlInformationFromSourceControlManager" 대상을 빌드했습니다.
   1:7>"e:\2026\infra\Shared\Shared.vbproj" 프로젝트의 "C:\Program Files\dotnet\sdk\10.0.200-preview.0.26103.119\Sdks\Microsoft.SourceLink.Common\build\InitializeSourceControlInformation.targets" 파일에 있는 "_SourceLinkHasSingleProvider" 대상("_InitializeSourceControlInformationFromSourceControlManager" 대상이 종속됨):
       TaskRun 동안 로드된 어셈블리: Microsoft.SourceLink.Common, Version=10.0.14.10419, Culture=neutral, PublicKeyToken=31bf3856ad364e35(위치: C:\Program Files\dotnet\sdk\10.0.200-preview.0.26103.119\Sdks\Microsoft.SourceLink.Common\tools\net\Microsoft.SourceLink.Common.dll, MVID: 3cde55a2-93c5-4297-919f-df45e7a6bfce, AssemblyLoadContext: MSBuild plugin C:\Program Files\dotnet\sdk\10.0.200-preview.0.26103.119\Sdks\Microsoft.SourceLink.Common\tools\net\Microsoft.SourceLink.Common.dll)
       "C:\Program Files\dotnet\sdk\10.0.200-preview.0.26103.119\Sdks\Microsoft.SourceLink.Common\build\..\tools\net\Microsoft.SourceLink.Common.dll" 어셈블리에서 "Microsoft.SourceLink.Common.SourceLinkHasSingleProvider" 작업을 사용합니다.
       "Microsoft.SourceLink.Common.SourceLinkHasSingleProvider" 작업
       "Microsoft.SourceLink.Common.SourceLinkHasSingleProvider" 작업을 실행했습니다.
   1:7>"Shared.vbproj" 프로젝트에 "_SourceLinkHasSingleProvider" 대상을 빌드했습니다.
   1:7>"e:\2026\infra\Shared\Shared.vbproj" 프로젝트의 "C:\Program Files\dotnet\sdk\10.0.200-preview.0.26103.119\Sdks\Microsoft.SourceLink.GitHub\build\Microsoft.SourceLink.GitHub.targets" 파일에 있는 "TranslateGitHubUrlsInSourceControlInformation" 대상("_InitializeSourceControlInformationFromSourceControlManager" 대상이 종속됨):
       TaskRun 동안 로드된 어셈블리: Microsoft.SourceLink.GitHub, Version=10.0.14.10419, Culture=neutral, PublicKeyToken=31bf3856ad364e35(위치: C:\Program Files\dotnet\sdk\10.0.200-preview.0.26103.119\Sdks\Microsoft.SourceLink.GitHub\tools\net\Microsoft.SourceLink.GitHub.dll, MVID: 0e8fac37-4b81-4a38-b9f7-6242550bbb84, AssemblyLoadContext: MSBuild plugin C:\Program Files\dotnet\sdk\10.0.200-preview.0.26103.119\Sdks\Microsoft.SourceLink.GitHub\tools\net\Microsoft.SourceLink.GitHub.dll)
       "C:\Program Files\dotnet\sdk\10.0.200-preview.0.26103.119\Sdks\Microsoft.SourceLink.GitHub\build\..\tools\net\Microsoft.SourceLink.GitHub.dll" 어셈블리에서 "Microsoft.SourceLink.GitHub.TranslateRepositoryUrls" 작업을 사용합니다.
       "Microsoft.SourceLink.GitHub.TranslateRepositoryUrls" 작업
       "Microsoft.SourceLink.GitHub.TranslateRepositoryUrls" 작업을 실행했습니다.
   1:7>"Shared.vbproj" 프로젝트에 "TranslateGitHubUrlsInSourceControlInformation" 대상을 빌드했습니다.
   1:7>"e:\2026\infra\Shared\Shared.vbproj" 프로젝트의 "C:\Program Files\dotnet\sdk\10.0.200-preview.0.26103.119\Sdks\Microsoft.SourceLink.GitLab\build\Microsoft.SourceLink.GitLab.targets" 파일에 있는 "TranslateGitLabUrlsInSourceControlInformation" 대상("_InitializeSourceControlInformationFromSourceControlManager" 대상이 종속됨):
       TaskRun 동안 로드된 어셈블리: Microsoft.SourceLink.GitLab, Version=10.0.14.10419, Culture=neutral, PublicKeyToken=31bf3856ad364e35(위치: C:\Program Files\dotnet\sdk\10.0.200-preview.0.26103.119\Sdks\Microsoft.SourceLink.GitLab\tools\net\Microsoft.SourceLink.GitLab.dll, MVID: d278929d-d481-456f-aeb8-4844c3dea367, AssemblyLoadContext: MSBuild plugin C:\Program Files\dotnet\sdk\10.0.200-preview.0.26103.119\Sdks\Microsoft.SourceLink.GitLab\tools\net\Microsoft.SourceLink.GitLab.dll)
       "C:\Program Files\dotnet\sdk\10.0.200-preview.0.26103.119\Sdks\Microsoft.SourceLink.GitLab\build\..\tools\net\Microsoft.SourceLink.GitLab.dll" 어셈블리에서 "Microsoft.SourceLink.GitLab.TranslateRepositoryUrls" 작업을 사용합니다.
       "Microsoft.SourceLink.GitLab.TranslateRepositoryUrls" 작업
       "Microsoft.SourceLink.GitLab.TranslateRepositoryUrls" 작업을 실행했습니다.
   1:7>"Shared.vbproj" 프로젝트에 "TranslateGitLabUrlsInSourceControlInformation" 대상을 빌드했습니다.
   1:7>"e:\2026\infra\Shared\Shared.vbproj" 프로젝트의 "C:\Program Files\dotnet\sdk\10.0.200-preview.0.26103.119\Sdks\Microsoft.SourceLink.AzureRepos.Git\build\Microsoft.SourceLink.AzureRepos.Git.targets" 파일에 있는 "TranslateAzureReposGitUrlsInSourceControlInformation" 대상("_InitializeSourceControlInformationFromSourceControlManager" 대상이 종속됨):
       TaskRun 동안 로드된 어셈블리: Microsoft.SourceLink.AzureRepos.Git, Version=10.0.14.10419, Culture=neutral, PublicKeyToken=31bf3856ad364e35(위치: C:\Program Files\dotnet\sdk\10.0.200-preview.0.26103.119\Sdks\Microsoft.SourceLink.AzureRepos.Git\tools\net\Microsoft.SourceLink.AzureRepos.Git.dll, MVID: c0219f6d-20ab-48ad-90b7-ec1d640599c8, AssemblyLoadContext: MSBuild plugin C:\Program Files\dotnet\sdk\10.0.200-preview.0.26103.119\Sdks\Microsoft.SourceLink.AzureRepos.Git\tools\net\Microsoft.SourceLink.AzureRepos.Git.dll)
       "C:\Program Files\dotnet\sdk\10.0.200-preview.0.26103.119\Sdks\Microsoft.SourceLink.AzureRepos.Git\build\..\tools\net\Microsoft.SourceLink.AzureRepos.Git.dll" 어셈블리에서 "Microsoft.SourceLink.AzureRepos.Git.TranslateRepositoryUrls" 작업을 사용합니다.
       "Microsoft.SourceLink.AzureRepos.Git.TranslateRepositoryUrls" 작업
       "Microsoft.SourceLink.AzureRepos.Git.TranslateRepositoryUrls" 작업을 실행했습니다.
   1:7>"Shared.vbproj" 프로젝트에 "TranslateAzureReposGitUrlsInSourceControlInformation" 대상을 빌드했습니다.
   1:7>"e:\2026\infra\Shared\Shared.vbproj" 프로젝트의 "C:\Program Files\dotnet\sdk\10.0.200-preview.0.26103.119\Sdks\Microsoft.SourceLink.Bitbucket.Git\build\Microsoft.SourceLink.Bitbucket.Git.targets" 파일에 있는 "TranslateBitbucketGitUrlsInSourceControlInformation" 대상("_InitializeSourceControlInformationFromSourceControlManager" 대상이 종속됨):
       TaskRun 동안 로드된 어셈블리: Microsoft.SourceLink.Bitbucket.Git, Version=10.0.14.10419, Culture=neutral, PublicKeyToken=31bf3856ad364e35(위치: C:\Program Files\dotnet\sdk\10.0.200-preview.0.26103.119\Sdks\Microsoft.SourceLink.Bitbucket.Git\tools\net\Microsoft.SourceLink.Bitbucket.Git.dll, MVID: 8bd647bd-1de5-445d-9db3-6fa3e7d72858, AssemblyLoadContext: MSBuild plugin C:\Program Files\dotnet\sdk\10.0.200-preview.0.26103.119\Sdks\Microsoft.SourceLink.Bitbucket.Git\tools\net\Microsoft.SourceLink.Bitbucket.Git.dll)
       "C:\Program Files\dotnet\sdk\10.0.200-preview.0.26103.119\Sdks\Microsoft.SourceLink.Bitbucket.Git\build\..\tools\net\Microsoft.SourceLink.Bitbucket.Git.dll" 어셈블리에서 "Microsoft.SourceLink.Bitbucket.Git.TranslateRepositoryUrls" 작업을 사용합니다.
       "Microsoft.SourceLink.Bitbucket.Git.TranslateRepositoryUrls" 작업
       "Microsoft.SourceLink.Bitbucket.Git.TranslateRepositoryUrls" 작업을 실행했습니다.
   1:7>"Shared.vbproj" 프로젝트에 "TranslateBitbucketGitUrlsInSourceControlInformation" 대상을 빌드했습니다.
   1:7>"e:\2026\infra\Shared\Shared.vbproj" 프로젝트의 "C:\Program Files\dotnet\sdk\10.0.200-preview.0.26103.119\Sdks\Microsoft.SourceLink.Common\build\InitializeSourceControlInformation.targets" 파일에 있는 "SourceControlManagerPublishTranslatedUrls" 대상("_InitializeSourceControlInformationFromSourceControlManager" 대상이 종속됨):
   1:7>"Shared.vbproj" 프로젝트에 "SourceControlManagerPublishTranslatedUrls" 대상을 빌드했습니다.
   1:7>"e:\2026\infra\Shared\Shared.vbproj" 프로젝트의 "C:\Program Files\dotnet\sdk\10.0.200-preview.0.26103.119\Sdks\Microsoft.SourceLink.Common\build\InitializeSourceControlInformation.targets" 파일에 있는 "_InitializeSourceControlInformationFromSourceControlManager" 대상("InitializeSourceControlInformation" 대상이 종속됨):
   1:7>"Shared.vbproj" 프로젝트에 "_InitializeSourceControlInformationFromSourceControlManager" 대상을 빌드했습니다.
   1:7>"e:\2026\infra\Shared\Shared.vbproj" 프로젝트의 "C:\Program Files\dotnet\sdk\10.0.200-preview.0.26103.119\Microsoft.Common.CurrentVersion.targets" 파일에 있는 "InitializeSourceControlInformation" 대상("GetAssemblyAttributes" 대상이 종속됨):
   1:7>"Shared.vbproj" 프로젝트에 "InitializeSourceControlInformation" 대상을 빌드했습니다.
       "GetAssemblyVersion" 대상을 건너뜁니다. 이전에 빌드되었습니다.
       "InitializeSourceControlInformation" 대상을 건너뜁니다. 이전에 빌드되었습니다.
   1:7>"e:\2026\infra\Shared\Shared.vbproj" 프로젝트의 "C:\Program Files\dotnet\sdk\10.0.200-preview.0.26103.119\Sdks\Microsoft.NET.Sdk\targets\Microsoft.NET.GenerateAssemblyInfo.targets" 파일에 있는 "AddSourceRevisionToInformationalVersion" 대상("GetAssemblyAttributes" 대상이 종속됨):
   1:7>"Shared.vbproj" 프로젝트에 "AddSourceRevisionToInformationalVersion" 대상을 빌드했습니다.
   1:7>"e:\2026\infra\Shared\Shared.vbproj" 프로젝트의 "C:\Program Files\dotnet\sdk\10.0.200-preview.0.26103.119\Sdks\Microsoft.NET.Sdk\targets\Microsoft.NET.GenerateAssemblyInfo.targets" 파일에 있는 "GetAssemblyAttributes" 대상("CreateGeneratedAssemblyInfoInputsCacheFile" 대상이 종속됨):
   1:7>"Shared.vbproj" 프로젝트에 "GetAssemblyAttributes" 대상을 빌드했습니다.
   1:7>"e:\2026\infra\Shared\Shared.vbproj" 프로젝트의 "C:\Program Files\dotnet\sdk\10.0.200-preview.0.26103.119\Sdks\Microsoft.NET.Sdk\targets\Microsoft.NET.GenerateAssemblyInfo.targets" 파일에 있는 "CreateGeneratedAssemblyInfoInputsCacheFile" 대상("CoreGenerateAssemblyInfo" 대상이 종속됨):
       "Microsoft.Build.Tasks.Core, Version=15.1.0.0, Culture=neutral, PublicKeyToken=b03f5f7f11d50a3a" 어셈블리에서 "Hash" 작업을 사용합니다.
       "Hash" 작업
       "Hash" 작업을 실행했습니다.
       "Microsoft.Build.Tasks.Core, Version=15.1.0.0, Culture=neutral, PublicKeyToken=b03f5f7f11d50a3a" 어셈블리에서 "WriteLinesToFile" 작업을 사용합니다.
       "WriteLinesToFile" 작업
         콘텐츠가 변경되지 않아 "e:\2026\infra\Shared\obj\Debug\net481\Shared.AssemblyInfoInputs.cache" 파일에 쓰기를 건너뜁니다.
       "WriteLinesToFile" 작업을 실행했습니다.
   1:7>"Shared.vbproj" 프로젝트에 "CreateGeneratedAssemblyInfoInputsCacheFile" 대상을 빌드했습니다.
   1:7>"e:\2026\infra\Shared\Shared.vbproj" 프로젝트의 "C:\Program Files\dotnet\sdk\10.0.200-preview.0.26103.119\Sdks\Microsoft.NET.Sdk\targets\Microsoft.NET.GenerateAssemblyInfo.targets" 파일에 있는 "CoreGenerateAssemblyInfo" 대상("GenerateAssemblyInfo" 대상이 종속됨):
       해당 입력 파일과 비교하여 출력 파일이 모두 최신 파일이므로 "CoreGenerateAssemblyInfo" 대상을 건너뜁니다.
       입력 파일: obj\Debug\net481\Shared.AssemblyInfoInputs.cache
       출력 파일: obj\Debug\net481\Shared.AssemblyInfo.vb
   1:7>"Shared.vbproj" 프로젝트에 "CoreGenerateAssemblyInfo" 대상을 빌드했습니다.
   1:7>"e:\2026\infra\Shared\Shared.vbproj" 프로젝트의 "C:\Program Files\dotnet\sdk\10.0.200-preview.0.26103.119\Sdks\Microsoft.NET.Sdk\targets\Microsoft.NET.GenerateAssemblyInfo.targets" 파일에 있는 "GenerateAssemblyInfo" 대상("BeforeCompile" 대상이 종속됨):
   1:7>"Shared.vbproj" 프로젝트에 "GenerateAssemblyInfo" 대상을 빌드했습니다.
   1:7>"e:\2026\infra\Shared\Shared.vbproj" 프로젝트의 "C:\Program Files\dotnet\sdk\10.0.200-preview.0.26103.119\Microsoft.Common.CurrentVersion.targets" 파일에 있는 "BeforeCompile" 대상("Compile" 대상이 종속됨):
   1:7>"Shared.vbproj" 프로젝트에 "BeforeCompile" 대상을 빌드했습니다.
       "ResolveAssemblyReferences" 대상을 건너뜁니다. 이전에 빌드되었습니다.
       "_GenerateCompileInputs" 대상을 건너뜁니다. 이전에 빌드되었습니다.
   1:7>"e:\2026\infra\Shared\Shared.vbproj" 프로젝트의 "C:\Program Files\dotnet\sdk\10.0.200-preview.0.26103.119\Microsoft.Common.CurrentVersion.targets" 파일에 있는 "_GenerateCompileDependencyCache" 대상("Compile" 대상이 종속됨):
       "Hash" 작업
       "Hash" 작업을 실행했습니다.
       "WriteLinesToFile" 작업
         콘텐츠가 변경되지 않아 "e:\2026\infra\Shared\obj\Debug\net481\Shared.vbproj.CoreCompileInputs.cache" 파일에 쓰기를 건너뜁니다.
       "WriteLinesToFile" 작업을 실행했습니다.
   1:7>"Shared.vbproj" 프로젝트에 "_GenerateCompileDependencyCache" 대상을 빌드했습니다.
   1:7>"e:\2026\infra\Shared\Shared.vbproj" 프로젝트의 "C:\Program Files\dotnet\sdk\10.0.200-preview.0.26103.119\Roslyn\Microsoft.Managed.Core.targets" 파일에 있는 "_BeforeVBCSCoreCompile" 대상("CoreCompile" 대상이 종속됨):
   1:7>"Shared.vbproj" 프로젝트에 "_BeforeVBCSCoreCompile" 대상을 빌드했습니다.
   1:7>"e:\2026\infra\Shared\Shared.vbproj" 프로젝트의 "C:\Program Files\dotnet\sdk\10.0.200-preview.0.26103.119\Roslyn\Microsoft.Managed.Core.targets" 파일에 있는 "_ComputeSkipAnalyzers" 대상("CoreCompile" 대상이 종속됨):
   1:7>"Shared.vbproj" 프로젝트에 "_ComputeSkipAnalyzers" 대상을 빌드했습니다.
       "InitializeSourceControlInformation" 대상을 건너뜁니다. 이전에 빌드되었습니다.
   1:7>"e:\2026\infra\Shared\Shared.vbproj" 프로젝트의 "C:\Program Files\dotnet\sdk\10.0.200-preview.0.26103.119\Sdks\Microsoft.SourceLink.Common\build\Microsoft.SourceLink.Common.targets" 파일에 있는 "_SetSourceLinkFilePath" 대상("_GenerateSourceLinkFile" 대상이 종속됨):
   1:7>"Shared.vbproj" 프로젝트에 "_SetSourceLinkFilePath" 대상을 빌드했습니다.
       "InitializeSourceControlInformation" 대상을 건너뜁니다. 이전에 빌드되었습니다.
   1:7>"e:\2026\infra\Shared\Shared.vbproj" 프로젝트의 "C:\Program Files\dotnet\sdk\10.0.200-preview.0.26103.119\Roslyn\Microsoft.Managed.Core.targets" 파일에 있는 "_InitializeSourceRootMappedPathsFromSourceControl" 대상("InitializeSourceRootMappedPaths" 대상이 종속됨):
   1:7>"Shared.vbproj" 프로젝트에 "_InitializeSourceRootMappedPathsFromSourceControl" 대상을 빌드했습니다.
   1:7>"e:\2026\infra\Shared\Shared.vbproj" 프로젝트의 "C:\Program Files\dotnet\sdk\10.0.200-preview.0.26103.119\Roslyn\Microsoft.Managed.Core.targets" 파일에 있는 "InitializeSourceRootMappedPaths" 대상("_InitializeSourceRootMappedPathsOpt" 대상이 종속됨):
       "C:\Program Files\dotnet\sdk\10.0.200-preview.0.26103.119\Sdks\Microsoft.NET.Sdk\targets\..\..\..\Roslyn\Microsoft.Build.Tasks.CodeAnalysis.dll" 어셈블리에서 "Microsoft.CodeAnalysis.BuildTasks.MapSourceRoots" 작업을 사용합니다.
       "Microsoft.CodeAnalysis.BuildTasks.MapSourceRoots" 작업
       "Microsoft.CodeAnalysis.BuildTasks.MapSourceRoots" 작업을 실행했습니다.
   1:7>"Shared.vbproj" 프로젝트에 "InitializeSourceRootMappedPaths" 대상을 빌드했습니다.
   1:7>"e:\2026\infra\Shared\Shared.vbproj" 프로젝트의 "C:\Program Files\dotnet\sdk\10.0.200-preview.0.26103.119\Sdks\Microsoft.SourceLink.Common\build\Microsoft.SourceLink.Common.targets" 파일에 있는 "_InitializeSourceRootMappedPathsOpt" 대상("_GenerateSourceLinkFile" 대상이 종속됨):
   1:7>"Shared.vbproj" 프로젝트에 "_InitializeSourceRootMappedPathsOpt" 대상을 빌드했습니다.
   1:7>"e:\2026\infra\Shared\Shared.vbproj" 프로젝트의 "C:\Program Files\dotnet\sdk\10.0.200-preview.0.26103.119\Sdks\Microsoft.SourceLink.GitHub\build\Microsoft.SourceLink.GitHub.targets" 파일에 있는 "_InitializeGitHubSourceLinkUrl" 대상("_GenerateSourceLinkFile" 대상이 종속됨):
       "_InitializeGitHubSourceLinkUrl" 대상을 모두 빌드하고 있습니다.
       입력 파일을 지정하지 않았습니다.
       "C:\Program Files\dotnet\sdk\10.0.200-preview.0.26103.119\Sdks\Microsoft.SourceLink.GitHub\build\..\tools\net\Microsoft.SourceLink.GitHub.dll" 어셈블리에서 "Microsoft.SourceLink.GitHub.GetSourceLinkUrl" 작업을 사용합니다.
       "Microsoft.SourceLink.GitHub.GetSourceLinkUrl" 작업
       "Microsoft.SourceLink.GitHub.GetSourceLinkUrl" 작업을 실행했습니다.
   1:7>"Shared.vbproj" 프로젝트에 "_InitializeGitHubSourceLinkUrl" 대상을 빌드했습니다.
   1:7>"e:\2026\infra\Shared\Shared.vbproj" 프로젝트의 "C:\Program Files\dotnet\sdk\10.0.200-preview.0.26103.119\Sdks\Microsoft.SourceLink.GitHub\build\Microsoft.SourceLink.GitHub.targets" 파일에 있는 "_InitializeGitHubSourceLinkUrl" 대상("_GenerateSourceLinkFile" 대상이 종속됨):
       "_InitializeGitHubSourceLinkUrl" 대상을 모두 빌드하고 있습니다.
       입력 파일을 지정하지 않았습니다.
       "Microsoft.SourceLink.GitHub.GetSourceLinkUrl" 작업
       "Microsoft.SourceLink.GitHub.GetSourceLinkUrl" 작업을 실행했습니다.
   1:7>"Shared.vbproj" 프로젝트에 "_InitializeGitHubSourceLinkUrl" 대상을 빌드했습니다.
   1:7>"e:\2026\infra\Shared\Shared.vbproj" 프로젝트의 "C:\Program Files\dotnet\sdk\10.0.200-preview.0.26103.119\Sdks\Microsoft.SourceLink.GitLab\build\Microsoft.SourceLink.GitLab.targets" 파일에 있는 "_InitializeGitLabSourceLinkUrl" 대상("_GenerateSourceLinkFile" 대상이 종속됨):
       "_InitializeGitLabSourceLinkUrl" 대상을 모두 빌드하고 있습니다.
       입력 파일을 지정하지 않았습니다.
       "C:\Program Files\dotnet\sdk\10.0.200-preview.0.26103.119\Sdks\Microsoft.SourceLink.GitLab\build\..\tools\net\Microsoft.SourceLink.GitLab.dll" 어셈블리에서 "Microsoft.SourceLink.GitLab.GetSourceLinkUrl" 작업을 사용합니다.
       "Microsoft.SourceLink.GitLab.GetSourceLinkUrl" 작업
       "Microsoft.SourceLink.GitLab.GetSourceLinkUrl" 작업을 실행했습니다.
   1:7>"Shared.vbproj" 프로젝트에 "_InitializeGitLabSourceLinkUrl" 대상을 빌드했습니다.
   1:7>"e:\2026\infra\Shared\Shared.vbproj" 프로젝트의 "C:\Program Files\dotnet\sdk\10.0.200-preview.0.26103.119\Sdks\Microsoft.SourceLink.GitLab\build\Microsoft.SourceLink.GitLab.targets" 파일에 있는 "_InitializeGitLabSourceLinkUrl" 대상("_GenerateSourceLinkFile" 대상이 종속됨):
       "_InitializeGitLabSourceLinkUrl" 대상을 모두 빌드하고 있습니다.
       입력 파일을 지정하지 않았습니다.
       "Microsoft.SourceLink.GitLab.GetSourceLinkUrl" 작업
       "Microsoft.SourceLink.GitLab.GetSourceLinkUrl" 작업을 실행했습니다.
   1:7>"Shared.vbproj" 프로젝트에 "_InitializeGitLabSourceLinkUrl" 대상을 빌드했습니다.
   1:7>"e:\2026\infra\Shared\Shared.vbproj" 프로젝트의 "C:\Program Files\dotnet\sdk\10.0.200-preview.0.26103.119\Sdks\Microsoft.SourceLink.AzureRepos.Git\build\Microsoft.SourceLink.AzureRepos.Git.targets" 파일에 있는 "_InitializeAzureReposGitSourceLinkUrl" 대상("_GenerateSourceLinkFile" 대상이 종속됨):
       "_InitializeAzureReposGitSourceLinkUrl" 대상을 모두 빌드하고 있습니다.
       입력 파일을 지정하지 않았습니다.
       "C:\Program Files\dotnet\sdk\10.0.200-preview.0.26103.119\Sdks\Microsoft.SourceLink.AzureRepos.Git\build\..\tools\net\Microsoft.SourceLink.AzureRepos.Git.dll" 어셈블리에서 "Microsoft.SourceLink.AzureRepos.Git.GetSourceLinkUrl" 작업을 사용합니다.
       "Microsoft.SourceLink.AzureRepos.Git.GetSourceLinkUrl" 작업
       "Microsoft.SourceLink.AzureRepos.Git.GetSourceLinkUrl" 작업을 실행했습니다.
   1:7>"Shared.vbproj" 프로젝트에 "_InitializeAzureReposGitSourceLinkUrl" 대상을 빌드했습니다.
   1:7>"e:\2026\infra\Shared\Shared.vbproj" 프로젝트의 "C:\Program Files\dotnet\sdk\10.0.200-preview.0.26103.119\Sdks\Microsoft.SourceLink.AzureRepos.Git\build\Microsoft.SourceLink.AzureRepos.Git.targets" 파일에 있는 "_InitializeAzureReposGitSourceLinkUrl" 대상("_GenerateSourceLinkFile" 대상이 종속됨):
       "_InitializeAzureReposGitSourceLinkUrl" 대상을 모두 빌드하고 있습니다.
       입력 파일을 지정하지 않았습니다.
       "Microsoft.SourceLink.AzureRepos.Git.GetSourceLinkUrl" 작업
       "Microsoft.SourceLink.AzureRepos.Git.GetSourceLinkUrl" 작업을 실행했습니다.
   1:7>"Shared.vbproj" 프로젝트에 "_InitializeAzureReposGitSourceLinkUrl" 대상을 빌드했습니다.
   1:7>"e:\2026\infra\Shared\Shared.vbproj" 프로젝트의 "C:\Program Files\dotnet\sdk\10.0.200-preview.0.26103.119\Sdks\Microsoft.SourceLink.Bitbucket.Git\build\Microsoft.SourceLink.Bitbucket.Git.targets" 파일에 있는 "_InitializeBitbucketGitSourceLinkUrl" 대상("_GenerateSourceLinkFile" 대상이 종속됨):
       "_InitializeBitbucketGitSourceLinkUrl" 대상을 모두 빌드하고 있습니다.
       입력 파일을 지정하지 않았습니다.
       "C:\Program Files\dotnet\sdk\10.0.200-preview.0.26103.119\Sdks\Microsoft.SourceLink.Bitbucket.Git\build\..\tools\net\Microsoft.SourceLink.Bitbucket.Git.dll" 어셈블리에서 "Microsoft.SourceLink.Bitbucket.Git.GetSourceLinkUrl" 작업을 사용합니다.
       "Microsoft.SourceLink.Bitbucket.Git.GetSourceLinkUrl" 작업
       "Microsoft.SourceLink.Bitbucket.Git.GetSourceLinkUrl" 작업을 실행했습니다.
   1:7>"Shared.vbproj" 프로젝트에 "_InitializeBitbucketGitSourceLinkUrl" 대상을 빌드했습니다.
   1:7>"e:\2026\infra\Shared\Shared.vbproj" 프로젝트의 "C:\Program Files\dotnet\sdk\10.0.200-preview.0.26103.119\Sdks\Microsoft.SourceLink.Bitbucket.Git\build\Microsoft.SourceLink.Bitbucket.Git.targets" 파일에 있는 "_InitializeBitbucketGitSourceLinkUrl" 대상("_GenerateSourceLinkFile" 대상이 종속됨):
       "_InitializeBitbucketGitSourceLinkUrl" 대상을 모두 빌드하고 있습니다.
       입력 파일을 지정하지 않았습니다.
       "Microsoft.SourceLink.Bitbucket.Git.GetSourceLinkUrl" 작업
       "Microsoft.SourceLink.Bitbucket.Git.GetSourceLinkUrl" 작업을 실행했습니다.
   1:7>"Shared.vbproj" 프로젝트에 "_InitializeBitbucketGitSourceLinkUrl" 대상을 빌드했습니다.
   1:7>"e:\2026\infra\Shared\Shared.vbproj" 프로젝트의 "C:\Program Files\dotnet\sdk\10.0.200-preview.0.26103.119\Sdks\Microsoft.SourceLink.Common\build\Microsoft.SourceLink.Common.targets" 파일에 있는 "_GenerateSourceLinkFile" 대상("GenerateSourceLinkFile" 대상이 종속됨):
       "_GenerateSourceLinkFile" 대상을 모두 빌드하고 있습니다.
       입력 파일을 지정하지 않았습니다.
       "C:\Program Files\dotnet\sdk\10.0.200-preview.0.26103.119\Sdks\Microsoft.SourceLink.Common\build\..\tools\net\Microsoft.SourceLink.Common.dll" 어셈블리에서 "Microsoft.SourceLink.Common.GenerateSourceLinkFile" 작업을 사용합니다.
       "Microsoft.SourceLink.Common.GenerateSourceLinkFile" 작업
         TaskRun (Microsoft.SourceLink.Common.GenerateSourceLinkFile) 동안 로드된 어셈블리: Microsoft.SourceLink.Common.resources, Version=10.0.14.10419, Culture=ko, PublicKeyToken=31bf3856ad364e35(위치: C:\Program Files\dotnet\sdk\10.0.200-preview.0.26103.119\Sdks\Microsoft.SourceLink.Common\tools\net\ko\Microsoft.SourceLink.Common.resources.dll, MVID: e3852cd5-d55b-4d09-94f9-561c49119c51, AssemblyLoadContext: MSBuild plugin C:\Program Files\dotnet\sdk\10.0.200-preview.0.26103.119\Sdks\Microsoft.SourceLink.Common\tools\net\Microsoft.SourceLink.Common.dll)
         Source Link가 비어 있습니다. 파일 'obj\Debug\net481\Shared.sourcelink.json'이(가) 없습니다.
       "Microsoft.SourceLink.Common.GenerateSourceLinkFile" 작업을 실행했습니다.
   1:7>"Shared.vbproj" 프로젝트에 "_GenerateSourceLinkFile" 대상을 빌드했습니다.
   1:7>"e:\2026\infra\Shared\Shared.vbproj" 프로젝트의 "C:\Program Files\dotnet\sdk\10.0.200-preview.0.26103.119\Sdks\Microsoft.SourceLink.Common\build\Microsoft.SourceLink.Common.targets" 파일에 있는 "GenerateSourceLinkFile" 대상("CoreCompile" 대상이 종속됨):
   1:7>"Shared.vbproj" 프로젝트에 "GenerateSourceLinkFile" 대상을 빌드했습니다.
   1:7>"e:\2026\infra\Shared\Shared.vbproj" 프로젝트의 "C:\Program Files\dotnet\sdk\10.0.200-preview.0.26103.119\Roslyn\Microsoft.VisualBasic.Core.targets" 파일에 있는 "CoreCompile" 대상("Compile" 대상이 종속됨):
       "CoreCompile" 대상을 모두 빌드하고 있습니다.
       입력 파일 "obj\Debug\net481\Shared.GeneratedMSBuildEditorConfig.editorconfig"이(가) 출력 파일 "obj\Debug\net481\Shared.pdb"보다 최신 파일입니다.
       "C:\Program Files\dotnet\sdk\10.0.200-preview.0.26103.119\Sdks\Microsoft.NET.Sdk\targets\..\..\..\Roslyn\Microsoft.Build.Tasks.CodeAnalysis.dll" 어셈블리에서 "Vbc" 작업을 사용합니다.
       "Vbc" 작업
         Setting DOTNET_ROOT to 'C:\Program Files\dotnet'
         TaskRun (Microsoft.CodeAnalysis.BuildTasks.Vbc) 동안 로드된 어셈블리: Microsoft.Build.Utilities.Core.resources, Version=15.1.0.0, Culture=ko, PublicKeyToken=b03f5f7f11d50a3a(위치: C:\Program Files\dotnet\sdk\10.0.200-preview.0.26103.119\ko\Microsoft.Build.Utilities.Core.resources.dll, MVID: a8710728-9b41-4f01-857c-358350bf3453, AssemblyLoadContext: Default)
         도구로 전달된 환경 변수:
           DOTNET_ROOT=C:\Program Files\dotnet
         C:\Program Files\dotnet\sdk\10.0.200-preview.0.26103.119\Roslyn\bincore\vbc.exe /noconfig /imports:Microsoft.VisualBasic,System,System.Collections,System.Collections.Generic,System.Data,System.Diagnostics,System.Linq,System.Xml.Linq,System.Threading.Tasks /optioncompare:Binary /optionexplicit+ /optionstrict:custom /nowarn:41999,42016,42017,42018,42019,42020,42021,42022,42032,42036 /optioninfer+ /nostdlib /errorreport:prompt /rootnamespace:Shared /sdkpath:"C:\Program Files (x86)\Reference Assemblies\Microsoft\Framework\.NETFramework\v4.8.1" /highentropyva+ /define:"CONFIG=\"Debug\",DEBUG=-1,TRACE=-1,PLATFORM=\"AnyCPU\",NETFRAMEWORK=-1,NET481=-1,NET20_OR_GREATER=-1,NET30_OR_GREATER=-1,NET35_OR_GREATER=-1,NET40_OR_GREATER=-1,NET45_OR_GREATER=-1,NET451_OR_GREATER=-1,NET452_OR_GREATER=-1,NET46_OR_GREATER=-1,NET461_OR_GREATER=-1,NET462_OR_GREATER=-1,NET47_OR_GREATER=-1,NET471_OR_GREATER=-1,NET472_OR_GREATER=-1,NET48_OR_GREATER=-1,NET481_OR_GREATER=-1" /reference:"C:\Program Files (x86)\Reference Assemblies\Microsoft\Framework\.NETFramework\v4.8.1\System.Core.dll","C:\Program Files (x86)\Reference Assemblies\Microsoft\Framework\.NETFramework\v4.8.1\System.Data.dll","C:\Program Files (x86)\Reference Assemblies\Microsoft\Framework\.NETFramework\v4.8.1\System.dll","C:\Program Files (x86)\Reference Assemblies\Microsoft\Framework\.NETFramework\v4.8.1\System.Drawing.dll","C:\Program Files (x86)\Reference Assemblies\Microsoft\Framework\.NETFramework\v4.8.1\System.IO.Compression.FileSystem.dll","C:\Program Files (x86)\Reference Assemblies\Microsoft\Framework\.NETFramework\v4.8.1\System.Numerics.dll","C:\Program Files (x86)\Reference Assemblies\Microsoft\Framework\.NETFramework\v4.8.1\System.Runtime.Serialization.dll","C:\Program Files (x86)\Reference Assemblies\Microsoft\Framework\.NETFramework\v4.8.1\System.Xml.dll","C:\Program Files (x86)\Reference Assemblies\Microsoft\Framework\.NETFramework\v4.8.1\System.Xml.Linq.dll" /debug+ /debug:portable /filealign:512 /optimize- /out:obj\Debug\net481\Shared.dll /subsystemversion:6.00 /target:library /warnaserror- /utf8output /deterministic+ /analyzerconfig:obj\Debug\net481\Shared.GeneratedMSBuildEditorConfig.editorconfig Core\MessageBus.vb Core\Msg.vb Core\SimpleSerializer.vb Core\Topics.vb IpcContracts.vb MarshalHelper.vb Pipe\PipeClient.vb Pipe\PipeServer.vb Util\SharedUtil.vb "obj\Debug\net481\.NETFramework,Version=v4.8.1.AssemblyAttributes.vb" obj\Debug\net481\Shared.AssemblyInfo.vb /warnaserror+:NU1605
         Compilation request Shared (net481), PathToTool=C:\Program Files\dotnet\sdk\10.0.200-preview.0.26103.119\Roslyn\bincore\vbc.exe
         CommandLine = ' /noconfig'
         BuildResponseFile = '/imports:Microsoft.VisualBasic,System,System.Collections,System.Collections.Generic,System.Data,System.Diagnostics,System.Linq,System.Xml.Linq,System.Threading.Tasks /optioncompare:Binary /optionexplicit+ /optionstrict:custom /nowarn:41999,42016,42017,42018,42019,42020,42021,42022,42032,42036 /optioninfer+ /nostdlib /errorreport:prompt /rootnamespace:Shared /sdkpath:"C:\Program Files (x86)\Reference Assemblies\Microsoft\Framework\.NETFramework\v4.8.1" /highentropyva+ /define:"CONFIG=\"Debug\",DEBUG=-1,TRACE=-1,PLATFORM=\"AnyCPU\",NETFRAMEWORK=-1,NET481=-1,NET20_OR_GREATER=-1,NET30_OR_GREATER=-1,NET35_OR_GREATER=-1,NET40_OR_GREATER=-1,NET45_OR_GREATER=-1,NET451_OR_GREATER=-1,NET452_OR_GREATER=-1,NET46_OR_GREATER=-1,NET461_OR_GREATER=-1,NET462_OR_GREATER=-1,NET47_OR_GREATER=-1,NET471_OR_GREATER=-1,NET472_OR_GREATER=-1,NET48_OR_GREATER=-1,NET481_OR_GREATER=-1" /reference:"C:\Program Files (x86)\Reference Assemblies\Microsoft\Framework\.NETFramework\v4.8.1\System.Core.dll","C:\Program Files (x86)\Reference Assemblies\Microsoft\Framework\.NETFramework\v4.8.1\System.Data.dll","C:\Program Files (x86)\Reference Assemblies\Microsoft\Framework\.NETFramework\v4.8.1\System.dll","C:\Program Files (x86)\Reference Assemblies\Microsoft\Framework\.NETFramework\v4.8.1\System.Drawing.dll","C:\Program Files (x86)\Reference Assemblies\Microsoft\Framework\.NETFramework\v4.8.1\System.IO.Compression.FileSystem.dll","C:\Program Files (x86)\Reference Assemblies\Microsoft\Framework\.NETFramework\v4.8.1\System.Numerics.dll","C:\Program Files (x86)\Reference Assemblies\Microsoft\Framework\.NETFramework\v4.8.1\System.Runtime.Serialization.dll","C:\Program Files (x86)\Reference Assemblies\Microsoft\Framework\.NETFramework\v4.8.1\System.Xml.dll","C:\Program Files (x86)\Reference Assemblies\Microsoft\Framework\.NETFramework\v4.8.1\System.Xml.Linq.dll" /debug+ /debug:portable /filealign:512 /optimize- /out:obj\Debug\net481\Shared.dll /subsystemversion:6.00 /target:library /warnaserror- /utf8output /deterministic+ /analyzerconfig:obj\Debug\net481\Shared.GeneratedMSBuildEditorConfig.editorconfig Core\MessageBus.vb Core\Msg.vb Core\SimpleSerializer.vb Core\Topics.vb IpcContracts.vb MarshalHelper.vb Pipe\PipeClient.vb Pipe\PipeServer.vb Util\SharedUtil.vb "obj\Debug\net481\.NETFramework,Version=v4.8.1.AssemblyAttributes.vb" obj\Debug\net481\Shared.AssemblyInfo.vb /warnaserror+:NU1605'
         TaskRun (Microsoft.CodeAnalysis.BuildTasks.Vbc) 동안 로드된 어셈블리: System.IO.Pipes, Version=10.0.0.0, Culture=neutral, PublicKeyToken=b03f5f7f11d50a3a(위치: C:\Program Files\dotnet\shared\Microsoft.NETCore.App\10.0.2\System.IO.Pipes.dll, MVID: 879194cf-a07a-488b-a4ba-fcb665bcea2a, AssemblyLoadContext: Default)
         Attempt to open named pipe 'GRZcYpzPgfeMRC_fuGW+4YLhoVAhG4oYqmaqwxtA5jY'
         Attempt to connect named pipe 'GRZcYpzPgfeMRC_fuGW+4YLhoVAhG4oYqmaqwxtA5jY'
         TaskRun (Microsoft.CodeAnalysis.BuildTasks.Vbc) 동안 로드된 어셈블리: System.Threading.Overlapped, Version=10.0.0.0, Culture=neutral, PublicKeyToken=b03f5f7f11d50a3a(위치: C:\Program Files\dotnet\shared\Microsoft.NETCore.App\10.0.2\System.Threading.Overlapped.dll, MVID: cab44302-4208-432e-8181-7e537a9f3d26, AssemblyLoadContext: Default)
         TaskRun (Microsoft.CodeAnalysis.BuildTasks.Vbc) 동안 로드된 어셈블리: System.Security.AccessControl, Version=10.0.0.0, Culture=neutral, PublicKeyToken=b03f5f7f11d50a3a(위치: C:\Program Files\dotnet\shared\Microsoft.NETCore.App\10.0.2\System.Security.AccessControl.dll, MVID: 02a0c108-9520-40ca-89a5-b6d6d5addac0, AssemblyLoadContext: Default)
         Named pipe 'GRZcYpzPgfeMRC_fuGW+4YLhoVAhG4oYqmaqwxtA5jY' connected
         Begin writing request for Shared (net481)
         End writing request for Shared (net481)
         Begin reading response for Shared (net481)
         End reading response for Shared (net481)
         Microsoft (R) Visual Basic 컴파일러 버전 5.3.0-2.26103.119 (a2bfa4671c2a489b874fb53ff7d5ad54cbd9c80f)
         Copyright (C) Microsoft Corporation. All rights reserved.
         
         
         CompilerServer: server - server processed compilation - Shared (net481)
       "Vbc" 작업을 실행했습니다.
   1:7>"Shared.vbproj" 프로젝트에 "CoreCompile" 대상을 빌드했습니다.
   1:7>"e:\2026\infra\Shared\Shared.vbproj" 프로젝트의 "C:\Program Files\dotnet\sdk\10.0.200-preview.0.26103.119\Microsoft.Common.CurrentVersion.targets" 파일에 있는 "AfterCompile" 대상("Compile" 대상이 종속됨):
   1:7>"Shared.vbproj" 프로젝트에 "AfterCompile" 대상을 빌드했습니다.
   1:7>"e:\2026\infra\Shared\Shared.vbproj" 프로젝트의 "C:\Program Files\dotnet\sdk\10.0.200-preview.0.26103.119\Microsoft.Common.CurrentVersion.targets" 파일에 있는 "Compile" 대상("CoreBuild" 대상이 종속됨):
   1:7>"Shared.vbproj" 프로젝트에 "Compile" 대상을 빌드했습니다.
   1:7>"e:\2026\infra\Shared\Shared.vbproj" 프로젝트의 "C:\Program Files\dotnet\sdk\10.0.200-preview.0.26103.119\Microsoft.Common.CurrentVersion.targets" 파일에 있는 "_GenerateSatelliteAssemblyInputs" 대상("CreateSatelliteAssemblies" 대상이 종속됨):
   1:7>"Shared.vbproj" 프로젝트에 "_GenerateSatelliteAssemblyInputs" 대상을 빌드했습니다.
   1:7>"e:\2026\infra\Shared\Shared.vbproj" 프로젝트의 "C:\Program Files\dotnet\sdk\10.0.200-preview.0.26103.119\Microsoft.Common.CurrentVersion.targets" 파일에 있는 "CreateSatelliteAssemblies" 대상("CoreBuild" 대상이 종속됨):
   1:7>"Shared.vbproj" 프로젝트에 "CreateSatelliteAssemblies" 대상을 빌드했습니다.
   1:7>"e:\2026\infra\Shared\Shared.vbproj" 프로젝트의 "C:\Program Files\dotnet\sdk\10.0.200-preview.0.26103.119\Microsoft.Common.CurrentVersion.targets" 파일에 있는 "GetTargetPathWithTargetPlatformMoniker" 대상("GetTargetPath" 대상이 종속됨):
   1:7>"Shared.vbproj" 프로젝트에 "GetTargetPathWithTargetPlatformMoniker" 대상을 빌드했습니다.
   1:7>"e:\2026\infra\Shared\Shared.vbproj" 프로젝트의 "C:\Program Files\dotnet\sdk\10.0.200-preview.0.26103.119\Microsoft.Common.CurrentVersion.targets" 파일에 있는 "GetTargetPath" 대상("CoreBuild" 대상이 종속됨):
   1:7>"Shared.vbproj" 프로젝트에 "GetTargetPath" 대상을 빌드했습니다.
       "AssignTargetPaths" 대상을 건너뜁니다. 이전에 빌드되었습니다.
       "_SplitProjectReferencesByFileExistence" 대상을 건너뜁니다. 이전에 빌드되었습니다.
       "_GetProjectReferenceTargetFrameworkProperties" 대상을 건너뜁니다. 이전에 빌드되었습니다.
   1:7>"e:\2026\infra\Shared\Shared.vbproj" 프로젝트의 "C:\Program Files\dotnet\sdk\10.0.200-preview.0.26103.119\Microsoft.Common.CurrentVersion.targets" 파일에 있는 "_PopulateCommonStateForGetCopyToOutputDirectoryItems" 대상("GetCopyToOutputDirectoryItems" 대상이 종속됨):
   1:7>"Shared.vbproj" 프로젝트에 "_PopulateCommonStateForGetCopyToOutputDirectoryItems" 대상을 빌드했습니다.
   1:7>"e:\2026\infra\Shared\Shared.vbproj" 프로젝트의 "C:\Program Files\dotnet\sdk\10.0.200-preview.0.26103.119\Microsoft.Common.CurrentVersion.targets" 파일에 있는 "GetCopyToOutputDirectoryItems" 대상("_CopySourceItemsToOutputDirectory" 대상이 종속됨):
       "Microsoft.Build.Tasks.Core, Version=15.1.0.0, Culture=neutral, PublicKeyToken=b03f5f7f11d50a3a" 어셈블리에서 "CallTarget" 작업을 사용합니다.
       "CallTarget" 작업
       "_PopulateCommonStateForGetCopyToOutputDirectoryItems" 대상을 건너뜁니다. 이전에 빌드되었습니다.
       "_AddOutputPathToGlobalPropertiesToRemove" 대상을 건너뜁니다. 이전에 빌드되었습니다.
   1:7>"e:\2026\infra\Shared\Shared.vbproj" 프로젝트의 "C:\Program Files\dotnet\sdk\10.0.200-preview.0.26103.119\Microsoft.Common.CurrentVersion.targets" 파일에 있는 "_GetCopyToOutputDirectoryItemsFromTransitiveProjectReferences" 대상("GetCopyToOutputDirectoryItems" 대상이 종속됨):
       "AssignTargetPath" 작업
       "AssignTargetPath" 작업을 실행했습니다.
   1:7>"Shared.vbproj" 프로젝트에 "_GetCopyToOutputDirectoryItemsFromTransitiveProjectReferences" 대상을 빌드했습니다.
       "CallTarget" 작업을 실행했습니다.
       "CallTarget" 작업
       "AssignTargetPaths" 대상을 건너뜁니다. 이전에 빌드되었습니다.
       "_PopulateCommonStateForGetCopyToOutputDirectoryItems" 대상을 건너뜁니다. 이전에 빌드되었습니다.
   1:7>"e:\2026\infra\Shared\Shared.vbproj" 프로젝트의 "C:\Program Files\dotnet\sdk\10.0.200-preview.0.26103.119\Microsoft.Common.CurrentVersion.targets" 파일에 있는 "_GetCopyToOutputDirectoryItemsFromThisProject" 대상("GetCopyToOutputDirectoryItems" 대상이 종속됨):
       "AssignTargetPath" 작업
       "AssignTargetPath" 작업을 실행했습니다.
   1:7>"Shared.vbproj" 프로젝트에 "_GetCopyToOutputDirectoryItemsFromThisProject" 대상을 빌드했습니다.
       "CallTarget" 작업을 실행했습니다.
   1:7>"Shared.vbproj" 프로젝트에 "GetCopyToOutputDirectoryItems" 대상을 빌드했습니다.
   1:7>"e:\2026\infra\Shared\Shared.vbproj" 프로젝트의 "C:\Program Files\dotnet\sdk\10.0.200-preview.0.26103.119\Microsoft.Common.CurrentVersion.targets" 파일에 있는 "_CopySourceItemsToOutputDirectory" 대상("CopyFilesToOutputDirectory" 대상이 종속됨):
   1:7>"Shared.vbproj" 프로젝트에 "_CopySourceItemsToOutputDirectory" 대상을 빌드했습니다.
   1:7>"e:\2026\infra\Shared\Shared.vbproj" 프로젝트의 "C:\Program Files\dotnet\sdk\10.0.200-preview.0.26103.119\Microsoft.Common.CurrentVersion.targets" 파일에 있는 "_CheckForCompileOutputs" 대상("CopyFilesToOutputDirectory" 대상이 종속됨):
   1:7>"Shared.vbproj" 프로젝트에 "_CheckForCompileOutputs" 대상을 빌드했습니다.
   1:7>"e:\2026\infra\Shared\Shared.vbproj" 프로젝트의 "C:\Program Files\dotnet\sdk\10.0.200-preview.0.26103.119\Microsoft.Common.CurrentVersion.targets" 파일에 있는 "CopyFilesToOutputDirectory" 대상("PrepareForRun" 대상이 종속됨):
       "Microsoft.Build.Tasks.Core, Version=15.1.0.0, Culture=neutral, PublicKeyToken=b03f5f7f11d50a3a" 어셈블리에서 "Copy" 작업을 사용합니다.
       "Copy" 작업
         "e:\2026\infra\Shared\obj\Debug\net481\Shared.dll"에서 "e:\2026\infra\Shared\bin\Debug\net481\Shared.dll"(으)로 파일을 복사하고 있습니다.
       "Copy" 작업을 실행했습니다.
       "Message" 작업
         Shared -> e:\2026\infra\Shared\bin\Debug\net481\Shared.dll
       "Message" 작업을 실행했습니다.
       "Copy" 작업
         "e:\2026\infra\Shared\obj\Debug\net481\Shared.pdb"에서 "e:\2026\infra\Shared\bin\Debug\net481\Shared.pdb"(으)로 파일을 복사하고 있습니다.
       "Copy" 작업을 실행했습니다.
   1:7>"Shared.vbproj" 프로젝트에 "CopyFilesToOutputDirectory" 대상을 빌드했습니다.
   1:7>"e:\2026\infra\Shared\Shared.vbproj" 프로젝트의 "C:\Program Files\dotnet\sdk\10.0.200-preview.0.26103.119\Microsoft.Common.CurrentVersion.targets" 파일에 있는 "PrepareForRun" 대상("CoreBuild" 대상이 종속됨):
   1:7>"Shared.vbproj" 프로젝트에 "PrepareForRun" 대상을 빌드했습니다.
       "_CheckForCompileOutputs" 대상을 건너뜁니다. 이전에 빌드되었습니다.
   1:7>"e:\2026\infra\Shared\Shared.vbproj" 프로젝트의 "C:\Program Files\dotnet\sdk\10.0.200-preview.0.26103.119\Microsoft.Common.CurrentVersion.targets" 파일에 있는 "_CleanGetCurrentAndPriorFileWrites" 대상("IncrementalClean" 대상이 종속됨):
       "Microsoft.Build.Tasks.Core, Version=15.1.0.0, Culture=neutral, PublicKeyToken=b03f5f7f11d50a3a" 어셈블리에서 "ReadLinesFromFile" 작업을 사용합니다.
       "ReadLinesFromFile" 작업
       "ReadLinesFromFile" 작업을 실행했습니다.
       "ConvertToAbsolutePath" 작업
       "ConvertToAbsolutePath" 작업을 실행했습니다.
       "Microsoft.Build.Tasks.Core, Version=15.1.0.0, Culture=neutral, PublicKeyToken=b03f5f7f11d50a3a" 어셈블리에서 "FindUnderPath" 작업을 사용합니다.
       "FindUnderPath" 작업
         비교 경로는 "e:\2026\infra\Shared"입니다.
       "FindUnderPath" 작업을 실행했습니다.
       "FindUnderPath" 작업
         비교 경로는 "bin\Debug\net481\"입니다.
       "FindUnderPath" 작업을 실행했습니다.
       "FindUnderPath" 작업
         비교 경로는 "obj\Debug\net481\"입니다.
       "FindUnderPath" 작업을 실행했습니다.
       "RemoveDuplicates" 작업
       "RemoveDuplicates" 작업을 실행했습니다.
   1:7>"Shared.vbproj" 프로젝트에 "_CleanGetCurrentAndPriorFileWrites" 대상을 빌드했습니다.
   1:7>"e:\2026\infra\Shared\Shared.vbproj" 프로젝트의 "C:\Program Files\dotnet\sdk\10.0.200-preview.0.26103.119\Microsoft.Common.CurrentVersion.targets" 파일에 있는 "IncrementalClean" 대상("CoreBuild" 대상이 종속됨):
       "FindUnderPath" 작업
         비교 경로는 "bin\Debug\net481\"입니다.
       "FindUnderPath" 작업을 실행했습니다.
       "FindUnderPath" 작업
         비교 경로는 "obj\Debug\net481\"입니다.
       "FindUnderPath" 작업을 실행했습니다.
       "Microsoft.Build.Tasks.Core, Version=15.1.0.0, Culture=neutral, PublicKeyToken=b03f5f7f11d50a3a" 어셈블리에서 "Delete" 작업을 사용합니다.
       "Delete" 작업
       "Delete" 작업을 실행했습니다.
       "RemoveDuplicates" 작업
       "RemoveDuplicates" 작업을 실행했습니다.
   1:7>"Shared.vbproj" 프로젝트에 "IncrementalClean" 대상을 빌드했습니다.
   1:7>"e:\2026\infra\Shared\Shared.vbproj" 프로젝트의 "C:\Program Files\dotnet\sdk\10.0.200-preview.0.26103.119\Microsoft.Common.CurrentVersion.targets" 파일에 있는 "CoreBuild" 대상("Build" 대상이 종속됨):
   1:7>"Shared.vbproj" 프로젝트에 "CoreBuild" 대상을 빌드했습니다.
   1:7>"e:\2026\infra\Shared\Shared.vbproj" 프로젝트의 "C:\Program Files\dotnet\sdk\10.0.200-preview.0.26103.119\Microsoft.Common.CurrentVersion.targets" 파일에 있는 "AfterBuild" 대상("Build" 대상이 종속됨):
   1:7>"Shared.vbproj" 프로젝트에 "AfterBuild" 대상을 빌드했습니다.
       "_CheckForInvalidConfigurationAndPlatform" 대상을 건너뜁니다. 이전에 빌드되었습니다.
       "_CheckForInvalidConfigurationAndPlatform" 대상을 건너뜁니다. 이전에 빌드되었습니다.
   1:7>"e:\2026\infra\Shared\Shared.vbproj" 프로젝트의 "C:\Program Files\dotnet\sdk\10.0.200-preview.0.26103.119\Microsoft.Common.CurrentVersion.targets" 파일에 있는 "Build" 대상(진입점):
   1:7>"Shared.vbproj" 프로젝트에 "Build" 대상을 빌드했습니다.
   1:7>"e:\2026\infra\Shared\Shared.vbproj" 프로젝트의 "C:\Program Files\dotnet\sdk\10.0.200-preview.0.26103.119\Containers\build\Microsoft.NET.Build.Containers.targets" 파일에 있는 "_CheckContainersPackage" 대상(진입점):
   1:7>"Shared.vbproj" 프로젝트에 "_CheckContainersPackage" 대상을 빌드했습니다.
   1:7>"e:\2026\infra\Shared\Shared.vbproj" 프로젝트를 빌드했습니다(기본 대상).

빌드했습니다.
    경고 0개
    오류 0개

경과 시간: 00:00:02.73
